ID	A1	BETA_QT	BETA_BT
1:11008:C:G	G	0	0
1:13110:G:A	A	0	0
1:13116:T:G	G	0	0
1:13273:G:C	C	0	0
1:13550:G:A	A	0	0
1:14599:T:A	A	0	0
1:14930:A:G	G	0	0
1:14933:G:A	A	0	0
1:15211:T:G	G	0	0
1:15245:C:T	T	0	0
1:15774:G:A	A	0	0
1:15777:A:G	G	0	0
1:15820:G:T	T	0	0
1:16949:A:C	C	0	0
1:18849:C:G	G	0	0
1:30923:G:T	T	0	0
1:49988:T:A	A	0	0
1:51479:T:A	A	0	0
1:51762:A:G	G	0	0
1:54353:C:A	A	0.70124	0
1:54712:T:C	C	0	0
1:54716:C:T	T	0	0
1:55326:T:C	C	0	0
1:55405:C:T	T	0	0
1:56931:C:A	A	0	0
1:61920:G:A	A	0	0
1:62617:T:G	G	0	0
1:62777:A:T	T	0	0
1:63093:G:A	A	0	0
1:63268:T:C	C	0	0
1:63336:C:T	T	0	0
1:64670:A:G	G	0	0
1:65974:A:G	G	0	0
1:66219:A:T	T	0	0
1:66457:T:A	A	0	0
1:67224:G:A	A	0	0
1:68362:C:T	T	0	0
1:69428:T:G	G	0	0
1:69761:A:T	T	0	0
1:70352:A:T	T	0	0
1:73490:T:C	C	0	0
1:74790:C:G	G	0	0
1:76260:G:T	T	0	0
1:78942:C:G	G	0	0
1:79277:C:A	A	0	0
1:83514:C:T	T	0	0
1:83771:T:G	G	0	0
1:84618:C:T	T	0	0
1:85022:G:A	A	0	0
1:86331:A:G	G	0	0
1:86947:T:C	C	0	0
1:87021:T:C	C	0	0
1:87647:T:C	C	0	0
1:88169:C:T	T	0	-0.055813
1:88338:G:A	A	0	0
1:88598:G:T	T	0	0
1:91190:G:A	A	0	0
1:91421:T:C	C	0	0
1:91515:A:C	C	0	0
1:92633:C:T	T	0	0
1:92858:G:T	T	0	0
1:94476:C:T	T	0	0
1:98325:G:A	A	0	0
1:99671:A:T	T	0	0
1:104186:T:C	C	0	0
1:104281:T:C	C	0	0
1:106027:T:A	A	0	0
1:108869:G:T	T	0	0
1:113913:G:A	A	0	0
1:122872:T:G	G	0	0
1:125271:C:T	T	0	0
1:134133:G:C	C	0	0
1:135163:C:T	T	0	0
1:135265:T:C	C	0	0
1:136113:C:T	T	0	0
1:138593:G:T	T	0	0
1:158006:A:T	T	0	0
1:233473:C:G	G	0	0
1:233556:G:C	C	0	0
1:234408:A:G	G	0	0
1:235920:C:T	T	0	0
1:237505:T:C	C	0	0
1:245382:C:T	T	0	0
1:247792:C:A	A	0	0
1:249276:T:C	C	0	0
1:250191:C:A	A	0	0
1:251663:C:G	G	0	0
1:254186:T:C	C	0	0
1:254283:G:A	A	0	0
1:255633:A:G	G	0	0
1:256498:A:G	G	0	0
1:256586:T:G	G	0	0
1:256692:C:A	A	0	0
1:256807:T:C	C	0	0
1:258137:G:A	A	0	0
1:324822:A:T	T	0	0
1:362907:G:C	C	0	0
1:405010:T:C	C	0	0
1:521578:G:A	A	0	0
1:522224:G:A	A	0	0
1:524177:T:C	C	0	0
1:526692:C:T	T	0	0
1:526736:C:G	G	0	0
1:526832:G:C	C	0	0
1:526840:T:C	C	0	0
1:526889:C:T	T	0	0
1:527207:A:G	G	0	0
1:531294:C:A	A	0	-0.12862
1:533170:G:T	T	0	0
1:533179:A:G	G	0	0
1:533187:C:T	T	0	0
1:533197:A:G	G	0	0
1:533574:C:T	T	0	0
1:534115:T:C	C	0	0
1:534247:C:T	T	0	0
1:534321:G:A	A	0	0
1:535696:G:A	A	0	0
1:536095:C:T	T	0	0
1:536366:T:C	C	0	0
1:540426:T:C	C	0	0
1:540524:C:G	G	0	0
1:541350:T:C	C	0	0
1:546802:G:C	C	0	0
1:559081:G:C	C	0	0
1:559135:T:G	G	0	0
1:559985:C:T	T	0	0
1:562147:T:A	A	0	0
1:564654:G:A	A	0	0
1:564920:T:C	C	0	0
1:565130:G:A	A	0	0
1:565136:T:C	C	0	0
1:565400:C:T	T	0	0
1:565591:C:T	T	0	0
1:565596:G:A	A	0	0
1:565658:T:C	C	0	0
1:565728:C:A	A	0	0
1:565742:A:C	C	0	0
1:565926:A:C	C	0	0
1:565937:T:C	C	0	0
1:566792:T:C	C	0	0
1:567370:A:C	C	0	0
1:567606:A:G	G	0	0
1:567627:A:G	G	1.014982	0
1:567696:C:T	T	0	0
1:567697:G:A	A	0	0
1:567993:T:A	A	0	0
1:568214:C:T	T	0	0
1:568308:G:A	A	0.65915	0
1:568631:C:T	T	0	0
1:569133:G:A	A	0	0
1:569246:G:A	A	0	0
1:569250:G:A	A	0	-1.272304
1:569267:G:A	A	0	0
1:569316:A:G	G	0	0
1:569342:T:C	C	0	0
1:569378:C:T	T	0	0
1:569436:A:G	G	0	0
1:569481:C:T	T	0	0
1:569543:G:A	A	0	0
1:569602:G:A	A	0	0
1:569604:G:A	A	0	0
1:569672:G:A	A	0	0
1:569729:A:G	G	0	0
1:569763:A:C	C	0	0
1:569998:C:T	T	0	0
1:570097:A:G	G	0	0
1:570106:C:T	T	0	0
1:570638:T:C	C	0	0
1:574150:T:A	A	0	0
1:574151:A:T	T	0	0
1:574350:A:C	C	0	0
1:583483:C:A	A	0	0
1:592075:T:C	C	0	0
1:600318:A:G	G	1.092865	0
1:600523:T:C	C	0	0
1:603515:C:A	A	0	0
1:604299:C:G	G	0	0
1:618386:T:C	C	0	0
1:625199:C:T	T	0	0
1:625371:T:C	C	0	0
1:625392:T:C	C	0	0
1:625414:G:A	A	0	0
1:645605:T:A	A	0	0
1:662414:C:T	T	0	0
1:665266:T:C	C	0	0
1:665268:T:C	C	0	-0.040044
1:668374:G:A	A	0	0
1:668998:C:A	A	-1.037519	0
1:669054:C:A	A	0	0
1:669434:A:G	G	0	0
1:670710:A:G	G	0	0
1:672330:G:C	C	0	0
1:672798:G:A	A	0	0
1:673210:A:G	G	0	0
1:676118:C:T	T	0	0
1:676127:C:T	T	0	0
1:691545:A:T	T	0	0
1:700028:A:G	G	0	0
1:701131:A:C	C	0	0
1:704637:G:A	A	0	0
1:704957:G:A	A	0	0
1:705966:A:G	G	0	0
1:706778:G:A	A	0	0
1:706992:C:T	T	0	0
1:707886:G:C	C	0	0
1:709183:A:G	G	0	0
1:710418:G:A	A	0	0
1:710536:C:T	T	0	0
1:713337:G:A	A	0	0
1:713977:C:T	T	0	0
1:714002:C:G	G	0	0
1:715804:T:C	C	0	0
1:716241:T:C	C	0	0
1:718505:G:A	A	0	0
1:720468:G:A	A	0	0
1:721290:G:C	C	0	0
1:721705:A:G	G	0	0
1:722239:A:G	G	0	0
1:722670:T:C	C	0	0
1:723608:G:A	A	0	0
1:723789:G:A	A	0	0
1:724188:A:G	G	0	0
1:724517:G:A	A	0	0
1:724882:T:C	C	0	0
1:725181:C:T	T	0	0
1:725401:C:T	T	0	0
1:725699:A:G	G	0	0
1:726278:G:A	A	0	0
1:726939:G:C	C	0	0
1:727841:G:A	A	0	0
1:731453:G:A	A	0	0
1:732032:A:C	C	0	0
1:732164:T:G	G	0	0
1:732809:T:C	C	0	0
1:732989:C:T	T	0	-0.789283
1:733013:T:C	C	0	0
1:733350:T:G	G	0	0
1:733568:T:G	G	0	0
1:733687:A:G	G	0	0
1:733734:A:C	C	0	0
1:734491:T:C	C	0	0
1:735575:G:A	A	0	0
1:735682:G:C	C	0	0
1:736283:A:T	T	0	0
1:739117:G:A	A	0	0
1:739210:A:G	G	0	0
1:743021:T:C	C	0	0
1:744657:C:T	T	0	0
1:745131:C:T	T	0	0
1:746727:G:A	A	0	0
1:748487:T:C	C	0	0
1:748822:C:T	T	0	0
1:749517:C:T	T	0	0
1:749544:G:A	A	0	0
1:749564:A:C	C	0	0
1:749644:T:C	C	0	0
1:749707:A:G	G	0	0
1:751485:T:A	A	0	0
1:752242:T:A	A	0	0
1:754396:T:C	C	0	0
1:754429:T:G	G	0	0
1:755940:C:T	T	0	0
1:756267:T:G	G	0	0
1:756786:C:A	A	0	0
1:756838:C:G	G	0	0
1:757394:C:T	T	0	0
1:757691:T:C	C	0	0
1:758048:A:G	G	0	0
1:758324:T:C	C	0	0
1:758663:C:T	T	0	0
1:758664:G:T	T	0	0
1:758853:G:A	A	0	0
1:759618:C:T	T	0	0
1:759829:A:G	G	0	0
1:759884:C:A	A	0	0
1:760432:C:G	G	0	0
1:761112:T:C	C	0	0
1:761761:A:G	G	0	0
1:761800:A:T	T	0	0.133656
1:761958:C:T	T	0	0
1:762320:C:T	T	0	0
1:762546:T:G	G	0	0
1:763019:A:C	C	0	0
1:764074:T:C	C	0	0
1:764946:T:C	C	0	0
1:766007:A:C	C	0	0
1:766785:G:A	A	0	0
1:767817:C:T	T	0	0
1:768094:A:G	G	0	0
1:768253:A:C	C	0	0
1:768448:G:A	A	0	0
1:770167:A:G	G	0	0
1:770181:A:G	G	0	-0.868995
1:770807:C:G	G	0	0
1:771521:A:G	G	0	0
1:772006:C:G	G	0	0
1:773106:G:A	A	0	0
1:774036:C:T	T	0	0
1:774047:G:A	A	0	0
1:774179:T:C	C	0	0
1:774736:A:C	C	0	0
1:774760:C:T	T	0	0
1:775125:C:T	T	0	0
1:775501:C:T	T	0	0
1:776112:T:C	C	0	0
1:776546:A:G	G	0	0
1:777232:C:T	T	0	-0.228457
1:777516:C:T	T	0	0
1:780092:G:A	A	0	0
1:780397:C:T	T	0	0
1:780785:T:A	A	0	0
1:780843:A:G	G	0	0
1:781689:G:C	C	0	0
1:781700:G:A	A	0	0
1:781845:A:G	G	0	0
1:782017:A:G	G	0	0
1:782683:C:A	A	0	0
1:783071:C:T	T	0	0
1:783147:C:T	T	0	0
2:10181:A:G	G	0	0
2:10188:C:A	A	0	0
2:10515:G:A	A	0	0
2:10610:G:A	A	0	0
2:10845:G:A	A	0	0
2:11218:C:G	G	0	0
2:11320:G:A	A	0	0
2:11347:C:T	T	0	0
2:11594:G:T	T	0	0
2:11600:A:T	T	0	0
2:11679:A:G	G	0	0
2:11788:C:T	T	0	0
2:12091:A:G	G	0	0
2:13241:T:C	C	0	0
2:13811:T:A	A	0	0
2:15237:T:C	C	0	0
2:15953:G:A	A	0	0
2:15959:A:G	G	0	0
2:16078:T:G	G	0	0
2:16231:G:A	A	0	0
2:17128:T:G	G	0	0
2:17550:A:T	T	0	0
2:17593:C:T	T	0	0
2:19204:G:A	A	0	0
2:19620:G:C	C	0	0
2:19956:T:C	C	0	0
2:20016:C:T	T	0	0
2:21102:C:T	T	1.762816	0
2:23018:G:A	A	0	0
2:23098:A:G	G	0	0
2:23368:C:A	A	0	0
2:23695:A:T	T	0	0
2:23782:G:A	A	0	0
2:26507:T:C	C	0	0
2:26918:T:C	C	0	0
2:28754:G:A	A	0	0
2:28805:T:C	C	0	0
2:29350:G:A	A	0	0
2:30575:A:T	T	0	0
2:30827:G:T	T	0	0
2:31012:G:A	A	0	0
2:31293:G:A	A	0	0
2:31373:G:C	C	0	0
2:31819:A:G	G	0	0
2:34289:C:T	T	0	0
2:36044:G:A	A	0	0
2:36266:G:A	A	0	0
2:37259:C:T	T	0	0
2:37564:G:C	C	0	0
2:38021:C:T	T	0	0
2:38648:T:C	C	0	0
2:38938:A:C	C	0	0
2:39555:C:T	T	0	0
2:40569:T:C	C	0	0
2:41054:C:A	A	-0.816119	0
2:47156:G:A	A	0	0
2:47208:T:G	G	0	0
2:48487:C:T	T	0	0
2:49120:G:A	A	0	0
2:50814:C:T	T	0	0
2:52970:T:C	C	0	0
2:53775:A:T	T	0	0
2:54090:A:G	G	0	0
2:55484:T:C	C	0	0
2:55984:C:T	T	0	0
2:58342:C:G	G	0	0
2:58639:C:T	T	0	0
2:59350:C:A	A	-0.526873	0
2:61183:C:T	T	0	0
2:62002:C:T	T	1.205741	0
2:62293:A:C	C	0	0
2:62652:T:G	G	0	0
2:63890:A:G	G	0	0
2:65972:C:T	T	0	0
2:66442:C:T	T	0	0
2:67351:G:A	A	0	0
2:67591:T:A	A	0	0
2:67780:G:A	A	0	0
2:69078:T:A	A	0	0
2:70074:A:G	G	0	0
2:70187:G:A	A	0	0
2:70847:G:A	A	0	0
2:71631:G:A	A	0	0
2:71695:T:C	C	0	0
2:72221:C:T	T	0	0
2:72735:G:A	A	0	0
2:73635:T:A	A	0	0
2:74517:C:T	T	0	0
2:75154:T:G	G	0	0
2:75947:G:A	A	0	0
2:76417:T:A	A	0	0
2:76449:T:C	C	0	0.412017
2:76530:C:T	T	0	0
2:76532:G:C	C	0	0
2:76552:T:G	G	0	0
2:76639:G:A	A	0	0
2:76690:C:G	G	0	0
2:78077:C:T	T	0	0
2:78833:C:A	A	0	0
2:79965:C:T	T	0	0
2:80233:G:T	T	1.283645	0
2:82277:T:A	A	0	0
2:82865:T:C	C	0	0
2:86338:G:A	A	0	0
2:87179:T:A	A	0	0
2:87348:T:A	A	0	0
2:88148:C:T	T	0	0
2:91076:C:T	T	0	0
2:91081:T:G	G	0	0
2:91315:C:T	T	0	0
2:91526:C:T	T	0	0
2:91578:G:T	T	-1.047748	0
2:91814:G:T	T	0	0
2:92010:A:G	G	0	0
2:92388:A:G	G	0	0
2:92957:T:C	C	0	0
2:94026:G:A	A	0	0
2:94501:T:G	G	0	0
2:96535:C:T	T	0	0
2:99433:A:C	C	0	0
2:99740:A:C	C	0	0
2:99776:C:G	G	0	0
2:101317:T:G	G	0	0
2:101373:C:G	G	0	0
2:101379:G:C	C	0	0
2:101388:A:G	G	0	0
2:101861:T:C	C	0	0
2:103247:G:C	C	0	0
2:104036:T:C	C	0	0
2:105004:G:T	T	0	0
2:105681:T:C	C	0	0
2:105802:G:A	A	-0.815017	0
2:106159:T:A	A	0	0
2:108142:G:C	C	0	0
2:109151:C:T	T	0	0
2:112161:C:T	T	0	0
2:114202:T:C	C	0	0
2:116743:C:T	T	0	0
2:116847:T:C	C	-1.660161	0
2:118446:G:C	C	0	0
2:118770:G:C	C	0	0
2:118923:T:C	C	0	0
2:119771:G:A	A	0	0
2:121428:G:A	A	0	0
2:121595:C:T	T	0	0
2:122557:A:G	G	0	-0.375825
2:123936:A:G	G	0	0
2:124557:G:A	A	0	0
2:124589:T:C	C	0	0
2:125309:C:T	T	0	0
2:125750:A:G	G	0	0
2:126354:G:C	C	-0.296008	0
2:126467:G:A	A	0	0.927262
2:126493:G:T	T	0	0
2:126554:A:G	G	0	0
2:126587:T:G	G	0	0
2:126914:G:A	A	0	0
2:127308:C:A	A	0	0
2:128285:G:A	A	0	0
2:131627:T:C	C	0	0
2:132182:G:A	A	0	0
2:132749:G:C	C	0	0
2:134100:T:C	C	0	0
2:134554:C:T	T	0	0
2:134570:C:T	T	0	0
2:135586:G:T	T	0	0
2:135871:A:G	G	0	0
2:136106:G:A	A	0	0
2:136510:G:A	A	0	0
2:136712:G:T	T	0	0
2:137040:A:T	T	-1.084876	0
2:137440:G:A	A	0	0
3:60197:G:A	A	0	0
3:60363:A:G	G	0	0
3:60383:C:A	A	0	0
3:60799:C:T	T	0	0
3:60907:A:C	C	0	0
3:61113:A:T	T	0	0
3:61267:T:C	C	0	0
3:61495:A:G	G	0	0
3:61642:G:A	A	0	0
3:62908:A:C	C	0	0
3:63196:A:T	T	0	0
3:63504:G:A	A	0	0
3:63874:C:T	T	0	0
3:64165:C:A	A	-0.575692	0
3:66164:C:G	G	0	0
3:67176:C:T	T	0	0
3:67709:T:C	C	0	0
3:68573:G:A	A	0	0
3:70761:T:G	G	0	0
3:71032:A:G	G	0	0
3:71281:A:C	C	0	0
3:71964:T:C	C	0	0
3:72978:G:C	C	0	0
3:73390:G:C	C	0	0
3:73789:T:A	A	0	0
3:74710:C:T	T	0	0
3:75351:C:G	G	0	0
3:75675:C:T	T	0	0
3:75842:C:T	T	0	0
3:76378:G:C	C	0	0
3:77942:G:C	C	0	0
3:78007:T:C	C	0	0
3:78772:G:A	A	0	0
3:79222:C:T	T	0	0
3:79391:C:A	A	0	0
3:79599:A:T	T	0	0
3:79707:T:A	A	0	-0.875231
3:79863:T:G	G	0	0
3:81250:G:A	A	0	0
3:81376:G:T	T	0	0.037556
3:81650:T:G	G	0	-0.410986
3:81725:T:A	A	0	0
3:82010:A:G	G	0	0.75496
3:82226:G:C	C	0	0
3:82396:C:A	A	0	0
3:82868:T:G	G	0	0
3:86961:G:T	T	0	0
3:88426:G:A	A	0	0
3:89877:T:C	C	0	0
3:90944:C:A	A	0	0
3:91069:G:C	C	0	0
3:91133:G:A	A	0	0
3:92697:G:T	T	0	0
3:92782:G:A	A	0	0
3:92813:C:T	T	0	0
3:92833:C:T	T	0	0
3:92849:C:T	T	0	0
3:92879:C:G	G	0	0
3:92923:T:C	C	0	0
3:92960:T:C	C	0	0
3:92976:C:T	T	0	0
3:92978:A:G	G	0	0
3:93296:C:T	T	0	0
3:93634:G:A	A	0	0
3:94458:G:T	T	0	0
3:95172:C:G	G	0	0
3:95572:C:G	G	0	0
3:96448:G:A	A	0	0
3:97144:A:G	G	0	0
3:98048:A:C	C	0	0
3:99019:C:T	T	0	0
3:99654:T:C	C	0	0
3:100349:A:C	C	0	0
3:101521:C:T	T	0	0
3:102212:G:A	A	0	0.078285
3:102388:T:A	A	0	0
3:102581:T:C	C	0	0
3:102881:A:G	G	0	0
3:103167:A:G	G	0	0
3:104972:A:G	G	0	0
3:107800:T:A	A	0	0
3:109180:A:G	G	0	0
3:109414:G:A	A	0	0
3:109436:G:A	A	0	0
3:109737:G:A	A	0	-0.601123
3:110156:C:A	A	0	0
3:110457:G:A	A	0	0
3:110682:A:C	C	0	0
3:112248:A:G	G	0	0
3:114362:T:C	C	0	0
3:114758:G:A	A	0	0
3:115686:G:A	A	0	0
3:115966:C:T	T	0	0
3:116009:G:A	A	0	0
3:116016:T:A	A	0	0
3:116492:G:A	A	0	0
3:116640:T:C	C	0	0
3:118421:G:C	C	0	0
3:118651:T:G	G	0	0
3:119198:G:C	C	0	0
3:119892:G:A	A	0	0
3:120133:T:C	C	0	0
3:120321:G:A	A	0	0
3:122529:C:T	T	0	0
3:122803:G:C	C	0	0
3:125183:T:A	A	0	0
3:126031:T:A	A	0	0
3:127382:A:G	G	0	0
3:127586:C:G	G	0	0
3:128132:A:G	G	0	0
3:128256:T:C	C	0	0
3:128474:G:A	A	0	0
3:128593:G:A	A	0	0
3:129422:G:A	A	0	0
3:129523:C:T	T	0	0
3:130234:T:C	C	0	0
3:130350:A:T	T	0	0
3:131524:T:C	C	0	-1.157301
3:131935:A:C	C	0	0
3:132791:A:G	G	0	0
3:134204:C:A	A	0	0
3:134247:T:C	C	0	0
3:134685:G:A	A	0	0
3:136825:C:A	A	0	0
3:138431:C:T	T	0	0
3:138469:C:T	T	0	0
3:139047:T:A	A	0	0
3:140137:T:C	C	0	0
3:140212:A:C	C	0	0
3:140633:G:C	C	0	0
3:140689:G:A	A	0	0
3:141347:T:C	C	0	0
3:142050:G:A	A	0	0
3:142119:G:C	C	0	0
3:142715:C:T	T	0	0
3:142784:G:A	A	0	0
3:143117:A:T	T	0	0
3:146863:A:G	G	0	0
3:147349:G:C	C	0	0
3:147538:A:G	G	0	0
3:147688:A:G	G	0	0
3:148087:G:A	A	0	0
3:149179:T:G	G	0	0
3:149845:A:C	C	0	0
3:149867:C:T	T	0	0
3:150395:A:T	T	0	0
3:150648:A:G	G	0	0
3:151431:C:T	T	0	0
3:151949:G:A	A	0	0
3:152005:G:T	T	0	0
3:152919:G:C	C	0	0
3:153668:T:A	A	0	0
3:154971:C:T	T	0	0
3:155218:C:T	T	0	1.024632
3:155279:G:A	A	0	0
3:155459:T:C	C	0	0
3:155941:T:C	C	0	0
3:156526:C:T	T	0	0
3:156699:C:G	G	0	0
3:157109:C:T	T	0	0
3:157786:C:G	G	0	0
3:158134:T:C	C	0	0
3:158366:A:T	T	0	0
3:158605:T:C	C	0	0
3:159307:A:G	G	0	0
3:160925:T:G	G	0	0
3:161024:T:C	C	0	0
3:161027:G:A	A	0	0
3:161141:G:T	T	0	0
3:161189:G:T	T	0	0
3:161382:A:G	G	0	0
3:161396:T:G	G	0	0
3:161456:C:T	T	0	0
3:162121:G:A	A	0	0
3:162246:T:C	C	0	0
3:162291:T:G	G	0	0
3:162346:A:G	G	0	0
3:162467:A:C	C	0	0
3:162468:G:C	C	0	0
3:163049:C:T	T	0	0
3:163203:C:T	T	0	0
4:10682:C:G	G	0	0
4:11355:C:A	A	0	0
4:12155:C:A	A	0	0
4:12291:G:T	T	0	0
4:12456:G:A	A	0	0
4:13901:C:T	T	0	0
4:14131:T:G	G	0	0
4:15362:T:C	C	0	0
4:15464:G:C	C	0	0
4:16523:A:G	G	0	0
4:16862:C:T	T	0	0
4:19705:T:C	C	0	0
4:19814:T:A	A	0	0
4:19865:C:T	T	0	0
4:22667:C:T	T	0	0
4:23399:C:T	T	0	0
4:27538:T:G	G	0	0
4:27668:T:C	C	0	0
4:27762:T:C	C	0	0
4:29347:C:T	T	0	0
4:29948:C:A	A	0	0
4:30342:C:T	T	0	0
4:31542:G:C	C	0	0
4:31921:T:C	C	0	0
4:35030:G:T	T	0	0
4:35531:T:A	A	0	0
4:36452:C:T	T	0	0
4:37263:G:A	A	0	0
4:37265:A:T	T	0	0
4:38183:C:G	G	0	0
4:39795:C:T	T	0	0
4:40179:T:C	C	-1.298128	0
4:41787:T:C	C	0	0
4:41791:A:G	G	0	0
4:42130:C:T	T	0	0
4:44432:T:C	C	0	0
4:44974:G:T	T	0	0
4:47658:C:A	A	0	0
4:47661:C:A	A	0	0
4:50705:C:A	A	0	0
4:50876:G:A	A	0	0
4:51994:C:A	A	0	0
4:52911:C:T	T	0	0
4:60836:C:T	T	0	0.411229
4:66475:C:A	A	0	0
4:67028:C:A	A	0	0
4:68507:A:T	T	0	0
4:71253:T:C	C	0	0
4:71535:G:A	A	0	0
4:72510:T:C	C	0	0
4:73453:T:G	G	0	0
4:73508:C:T	T	0	0
4:73767:G:A	A	0	0
4:74298:T:C	C	0	0
4:74473:A:G	G	0	0
4:74848:A:G	G	0	0
4:75675:C:G	G	0	0
4:75768:G:C	C	0	0
4:76978:C:A	A	0	0
4:77039:A:T	T	0	0
4:77791:C:T	T	0	0
4:80132:A:G	G	0	0
4:81028:A:T	T	0	0
4:81303:T:C	C	0	0
4:82498:A:G	G	0	0
4:83202:A:G	G	0	-1.226091
4:84414:A:G	G	0	0.388077
4:85348:G:T	T	0	0
4:86510:A:G	G	0	0
4:91306:A:G	G	0	0
4:92231:C:T	T	0	0
4:94436:A:G	G	0	0
4:95270:G:C	C	0	0
4:95678:A:T	T	0	0
4:96535:T:C	C	0	0
4:97884:C:T	T	0	0
4:97982:A:G	G	0	0
4:99606:A:G	G	0	0
4:100207:C:G	G	0	0
4:100581:G:A	A	0	0
4:101261:G:A	A	0	0
4:101409:T:C	C	0	0
4:101446:T:C	C	0	0
4:101685:A:G	G	0	0
4:104140:T:C	C	0	0
4:106320:A:C	C	0	0
4:106566:C:A	A	0	0
4:107194:C:T	T	0	0
4:108449:A:G	G	0	0
4:109541:G:T	T	0	0
4:110326:G:C	C	0	0
4:110593:G:A	A	0	0
4:110646:G:A	A	0	0
4:110707:C:G	G	0	0
4:110744:C:A	A	0	0
4:112409:T:C	C	0	0
4:113064:G:C	C	0	0
4:113675:C:G	G	0	0
4:114009:C:A	A	0	0
4:114286:T:A	A	0	0
4:115252:C:T	T	0	0
4:115364:T:G	G	0	0
4:115933:C:G	G	-2.297232	0
4:116914:T:C	C	0	0
4:117754:G:T	T	0	0
4:117932:T:C	C	0	0
4:121309:T:C	C	0	0
4:121723:G:A	A	0	0
4:124431:C:G	G	0	0
4:124638:T:C	C	0	0
4:124675:C:G	G	0	0
4:124804:A:C	C	0	0
4:125892:A:G	G	0	0
4:126225:A:G	G	0	0
4:126715:T:C	C	0	0
4:126944:A:G	G	0	0
4:126954:G:A	A	0	0
4:127451:T:A	A	0	0
4:127452:A:G	G	0	0
4:129587:G:C	C	0	0
4:129616:A:G	G	0	0
4:129719:C:T	T	0	0
4:129959:G:A	A	0	0
4:130534:T:C	C	0	0
4:130733:C:T	T	0	0
4:132900:G:A	A	0	0
4:132942:C:T	T	0	0
4:133248:A:G	G	0	0
4:135694:G:A	A	0	0
4:139747:T:C	C	0	0
4:144610:A:G	G	-1.199736	0
4:144961:C:T	T	0	0
4:145532:G:T	T	0	0
4:147361:G:T	T	0	0
4:149878:T:C	C	0	0
4:153800:A:G	G	0	0
4:154327:A:G	G	0	0
4:156093:G:C	C	0	0
4:157007:G:T	T	0	0
4:157036:C:T	T	0	0
4:157079:C:T	T	0	0
4:157221:G:A	A	0	0
4:157597:C:G	G	0	0
4:158277:G:A	A	0	2.079751
4:161483:T:G	G	0	0
4:162106:T:G	G	0	0
4:162565:A:C	C	0	0
4:163664:T:C	C	0	0
4:163705:T:G	G	0	0
4:165533:T:C	C	0	0
4:166020:G:A	A	0	0
4:166530:A:C	C	0	0
4:166797:G:A	A	0.455316	0
4:168273:C:T	T	0	0
4:170301:A:T	T	0	0
4:171241:G:T	T	0	0
4:171358:A:C	C	0	0
4:172832:G:A	A	0	0
4:174308:C:G	G	0	0
4:175205:T:C	C	0	0
4:176458:G:A	A	0	0
4:179131:T:C	C	0	0
4:179379:T:C	C	0	0
4:179534:T:C	C	0	0
4:182332:G:T	T	0	0
4:182336:T:C	C	0	0
4:182832:A:G	G	0	0
4:182851:T:A	A	0	0
4:183454:A:G	G	0	0
4:184842:A:T	T	0	0
4:185029:C:T	T	0	0
4:185621:G:A	A	0	0
4:186265:G:A	A	0	0
4:186290:G:C	C	2.419062	0
4:186340:C:G	G	0	0
4:187745:G:A	A	0	0
4:188085:G:A	A	0	0
4:189146:A:C	C	0	0
4:189224:G:A	A	0	0
4:190944:G:A	A	0	0
4:191487:A:G	G	0	0
5:10056:A:C	C	0	0
5:10062:A:C	C	0	0
5:10063:A:C	C	0	0
5:10067:T:A	A	0	0
5:10098:A:C	C	0	0
5:10099:A:C	C	0	0
5:10103:T:C	C	0	0
5:10115:T:C	C	0	0
5:10116:A:T	T	0	0
5:10219:A:C	C	0	0
5:10231:A:C	C	0	0
5:10237:A:G	G	0	0
5:10249:A:C	C	0	0
5:10255:A:C	C	0	0
5:10261:A:C	C	0	0
5:10285:A:G	G	0	0
5:10693:A:C	C	0	0
5:10722:A:C	C	0	0
5:10768:C:T	T	0	0
5:12845:C:G	G	0	0
5:13206:C:G	G	0	0
5:13413:G:A	A	0	0
5:13522:A:T	T	0	0
5:13567:A:G	G	0	0
5:13589:T:A	A	0	0
5:14706:G:A	A	0	0
5:14782:A:G	G	0	0
5:15191:T:G	G	0	0
5:15379:A:T	T	0	0
5:16226:C:G	G	0	0
5:18513:G:A	A	0	0
5:19062:G:A	A	0	0
5:20369:G:A	A	0	0
5:20399:T:C	C	0	0
5:20400:G:A	A	-0.080876	0
5:20583:A:G	G	0	0
5:20615:A:G	G	0	0
5:20643:G:T	T	0	0
5:20652:A:G	G	0	0
5:20722:G:T	T	0	0
5:20747:T:C	C	0	0
5:20795:A:G	G	0	0
5:20944:T:C	C	0	0
5:21894:C:T	T	0	0
5:21927:G:A	A	0	0
5:23725:A:C	C	0	0
5:24584:C:T	T	0	0
5:24659:A:T	T	0.729993	0
5:26904:A:G	G	0	0.997632
5:27851:C:A	A	0	0
5:27880:C:T	T	0	0
5:29077:C:T	T	0	0
5:29454:C:T	T	0	0
5:31679:G:A	A	0	0
5:33279:A:T	T	0	0
5:34693:T:C	C	0	0
5:35189:A:G	G	0	0
5:36008:C:T	T	0	0
5:36811:A:T	T	0	0
5:37348:T:G	G	0	0
5:38712:A:G	G	0	0
5:39661:T:G	G	0	0
5:41240:T:G	G	0	0
5:41340:T:C	C	0	0
5:42493:A:G	G	0	0
5:43749:G:A	A	0	0
5:44244:A:G	G	0	0
5:44404:T:G	G	0	0
5:45082:G:A	A	0	0
5:46201:G:A	A	0	1.357935
5:46254:T:C	C	0	0
5:47574:A:G	G	0	0
5:49806:C:T	T	0	0
5:49928:G:A	A	0	0
5:50396:C:G	G	0	0
5:51045:T:C	C	0	0
5:51096:G:A	A	0	0
5:53758:A:T	T	0	0
5:55972:G:A	A	0	0
5:56025:G:A	A	0	0
5:56481:C:G	G	0	0
5:58419:A:G	G	0	0
5:60705:T:C	C	0	0
5:61313:G:C	C	0	0
5:64301:C:A	A	0	0
5:64696:G:A	A	0	0
5:65282:G:A	A	0	0
5:66568:G:A	A	0	0
5:68419:G:A	A	0	0
5:68798:A:C	C	0	0
5:68997:C:A	A	0	0
5:69634:C:T	T	0	0
5:70478:G:A	A	0	0
5:71790:T:C	C	0	0
5:72244:A:G	G	0	0
5:72404:C:T	T	0	0
5:73169:C:T	T	0	0
5:74474:G:C	C	0	0
5:75223:G:A	A	0	0
5:75265:C:T	T	0	0
5:75610:G:A	A	0	0
5:76074:T:C	C	0	0
5:76690:C:T	T	0	0
5:76961:C:G	G	0	0
5:76979:T:G	G	0	0
5:77791:C:T	T	0	0
5:78954:C:A	A	0	0
5:79981:C:T	T	0	0
5:80494:G:A	A	0	0
5:82450:G:A	A	0	0
5:83279:C:T	T	0	0
5:83369:T:C	C	0	0
5:83427:C:T	T	0	0
5:85294:A:G	G	0	0
5:85556:G:C	C	0	0
5:85560:G:A	A	0	0.148613
5:85579:A:G	G	0	0
5:85586:C:G	G	0	0
5:85594:A:G	G	0	0
5:85756:G:A	A	0	0
5:86641:A:G	G	0	0
5:89259:G:A	A	0	0
5:89744:C:G	G	0	0
5:90006:G:C	C	0	0
5:90714:G:C	C	0	0
5:92341:T:G	G	0	-0.078857
5:92422:G:T	T	0	0
5:92777:G:A	A	0	0
5:93318:A:G	G	0	0
5:93817:G:T	T	0	0
5:94397:G:A	A	0	0
5:96573:G:A	A	0	0
5:98879:C:T	T	0	0
5:99784:G:A	A	0	0
5:101386:A:T	T	-0.493075	0
5:101406:G:A	A	0	0
5:101545:A:T	T	0	0
5:101725:A:G	G	0	0
5:102104:A:G	G	0	0
5:102559:T:C	C	0	0
5:103648:T:C	C	0	0
5:105262:C:T	T	0	0
5:105286:C:T	T	0	0
5:106001:A:G	G	0	0
5:107033:G:A	A	0	0
5:107247:C:T	T	0	0
5:107252:A:T	T	0	0
5:108094:C:T	T	0	0
5:109034:C:T	T	0	0
5:109625:G:A	A	0	0
5:109912:A:G	G	0	0
5:110355:T:C	C	0	0
5:110750:G:A	A	0	0
5:111241:G:A	A	0	0
5:111969:G:A	A	0	0
5:112708:G:A	A	0	0
5:113011:G:T	T	0	0
5:113686:T:G	G	0	0
5:114577:T:G	G	0	0
5:117829:G:A	A	0	0
5:118406:C:T	T	0	0
5:118947:C:T	T	0	0
5:119149:A:T	T	0	0
5:120097:T:G	G	0	0
5:122409:A:G	G	0	0
5:124405:G:A	A	0	0
5:124880:C:T	T	0	0
5:126086:A:G	G	0	0
5:126623:A:G	G	0	0
5:127223:G:T	T	0	0
5:129460:G:A	A	0	0
5:131374:T:C	C	0	0
5:131975:A:G	G	0	0
5:132231:C:T	T	0	0
5:133187:G:A	A	0	0
5:134039:A:G	G	0	0
5:135467:T:A	A	0	0
5:136088:C:G	G	0	0
5:137166:A:G	G	0	0
5:138460:T:C	C	0	0
5:139462:C:T	T	0	0
5:139725:C:T	T	0	0
5:140264:A:G	G	0	0
5:140515:C:A	A	0	0
5:140591:A:G	G	0	0
5:141659:C:T	T	0	0
5:141675:G:A	A	0	0
5:142546:C:T	T	0	0
5:143235:C:T	T	0	0
5:145376:C:G	G	0	0
6:63980:A:G	G	0	0
6:100100:G:T	T	0	0
6:100116:C:A	A	0	0
6:117271:A:G	G	0	0
6:117396:A:G	G	0	0
6:122854:G:A	A	0	0
6:123695:T:C	C	0	0
6:143500:C:T	T	0	0
6:144397:T:A	A	0	0
6:145579:G:A	A	0	0
6:147596:T:C	C	0	0
6:147944:T:A	A	0	0
6:149901:T:C	C	0	0
6:151826:G:A	A	0	0
6:156003:T:C	C	0	0
6:158317:C:T	T	0	0
6:159659:G:A	A	0	0
6:160872:A:G	G	0	0
6:167445:T:C	C	0	0
6:171649:C:A	A	0	0
6:172043:A:G	G	0	0
6:174433:T:C	C	0	0
6:174798:T:C	C	0	0
6:178280:A:C	C	0	0
6:179664:G:C	C	0	0
6:181348:T:C	C	0	0
6:183946:C:T	T	0	0
6:186361:G:T	T	0	0
6:188536:C:G	G	0	0
6:188937:G:A	A	0	0
6:188969:T:G	G	-1.040617	0
6:192106:G:A	A	0	0
6:192157:A:G	G	0	0
6:202468:G:A	A	0	0
6:203254:G:A	A	0	0
6:203397:C:T	T	0	0
6:203619:C:T	T	0	0
6:203666:C:T	T	0	0
6:205696:T:C	C	0	0
6:205800:A:G	G	0	0
6:205878:A:G	G	0	0
6:205988:C:T	T	0	0
6:206015:G:T	T	0	0
6:206528:A:G	G	0	0
6:206729:A:G	G	0	0
6:207228:A:G	G	0	0
6:207808:G:A	A	0	0
6:208242:C:A	A	0	0
6:208427:C:T	T	0	0
6:209033:G:A	A	0	0
6:209075:C:T	T	0	0
6:209980:T:C	C	0	0
6:210389:T:G	G	0	0
6:211531:T:C	C	0	0
6:212085:A:T	T	0	0
6:212403:T:C	C	0	0
6:213426:T:C	C	0	0
6:214005:C:T	T	0	0
6:214559:C:G	G	0	0
6:214905:C:T	T	0.00422	0
6:215104:C:A	A	0	0
6:216150:G:A	A	0	0
6:216399:T:C	C	0	0
6:216425:C:T	T	0	0
6:217201:G:A	A	0	0
6:217291:C:T	T	0	0
6:217498:T:C	C	0	0
6:219382:A:C	C	0	0
6:219437:G:C	C	0	0
6:219584:C:T	T	0	0
6:219691:G:C	C	0	0
6:219872:C:T	T	0	0
6:219941:T:A	A	0	0
6:220956:G:A	A	0	0
6:221694:G:A	A	0	0
6:222205:T:G	G	0	0
6:222306:G:C	C	0	0
6:223157:C:T	T	0	0
6:223491:C:T	T	0	0
6:223506:A:G	G	0	0
6:224181:A:G	G	0	0
6:224664:A:C	C	0	0
6:224900:A:G	G	0	0
6:225301:A:T	T	0	0
6:225661:C:G	G	0	0
6:225825:G:A	A	0	-0.911738
6:226228:C:A	A	0	0
6:227241:T:C	C	0	0
6:227361:A:G	G	0	0
6:227528:C:T	T	0	0
6:227685:G:A	A	0	0
6:228345:T:G	G	0	0
6:228404:C:T	T	0	0
6:228704:T:C	C	0	0
6:229682:C:T	T	0	0
6:230572:A:G	G	0	0
6:230991:T:C	C	0	0
6:231101:G:A	A	0	0
6:231117:G:A	A	0	0
6:231180:G:C	C	0	0
6:231214:C:A	A	0	0
6:231235:G:A	A	0	0
6:231269:T:C	C	0	0
6:231281:G:A	A	0	0
6:231300:T:C	C	0	0
6:231345:T:C	C	0	-0.415267
6:232262:C:T	T	0	0
6:232469:G:A	A	0	0
6:232716:G:A	A	0	0
6:232895:C:T	T	0	0
6:234143:C:T	T	0	0
6:234871:T:C	C	0	0
6:235499:A:G	G	0	0
6:235781:G:A	A	0.860795	0
6:235818:G:A	A	0	0
6:237169:G:A	A	0	0
6:237479:C:T	T	0	0
6:237590:C:T	T	0	0
6:237613:C:T	T	0	0
6:237677:G:A	A	0	0
6:238657:A:C	C	0	0
6:238840:G:A	A	0	0
6:238937:T:G	G	0	0
6:239201:A:T	T	0.044963	0
6:239806:A:G	G	0	-1.049653
6:240856:A:G	G	0	0
6:241204:G:A	A	0	0
6:241513:G:A	A	0	0
6:242312:A:C	C	0	0
6:242886:A:G	G	0	0
6:243731:A:C	C	0	0
6:244095:A:G	G	0	0
6:244587:A:T	T	0	0
6:244875:T:C	C	0	0
6:244951:G:A	A	0	0
6:244957:A:C	C	0	0
6:245274:C:A	A	0	0
6:245638:G:A	A	0	0
6:246173:G:A	A	0	0
6:248121:A:G	G	0	0
6:248533:T:G	G	0	0
6:248760:A:G	G	0	0
6:249578:A:G	G	0	0
6:250425:G:T	T	0	0
6:252504:G:A	A	0	0
6:254865:C:T	T	0	0
6:255459:G:A	A	0	0
6:255877:C:T	T	0	0
6:256281:T:C	C	0	0
6:256550:C:T	T	0	0
6:256765:G:A	A	0	0
6:257186:C:T	T	0	0
6:258786:C:A	A	0	0
6:258880:G:A	A	0	0
6:259269:G:A	A	0	0
6:259300:C:T	T	0	0
6:259817:C:T	T	0	-0.05188
6:260619:C:A	A	0	0
6:260966:C:G	G	0	0
6:260980:G:T	T	0	0
6:261960:C:G	G	0	0
6:262469:T:G	G	0	0
6:263891:C:T	T	0	0
6:264066:C:T	T	0	0
6:266192:A:C	C	0	0
6:266570:T:C	C	0	0
6:266666:C:T	T	0	0
6:266896:G:C	C	-0.023296	0
6:267417:G:A	A	-0.692594	0
6:267521:G:T	T	0	0
6:269155:T:C	C	0	0
6:273666:A:G	G	0	-0.79522
6:273887:G:T	T	0	0
6:274336:T:C	C	0	0
6:274693:G:A	A	0	0
6:275029:T:C	C	0	0
6:275746:A:C	C	0	0
6:276221:T:G	G	0	0
6:276313:T:C	C	0	0
6:276825:T:C	C	0	0
6:276892:G:A	A	0	0
6:277262:A:C	C	0	0
6:278022:A:G	G	0	0
6:278684:C:G	G	0	0
6:278794:G:A	A	0	0
6:278917:G:A	A	0	0
6:279695:C:G	G	0	0
6:280173:A:G	G	0	-0.568406
6:280339:G:A	A	0	0
6:281216:G:A	A	0	0
6:281240:G:A	A	0	0
6:281261:A:G	G	0	0
6:282327:C:T	T	0	0
6:283268:G:A	A	0	0
6:283295:T:C	C	0	0
6:283911:C:T	T	0	0
6:284514:G:T	T	0	0
6:286122:G:A	A	0	0
6:286387:C:T	T	0	0
6:286587:A:G	G	0	0
6:286683:G:A	A	0	0
6:287462:C:T	T	0	0
6:287758:T:C	C	0	0
6:288049:C:T	T	0	0
6:288845:T:G	G	0	0
6:288918:T:C	C	0	0
6:288963:A:G	G	0	0
6:289151:C:T	T	0	0
6:290895:G:A	A	0	0
6:290951:C:T	T	0	0
6:291634:C:T	T	0	0
6:291756:T:C	C	0	0
6:291833:C:T	T	0	0
6:293073:G:C	C	0	0
6:293213:C:G	G	0	0
6:293332:G:T	T	0	0
6:293909:C:T	T	0	0
6:294268:C:T	T	0	0
6:294354:G:A	A	0	0
6:294362:G:A	A	0	0
6:294457:A:G	G	0	0
6:295045:A:G	G	0	0
6:295085:A:C	C	0	0
6:295241:G:A	A	0	0
6:295630:A:C	C	0	0
6:296302:T:A	A	0	0
6:296436:G:A	A	0	0
6:299142:A:G	G	0	0
6:299435:C:T	T	0	0
6:299710:A:G	G	0	0
6:300326:A:G	G	0	0
6:300892:G:T	T	0	0
6:300898:G:C	C	0	0
6:301299:A:G	G	0	0
6:301699:G:A	A	-0.675224	0
6:301873:A:G	G	0	0
6:302615:G:A	A	0	0
6:303404:G:A	A	0	-0.499143
6:303699:A:G	G	0	0
6:305185:T:C	C	0	0
6:305254:C:T	T	0	0
6:305564:G:A	A	0	0
6:306406:C:T	T	0	2.569158
6:306578:G:A	A	0	0
6:306777:C:A	A	0	0
6:306888:G:C	C	0	0
6:307501:G:T	T	0	0
6:308000:A:T	T	0	0
6:308323:A:G	G	0	0
6:309088:C:T	T	0	0
6:309460:C:A	A	0	0
6:309811:T:C	C	0	0
6:310965:G:A	A	0	0
6:311053:A:G	G	0	0
6:311408:C:T	T	0	0
6:311938:C:T	T	0	0
6:312140:C:T	T	0	0
6:312251:A:G	G	0	0
6:312347:T:G	G	0	0
6:314002:G:A	A	0	0
6:314060:G:A	A	-1.191653	0
6:314113:A:G	G	0	0
6:314485:A:G	G	0	0
6:315262:G:A	A	0	0
6:316158:T:G	G	0	0
6:316307:T:C	C	0	0
6:316382:G:C	C	0	0
6:316401:C:T	T	0	0
6:316541:T:G	G	0	0
7:16864:C:T	T	0	0
7:20608:A:G	G	-0.423583	0
7:24220:G:T	T	0	0
7:30580:C:T	T	0	0
7:30939:T:C	C	0	0
7:31273:G:C	C	0	0
7:31430:C:T	T	0	0
7:34713:A:C	C	0	0
7:35423:G:T	T	0	0
7:35644:T:C	C	0	0
7:35981:G:A	A	0	0
7:36270:A:C	C	0	0
7:37790:G:C	C	0	0
7:39657:G:A	A	0	0
7:43050:A:C	C	0	0
7:43259:C:T	T	0	0
7:43650:C:T	T	0	0
7:43807:G:A	A	0	0
7:44546:G:A	A	0	0
7:45432:A:G	G	0	0
7:46239:G:A	A	0	0
7:47044:G:A	A	0	0
7:48588:G:T	T	0	0
7:48834:T:A	A	0	0
7:49471:T:C	C	0	0
7:49579:C:T	T	0	0
7:50354:C:A	A	0	0
7:50403:C:T	T	0	0
7:50462:A:C	C	0	0
7:50511:C:G	G	0	0
7:50552:T:C	C	0	0
7:50571:T:C	C	0	0
7:50601:A:G	G	0	0
7:50612:G:A	A	0	0
7:50696:T:C	C	0	0
7:50944:A:G	G	0	0
7:52075:C:G	G	0	0
7:52306:C:A	A	0	0
7:52614:A:C	C	0	0
7:56525:C:T	T	-0.487524	0
7:57630:C:T	T	0	0
7:57660:T:C	C	0	0
7:57857:C:T	T	0	0
7:58031:C:A	A	0	0
7:58090:C:G	G	0	0
7:58945:C:T	T	0	0
7:59118:T:C	C	0	0
7:59324:T:C	C	0	0
7:59678:G:T	T	0	0
7:60175:G:C	C	0	0
7:61332:T:C	C	0	0
7:61653:G:A	A	0	0
7:62338:T:C	C	0	0
7:64220:G:A	A	0	0
7:64503:C:T	T	0	0
7:65134:G:A	A	0	0
7:65508:C:T	T	0	0
7:65994:C:A	A	0	0
7:66031:G:A	A	0	0
7:66239:C:T	T	0	0
7:66781:C:T	T	0	0
7:66841:G:A	A	0	0
7:66909:G:A	A	0	0
7:67086:G:A	A	0	0
7:67517:C:T	T	0	0
7:67791:G:A	A	0	0
7:67820:A:G	G	0	0
7:67894:T:C	C	0	0
7:67940:A:C	C	0	0
7:68247:C:T	T	0	0
7:68728:T:C	C	0	0
7:68832:T:G	G	0	0
7:68920:A:G	G	0	0
7:68934:T:C	C	0	0
7:70261:C:T	T	0	0
7:70385:G:A	A	0	0
7:70387:A:G	G	0	0
7:70698:G:A	A	0	0
7:72210:C:A	A	0	0
7:72239:T:C	C	0	0
7:73001:C:T	T	0	0
7:73547:C:T	T	0	0
7:74331:C:T	T	0	0
7:74849:T:C	C	0	-0.511302
7:75339:C:T	T	0	0
7:75540:C:T	T	0	0
7:75638:G:A	A	0	0
7:75720:C:T	T	0	0
7:75906:A:G	G	0	0
7:76065:C:T	T	0	0
7:76289:A:C	C	0	0
7:76403:A:G	G	0.255928	0
7:76423:A:G	G	0	0
7:76632:A:G	G	0	0
7:76830:A:G	G	0	-1.403154
7:76888:T:C	C	0	0
7:76934:C:T	T	0	0
7:76938:T:C	C	0	0
7:76942:C:T	T	0	0
7:77157:C:T	T	0	0
7:77325:T:C	C	0	0
7:77509:C:G	G	0	-0.720325
7:77823:G:C	C	0	0
7:78163:T:C	C	0	0
7:78338:C:T	T	0	0
7:78554:A:G	G	0	0
7:79016:C:A	A	0	0
7:79043:C:T	T	0	0
7:79173:G:A	A	0	0
7:79406:C:T	T	0	0
7:79407:A:G	G	0	0
7:79560:T:C	C	0	0
7:80631:G:T	T	0	0
7:81400:G:C	C	0	0.437979
7:82448:G:A	A	0	0
7:83886:C:T	T	0	0
7:83934:G:A	A	0	0
7:85243:G:A	A	0	0
7:85442:A:T	T	0	0
7:85608:T:C	C	0	0
7:85667:G:A	A	-1.030854	0
7:86170:T:C	C	0	0
7:86539:C:T	T	0	0
7:87293:T:C	C	0	0
7:87646:G:A	A	0	0
7:88326:C:T	T	0	0
7:88978:G:T	T	0.978687	0
7:89499:T:G	G	0	0
7:92078:C:T	T	0	0
7:92274:A:T	T	0	0
7:93042:A:G	G	0	0
7:93118:C:A	A	0	0
7:93548:G:A	A	0	0
7:94006:A:G	G	0	0
7:96804:C:T	T	0	0
7:97703:G:A	A	0	0
7:99392:G:A	A	0	0
7:99897:G:C	C	0	0
7:100012:G:T	T	0	-2.953641
7:101190:C:G	G	0	0
7:102194:C:G	G	0	0
7:103155:G:A	A	0	0
7:103394:A:G	G	0	0
7:104702:G:T	T	0	0
7:105033:G:T	T	0	0
7:105248:G:A	A	0	0
7:105562:A:C	C	0	0
7:105732:C:T	T	0	0
7:107093:A:C	C	0	-0.777047
7:107239:G:C	C	0	0
7:107888:C:T	T	0	0
7:107980:C:A	A	0	0
7:108353:A:T	T	0	0
7:108476:A:T	T	0	0
7:108805:C:A	A	0	0
7:108863:C:A	A	0	0
7:110342:A:C	C	0	0
7:110505:G:A	A	0	0
7:110672:A:G	G	0	0
7:110758:C:T	T	0	0
7:110891:G:A	A	0	0
7:112397:C:T	T	0	0
7:113798:T:C	C	0	0
7:113943:C:T	T	0	0
7:114104:G:A	A	0	0
7:114436:G:A	A	0	0
7:114689:A:G	G	0	0
7:114964:T:C	C	0	0
7:115321:C:T	T	0	0
7:115340:C:T	T	0	0
7:115399:G:A	A	0	0
7:115401:C:T	T	0	0
7:115454:T:C	C	0	0
7:115748:A:C	C	0	0
7:115759:C:T	T	0	0
7:115854:T:C	C	0	0
7:115905:G:A	A	0	0
7:115982:G:A	A	0	0
7:116078:C:G	G	0	0
7:116156:G:A	A	0	0
7:116277:G:A	A	0	0
7:116657:T:G	G	0	0
7:116901:T:C	C	0	0
7:117294:C:T	T	0	0
7:117331:T:C	C	0	0
7:117442:G:C	C	0	0
7:117673:C:G	G	0	0
7:118021:G:A	A	0	0
7:118152:G:A	A	0	0
7:118369:T:C	C	0.82763	0
7:118659:A:G	G	0	0
7:118921:C:T	T	0	0
7:119037:A:C	C	0	0
7:119041:G:A	A	0	0
7:119190:G:A	A	0	0
7:120049:A:C	C	0	0
7:120164:G:A	A	0	0
7:120332:C:T	T	0	0
7:120554:C:G	G	0	0
7:121223:C:A	A	0	0
7:121320:A:G	G	0	0
7:121629:G:C	C	0	0
7:121775:C:T	T	0	0
7:121963:A:G	G	0	0
7:122527:G:A	A	0	0
7:122542:G:A	A	0	0
7:123305:C:A	A	0	0
7:123956:T:C	C	0	0
7:124186:C:G	G	0	0
7:124238:C:T	T	0	0
7:124277:G:T	T	0	0
7:124419:G:A	A	0	1.214157
7:124446:C:T	T	0	0
7:124466:T:G	G	0	0
7:124479:T:C	C	0	0
7:124503:C:T	T	0	0
7:124587:T:C	C	0	0
7:124752:C:A	A	0	0
7:124952:A:G	G	0	0
7:125077:G:A	A	0	0
7:125329:T:G	G	0	0
7:125506:G:A	A	0	0
7:125510:G:T	T	0	0
7:125593:A:G	G	0	0
7:125632:G:C	C	0	0
7:125696:A:G	G	0	0
7:125751:G:C	C	0	0
7:125800:C:T	T	0	0.364427
7:125838:A:C	C	0	0
7:126064:C:T	T	0	0
7:126141:G:A	A	0	0
7:126144:C:G	G	0	0
7:126151:G:A	A	0	0
7:126237:C:T	T	0	0
7:126395:T:C	C	0	0
7:127245:G:A	A	0	0
7:127317:C:T	T	0	0
7:128126:T:C	C	0	0
7:128290:C:T	T	0	0
7:128422:T:C	C	0	0
7:128494:C:T	T	0	0
7:128869:T:C	C	0	0
7:129018:C:T	T	0	0
7:129394:T:C	C	0	0
7:130520:C:A	A	0	0
7:131116:G:C	C	0	0
7:132053:G:A	A	0	0
7:132107:C:T	T	0	0
7:132428:C:T	T	0	0
7:132514:C:T	T	0	0
7:132529:C:A	A	0	0
7:132656:A:G	G	0	0
7:134343:A:G	G	0	0
7:134402:A:G	G	-0.072904	0
7:134528:G:A	A	0	0
7:134607:G:A	A	0	0
7:134708:C:T	T	0	0
7:134766:C:T	T	0	0
7:135873:T:C	C	0	0
7:136234:T:C	C	0	0
7:136331:C:T	T	0	0
8:11879:A:G	G	0	0
8:21179:A:G	G	-0.295162	0
8:21219:A:C	C	0	0
8:23072:C:A	A	0	0
8:23715:C:T	T	0	1.311894
8:31036:A:G	G	0	0
8:31177:C:T	T	0	0
8:31260:G:A	A	0	0
8:31758:C:T	T	0	0
8:31991:T:C	C	0	0
8:33141:G:A	A	0	0
8:33188:G:A	A	0	0
8:33437:A:G	G	0	0
8:33495:T:C	C	0	0
8:33922:G:A	A	0	0
8:36964:C:A	A	0	0
8:40370:A:G	G	0	0
8:40391:A:G	G	0	0
8:45134:A:C	C	0	0
8:45256:C:T	T	0	0
8:45482:C:T	T	0	0
8:45685:C:T	T	0	0
8:45782:A:G	G	0	0
8:46043:T:C	C	0	0
8:46229:T:C	C	0	0
8:51525:A:G	G	0	0
8:52820:G:C	C	0	0
8:52880:C:T	T	0	0
8:52882:A:G	G	0	0
8:53259:C:G	G	0	0
8:53277:T:G	G	0	0
8:53331:T:G	G	0	0
8:54868:T:C	C	0	0
8:55203:A:C	C	0	0
8:60339:T:C	C	0	0
8:65869:C:T	T	0	0
8:66373:A:G	G	0	0
8:66751:A:T	T	0	0
8:79391:T:C	C	0	0
8:106465:G:A	A	0	0
8:113207:A:G	G	0	0
8:113211:T:C	C	0	0
8:113586:A:T	T	0	0
8:113588:G:T	T	0	0
8:115297:G:T	T	0	0
8:120578:T:A	A	0	0
8:127218:T:C	C	0	0
8:127653:G:A	A	0	0
8:131737:C:A	A	0	0
8:139824:G:T	T	0	0
8:143504:T:C	C	0	0
8:148402:C:T	T	0	0
8:152555:G:C	C	0	0
8:153997:C:T	T	0	0
8:154878:G:C	C	0	0
8:154948:A:C	C	0	0
8:155088:T:C	C	0	0
8:155111:C:A	A	0	0
8:155203:C:G	G	0	0
8:156703:C:T	T	0	0
8:156820:C:A	A	0	0
8:157675:C:T	T	0	0
8:157923:C:A	A	0	0
8:158138:G:C	C	0	0
8:158194:C:G	G	0	0
8:159179:G:A	A	0	0
8:159286:G:C	C	0	0
8:159418:T:C	C	0	0
8:159436:A:G	G	0	0
8:159665:C:T	T	0	1.35492
8:160170:A:C	C	0	0
8:160415:G:A	A	0	0
8:160447:C:G	G	0	0
8:161466:C:T	T	0	0
8:161471:C:T	T	0	0
8:161929:C:T	T	0	0
8:161936:A:G	G	0	0
8:161993:C:G	G	0	0
8:162134:T:C	C	0	0
8:162151:G:A	A	0	0
8:162198:A:T	T	0	0
8:162218:G:A	A	0	0
8:162264:G:A	A	0	0
8:162268:T:C	C	0	0
8:162286:C:G	G	0	0
8:162290:A:G	G	-0.225099	0
8:162314:C:A	A	0	0
8:162357:C:T	T	0	0
8:162396:A:G	G	0	0
8:162408:T:C	C	0	0
8:162431:G:A	A	0.580545	0
8:162541:T:C	C	0	0
8:163193:T:C	C	0	0
8:163255:C:A	A	-0.693637	0
8:164310:C:G	G	0	0
8:165697:T:C	C	0	0
8:165815:A:T	T	0	0
8:166041:C:T	T	0	0
8:166869:T:C	C	0	0
8:167101:C:G	G	0	0
8:168009:G:A	A	0	0
8:168099:A:G	G	0	0
8:168491:G:A	A	0	0
8:168521:G:T	T	0	0
8:168695:G:A	A	0	0
8:168974:A:G	G	0	0
8:168995:G:A	A	0	0
8:169298:A:T	T	0	0
8:170755:G:C	C	-0.512674	0
8:170815:C:T	T	0	0
8:170920:C:A	A	0	0
8:171495:T:C	C	0	0
8:172170:G:A	A	0	0
8:173423:T:C	C	0	0
8:173602:C:A	A	0	0
8:173929:G:C	C	0	0
8:174343:G:A	A	0	0
8:176814:C:G	G	0	0
8:176933:C:T	T	0	0
8:177065:A:G	G	0	0
8:177771:G:T	T	0	0
8:178326:T:G	G	0	0
8:179015:C:T	T	0	0
8:179111:G:A	A	0	0
8:179503:C:G	G	0	0
8:179691:G:C	C	0	0
8:179908:T:C	C	0	0
8:180179:A:T	T	0	0
8:180181:T:A	A	0	0
8:180863:G:A	A	0	0
8:182710:G:C	C	0	0
8:183000:G:T	T	0	0
8:184308:G:A	A	0	0
8:184929:G:C	C	0	0
8:185300:A:G	G	0	0
8:186271:A:G	G	0	0
8:188301:C:T	T	0	0
8:188767:G:A	A	0	0
8:191082:T:G	G	0	-0.405316
8:192534:G:A	A	0	0
8:192947:G:A	A	0	0
8:192991:C:T	T	0	0
8:195254:C:A	A	0	0
8:196420:T:C	C	0	0
8:196884:C:A	A	0	0
8:197182:G:A	A	0	0
8:198273:G:C	C	0	0
8:199642:A:C	C	0	0
8:200374:A:G	G	0	0
8:200714:C:A	A	0	0
8:201001:G:C	C	0	0
8:201888:G:C	C	0	0
8:202483:A:G	G	0	0
8:203086:T:C	C	0	0
8:203231:A:C	C	0	0
8:203238:G:A	A	0	0
8:203241:A:G	G	0	0
8:203292:A:G	G	0	0
8:203307:A:G	G	0	0
8:203391:T:C	C	0	0
8:203399:T:C	C	0	0
8:203408:T:C	C	0	0
8:203429:T:C	C	0	0
8:203433:T:C	C	0	0
8:203440:A:T	T	0	0
8:203447:A:C	C	0	0
8:203458:C:T	T	0	0
8:203473:A:T	T	0	0
8:203481:C:T	T	0	0
8:203492:G:T	T	0	0
8:203498:T:C	C	0	0
8:203501:C:T	T	0	0
8:203503:T:C	C	0	0
8:203511:T:G	G	0	0
8:203520:A:G	G	0	0
8:203723:A:G	G	0	0
8:204250:G:A	A	0	0
8:204374:C:G	G	0	0
8:204491:G:C	C	0	0
8:204683:G:T	T	0	0
8:205275:G:A	A	0	0
8:205880:A:T	T	0	0
8:205940:C:T	T	0	0
8:206038:C:T	T	0	0
8:206880:C:T	T	0	0
8:207029:G:C	C	0	0
8:207061:C:T	T	0	0
8:207062:A:G	G	0	0
8:207080:C:A	A	0	0
8:208867:T:C	C	0	0
8:209152:C:T	T	0	0
8:210035:T:G	G	0	0
8:210231:C:A	A	0	0
8:210449:G:A	A	0	0
8:211091:C:T	T	0	0
8:211193:C:A	A	0	0
8:212142:G:T	T	0	0
8:212361:T:C	C	0	0
8:214548:C:A	A	0	0
8:214989:T:C	C	0.160222	0
8:215064:A:T	T	0	0
8:215412:T:C	C	0	0.599366
8:215688:C:G	G	0	0
8:217895:C:T	T	0	0
8:218028:C:T	T	0	0
8:219116:T:C	C	0	0
8:219265:T:A	A	0	0
8:219724:A:G	G	0	0
8:219797:A:G	G	0	0
8:220044:A:G	G	0	0
8:220118:A:G	G	0	0
8:220386:T:C	C	0	0
8:220412:C:G	G	0	0
8:220761:C:T	T	0	0
8:220863:A:G	G	0	0
8:220924:A:G	G	0	0
8:222012:C:G	G	0	0
8:222098:C:T	T	0	0
8:222204:G:C	C	0	0
8:222522:A:T	T	0	0
8:223170:C:T	T	0	0
8:223391:G:A	A	0	-0.773414
8:223971:A:G	G	0	0.898975
8:224172:C:T	T	0	0
8:224752:C:T	T	0	0
8:224925:G:A	A	0	0
8:224947:C:T	T	0	0
8:224985:C:A	A	0	0
8:225184:T:C	C	0	0
8:227237:G:A	A	0	0
8:227742:C:A	A	0	0
8:227959:A:G	G	0	0
8:228035:T:C	C	0	0
8:228164:C:G	G	-0.824227	0
8:229209:G:C	C	-0.426458	0
8:229636:A:T	T	0	0
8:229802:T:A	A	0	0
8:230345:C:T	T	0	0
8:230423:C:T	T	0	0
8:230760:C:T	T	0	0
8:232166:G:A	A	0	0
8:232220:A:G	G	0	0
8:232696:A:G	G	0	0
8:232872:A:G	G	0	0
8:232977:A:G	G	0	0
8:233156:G:A	A	0	0
8:233988:G:A	A	0	0
8:234806:G:A	A	0	0
8:235052:C:T	T	0	0
8:235326:C:T	T	0	-0.692142
8:236074:G:T	T	0	0
8:236348:G:A	A	1.123845	0
8:236787:C:A	A	0	0
8:236814:G:A	A	0	0
8:237123:G:A	A	0	0
8:237457:G:A	A	0	0
8:237498:C:G	G	0	0
8:237986:A:G	G	0	0
8:238139:A:G	G	0	0
9:12704:C:T	T	0	0
9:13962:T:C	C	0	0
9:14690:C:G	G	0	0
9:15000:G:A	A	0	0
9:16918:G:C	C	0	0
9:16920:G:C	C	0	-2.429113
9:16967:A:G	G	0	0
9:17060:C:A	A	0	0
9:17088:G:A	A	0	0
9:17115:G:C	C	0	0
9:17517:C:T	T	0	0
9:27038:A:G	G	0	0
9:28796:G:T	T	0	0
9:32949:A:T	T	0	0
9:35541:C:T	T	0	0
9:38404:T:G	G	1.670463	0
9:38985:C:T	T	0	0
9:39037:A:C	C	0	0
9:39188:G:C	C	0	0
9:39205:T:C	C	0	0
9:39486:G:A	A	0	0
9:39516:C:T	T	0	0
9:39561:G:A	A	0	0
9:39925:G:A	A	0	0
9:41266:G:C	C	0	0
9:41274:A:G	G	0	0
9:41399:C:T	T	0	0
9:42140:A:G	G	0	0
9:42694:C:A	A	0	0
9:44355:T:C	C	0	0
9:46278:C:G	G	0	0
9:47771:C:T	T	0	0
9:50315:T:C	C	0	0.224726
9:50617:A:G	G	0	0
9:50801:A:G	G	0	0
9:51808:C:A	A	0	0
9:52492:T:C	C	0	0
9:52789:T:C	C	0	0
9:53939:A:G	G	-0.032107	0
9:56542:A:C	C	1.64766	0
9:56794:C:G	G	0	0
9:58547:G:C	C	0	0
9:58855:C:T	T	0	0
9:62614:T:A	A	0	0
9:62784:T:C	C	0	0
9:63197:A:G	G	0	0
9:63224:T:C	C	0	0
9:65139:G:T	T	0	0
9:65915:G:C	C	0	0
9:72358:G:A	A	0	-2.150153
9:73436:G:C	C	0	0
9:73725:C:G	G	0	0
9:74125:C:A	A	0	0
9:74580:C:G	G	0	0
9:75270:T:C	C	0	0
9:76391:A:T	T	0	0
9:77023:C:G	G	0	0
9:78460:T:G	G	0	0
9:78803:G:C	C	0	0
9:81808:C:T	T	0	0
9:83038:A:G	G	0	0
9:83053:G:C	C	0	0
9:83448:G:A	A	0	0
9:83670:T:C	C	0	0
9:83879:T:C	C	0	1.694305
9:86344:T:C	C	0	0
9:86945:G:T	T	0	0
9:90801:A:C	C	0	0
9:93310:A:G	G	0	0
9:94845:G:T	T	0	0
9:96883:C:T	T	0	0
9:98303:A:C	C	0	0
9:99667:A:C	C	0	0
9:100076:T:C	C	0	0
9:101068:A:G	G	0	0
9:101140:A:G	G	0	0
9:101167:T:C	C	0	0
9:101183:A:G	G	0	0
9:101217:T:C	C	0	0
9:101253:A:G	G	0	0
9:101486:G:A	A	0	0
9:102508:C:T	T	0	0
9:102651:A:G	G	0	0
9:102831:T:C	C	0	0
9:103227:G:A	A	0	0
9:103995:A:G	G	0	0
9:104694:A:G	G	0	0
9:105588:C:T	T	0	0
9:105798:T:C	C	0	0
9:105848:G:A	A	0	0
9:105864:C:T	T	0	0
9:105873:C:T	T	0	1.143481
9:106216:A:G	G	0	0.470346
9:108249:T:C	C	0	0
9:108588:A:T	T	0	0
9:109450:C:A	A	0	0
9:109810:C:T	T	0	0
9:112882:A:G	G	0	0
9:113107:G:A	A	0	0
9:113165:A:G	G	0	0
9:114672:G:C	C	0	0
9:115067:T:C	C	0	0
9:115255:G:T	T	0	0
9:116579:C:A	A	0	0
9:116953:C:G	G	0	0
9:117268:C:T	T	0	0
9:117352:G:A	A	0	0
9:117800:G:T	T	0	0
9:117883:G:A	A	0	0
9:118342:T:C	C	0	0
9:118418:T:C	C	0	0
9:118719:T:C	C	0	0
9:118756:C:G	G	0	0
9:119565:T:G	G	0	0
9:119681:C:T	T	0	0
9:120831:C:A	A	0	0
9:121799:G:A	A	0	0
9:123132:A:C	C	0	0
9:126828:G:A	A	0	0
9:127358:C:T	T	-0.626783	0
9:128601:A:T	T	0	0
9:130114:T:C	C	0	0
9:132336:G:A	A	0	0
9:133401:A:G	G	0	0
9:135112:G:A	A	0	0
9:135808:G:C	C	0	0
9:136803:C:T	T	0	1.192904
9:137197:T:C	C	0	0
9:138499:G:A	A	0	0
9:138952:T:G	G	0	0
9:140327:G:C	C	0	0
9:141376:G:T	T	0	0
9:141543:A:G	G	0	0
9:142509:A:C	C	0	0
9:145716:T:A	A	0	0
9:146050:T:C	C	0	0
9:147237:G:A	A	0	0
9:147425:G:A	A	0	0
9:147623:A:G	G	0	0
9:147652:C:T	T	0	0
9:147727:G:A	A	0	0
9:147734:A:G	G	0	0
9:147759:G:A	A	0	0
9:147773:C:G	G	0	0
9:150805:A:C	C	0	0
9:151047:G:C	C	0.409218	0
9:154253:G:C	C	0	0
9:154890:T:A	A	0.40883	0
9:156135:A:T	T	0	0
9:157289:T:G	G	0	0
9:158080:C:T	T	0	0
9:158345:A:G	G	0	0
9:162136:T:C	C	0	-0.490593
9:162248:G:C	C	0	0
9:162993:C:G	G	0	0
9:165496:G:A	A	0	0
9:167126:T:G	G	0	0
9:167314:T:C	C	0	0
9:171648:T:A	A	0	0
9:171815:C:T	T	0	0
9:172404:C:T	T	0	0
9:172942:T:C	C	0	0
9:173776:T:C	C	0	0
9:173832:G:C	C	0	0
9:174063:C:T	T	0	0
9:174429:C:T	T	0	0
9:175215:T:C	C	0	0
9:175251:G:A	A	0	0.043849
9:176101:C:T	T	0	0
9:176605:C:G	G	1.001827	0
9:177034:T:G	G	0	0
9:178147:T:A	A	0	0
9:178330:T:C	C	0	0
9:178962:G:A	A	0	0
9:179095:C:A	A	0	0
9:181408:C:T	T	0	0
9:182295:C:T	T	0	0
9:183455:A:C	C	0	0
9:186895:A:G	G	0	0
9:187197:G:A	A	0	0
9:190000:C:T	T	0	0
9:192573:C:A	A	0	0
9:193780:C:T	T	0	0
9:193869:C:T	T	0	0
9:194096:A:T	T	0	0
9:194357:T:C	C	0	0
9:195452:C:T	T	0	0
9:195491:A:G	G	0	0
9:195875:A:G	G	0	0
9:196032:T:C	C	0	0
9:196262:A:G	G	0	0
9:198735:T:A	A	0	0
9:198943:C:T	T	0	0
9:200033:C:G	G	0	0
9:200866:A:G	G	0	0
9:201654:A:G	G	0	0
9:201722:A:G	G	0	0
9:201880:T:C	C	0	0
9:202377:G:T	T	0	0
9:203148:C:A	A	0	-1.251254
9:203360:A:G	G	0	0
9:203683:G:C	C	0	0
9:203999:T:C	C	0	0
10:60523:T:G	G	0	0
10:60684:A:C	C	0	0
10:60803:T:G	G	0	0
10:61321:A:G	G	0	0
10:61419:G:A	A	0	0
10:61614:G:C	C	0	0
10:62068:A:C	C	0	0
10:66809:A:C	C	0	0.708708
10:67566:C:T	T	0	0
10:67635:G:A	A	0	0
10:69261:G:A	A	0	0
10:70796:T:C	C	0	0
10:73560:G:A	A	0	0
10:73702:C:T	T	0	0
10:73759:C:T	T	0	0
10:74018:T:A	A	0	0
10:77070:C:T	T	0	0
10:78289:T:C	C	0	0
10:79191:G:A	A	0	0.902918
10:81726:A:G	G	0	0
10:87043:G:C	C	0	0
10:88766:C:T	T	0	0
10:88767:G:A	A	0	0
10:89301:G:C	C	0	0
10:89314:C:T	T	0	0
10:91605:G:A	A	0	0
10:92855:C:T	T	0	0
10:93257:G:A	A	0	0
10:93943:A:G	G	0	0
10:94073:G:A	A	0	0
10:94181:G:C	C	0	0
10:94263:C:A	A	0	0
10:94699:G:T	T	0	0
10:94814:G:A	A	-1.139902	0
10:94868:G:A	A	0	0
10:95032:C:T	T	0	0
10:95204:G:C	C	0	0
10:95226:A:T	T	0	0
10:95248:C:G	G	0	0
10:95844:C:T	T	0	0
10:97964:G:A	A	0	0
10:98726:A:G	G	0	0
10:99277:G:A	A	0	0
10:105926:T:G	G	0	0
10:106485:A:G	G	0	0
10:106986:A:G	G	0	0
10:116387:C:A	A	0.413879	0
10:116433:C:A	A	0	0
10:117264:G:A	A	0	0
10:117679:G:A	A	0	0
10:118221:G:A	A	0	0
10:119374:G:C	C	0	0
10:119952:T:A	A	-0.523453	0
10:119959:G:A	A	0	0
10:119976:T:C	C	0	0
10:120580:A:G	G	0	0
10:121137:A:T	T	0	0
10:123617:T:C	C	0	0
10:124608:T:C	C	0	0
10:125224:G:A	A	0	0
10:126822:C:T	T	0	0
10:130090:C:T	T	0	0
10:130135:A:G	G	0	0
10:131136:G:A	A	0	0
10:132135:C:T	T	0	0
10:132755:C:T	T	0	0
10:132768:T:C	C	0	0
10:133243:G:A	A	0.547447	0
10:133637:A:C	C	0	0
10:133638:C:A	A	0	0
10:133844:C:T	T	0	0
10:134849:G:A	A	0	0
10:135237:A:G	G	0	0
10:137283:G:A	A	0	0
10:139264:T:G	G	0	0
10:139627:T:G	G	0	0
10:142608:C:T	T	0	0
10:143171:A:G	G	0	0
10:143754:A:C	C	0	0
10:143965:C:T	T	0	0
10:144292:G:A	A	0	0
10:145644:T:C	C	0	0
10:146622:G:A	A	0	0
10:146786:C:T	T	0	0
10:146854:A:G	G	0	0
10:147104:C:T	T	0	0
10:147645:A:G	G	0	0
10:148410:G:C	C	0	0
10:148697:T:C	C	0	0
10:150922:C:T	T	0	0
10:153437:T:C	C	0	0
10:155168:G:A	A	0	0
10:157129:A:C	C	0	0
10:159076:G:A	A	0	0
10:160385:A:G	G	0	0
10:160478:A:G	G	0	0
10:161001:C:T	T	0	0
10:161143:G:C	C	0	0
10:161187:C:T	T	0	0
10:161203:C:T	T	0	0
10:161788:G:C	C	0.995993	0
10:161960:G:A	A	0	0
10:161987:C:G	G	0	0
10:162102:A:C	C	0	0
10:162271:G:A	A	0	0
10:162305:T:A	A	0	0
10:162550:A:G	G	0	0
10:163896:G:T	T	0	0
10:164417:A:C	C	0	0
10:165024:T:C	C	0	0
10:165867:T:A	A	0.300152	0
10:167134:T:C	C	0	0
10:167539:C:T	T	-0.151404	0
10:170405:C:T	T	0	0
10:173539:T:C	C	0	0
10:173611:C:G	G	0	0
10:174861:A:G	G	0	0
10:178312:G:A	A	0	0
10:178721:A:G	G	0	0
10:180329:C:T	T	-0.333843	0
10:182136:C:G	G	0	0
10:182935:A:G	G	0	0
10:187964:G:A	A	0	0
10:188764:A:T	T	0	0
10:190304:G:A	A	0	0
10:190694:C:T	T	0	0
10:191260:C:T	T	0	0
10:192440:C:T	T	0	0
10:192494:T:C	C	0	0
10:195964:T:C	C	0	0
10:196338:G:A	A	0	0
10:197533:C:T	T	0	0
10:200449:C:T	T	0	0
10:200877:C:T	T	0	0
10:201545:A:G	G	0	0
10:202356:T:A	A	0	0
10:203085:C:T	T	0	0
10:203702:A:T	T	0	0
10:204363:T:A	A	0	0
10:204976:T:C	C	0	0
10:206185:G:C	C	0	0
10:206294:A:T	T	0	0
10:206369:T:C	C	0	0
10:206553:A:G	G	0	0
10:206995:C:T	T	0	0
10:207045:G:A	A	0	0
10:207499:G:A	A	0	0
10:207691:A:G	G	0	0
10:207829:T:C	C	0	-1.084303
10:207889:C:T	T	0	0.084699
10:211065:T:G	G	0	0
10:211465:C:T	T	0	0
10:212035:A:G	G	0	0
10:212902:G:A	A	0	0
10:213051:A:G	G	0	0
10:213737:T:A	A	0	0
10:213778:T:G	G	0	0
10:216290:T:C	C	0.729228	0
10:217032:G:A	A	0	0
10:219332:T:G	G	0	0
10:220437:A:C	C	0	0
10:221268:G:A	A	0	0
10:221893:C:T	T	0	0
10:224239:C:T	T	0	0
10:224961:A:T	T	0	-0.439607
10:225659:G:A	A	0	0
10:226395:G:A	A	0	0
11:87268:T:C	C	0	0
11:115282:C:T	T	0	0
11:119854:T:G	G	0	0
11:119945:G:C	C	0	0
11:123350:C:T	T	0	0
11:128425:G:C	C	0	0
11:128446:G:A	A	0	0
11:128460:G:T	T	0	0
11:128623:A:G	G	0	0
11:130551:A:T	T	0	0
11:133845:C:T	T	0	0
11:142058:G:A	A	0	0
11:142512:G:C	C	0	0
11:151344:T:G	G	0	0
11:153910:C:T	T	0	0
11:154185:T:A	A	0	-0.236695
11:157449:A:G	G	0	0.506706
11:160513:G:A	A	0	0
11:162454:C:A	A	0	0
11:165059:T:C	C	0	0
11:174754:G:A	A	0	0
11:175142:C:A	A	0	0
11:175288:C:A	A	0	0
11:175590:C:T	T	0	0
11:175981:C:G	G	0	0
11:176397:A:G	G	0	0
11:176442:C:T	T	0	0
11:179401:T:C	C	0	0
11:179650:G:C	C	-2.135902	0
11:179669:T:C	C	0	0
11:179921:T:G	G	0	0
11:179979:G:A	A	0	0
11:180225:A:G	G	0	0
11:180261:A:T	T	0	0
11:180360:A:T	T	0	0
11:180483:A:T	T	0	0
11:180901:C:G	G	0	0.774456
11:182648:T:A	A	0	0
11:183001:T:C	C	0	0
11:184431:T:C	C	0	0
11:185747:G:C	C	0	0
11:185799:A:C	C	0	0
11:186243:C:G	G	0	0
11:187120:T:C	C	0	0
11:187547:T:C	C	0	0
11:187771:C:A	A	0	0
11:187846:C:T	T	0	0
11:188621:T:C	C	0	0
11:188909:G:A	A	0	0
11:189626:G:A	A	0	0
11:189774:A:G	G	0	0
11:189780:G:A	A	0	0
11:189861:A:T	T	0	0
11:189987:G:A	A	1.53818	0
11:190567:T:G	G	0	0
11:190761:A:G	G	0	0
11:191036:A:G	G	0	0
11:191663:T:C	C	0	0
11:191890:C:T	T	0	0
11:192342:G:A	A	0	0
11:193703:G:A	A	0	0
11:193865:T:G	G	0	0
11:193922:G:A	A	0	0
11:194640:G:A	A	0	0
11:194700:G:A	A	0	0
11:194903:A:G	G	0	0
11:194931:A:G	G	0	0
11:195218:T:C	C	0	0
11:195572:C:T	T	0	0
11:196050:A:C	C	0	0
11:196237:G:C	C	0	0
11:196573:A:G	G	0	0
11:196593:T:C	C	0	0
11:197291:G:A	A	0	0
11:197473:G:A	A	0	0
11:198469:G:A	A	0	0
11:198986:T:C	C	0	0
11:199492:G:A	A	0	0
11:199911:T:A	A	0	0
11:200062:C:T	T	0	0
11:200948:G:A	A	0	0
11:201027:C:A	A	0	0
11:201172:T:C	C	0	0
11:201190:C:G	G	0	0
11:201212:A:G	G	0	0
11:201400:G:A	A	0	0
11:201975:C:T	T	0	0
11:202397:T:C	C	0	0
11:202585:G:A	A	0	0
11:202812:G:A	A	0	0
11:202875:C:T	T	0	0
11:202954:A:C	C	0	0
11:203147:G:C	C	0	0
11:204100:T:C	C	0	2.15259
11:204208:G:A	A	0	0
11:205198:C:A	A	0	0
11:205787:G:A	A	0	0
11:207068:C:A	A	0	0
11:207698:C:T	T	0	0
11:208122:C:T	T	0	0
11:208225:C:T	T	0	0
11:209357:T:G	G	0	0
11:209617:C:T	T	0	0
11:209896:C:A	A	0	0
11:211650:G:A	A	0	0
11:212173:T:C	C	0	0
11:212789:A:T	T	0	0
11:212839:C:T	T	0	0
11:213377:C:T	T	0	0
11:215804:C:G	G	0	0
11:217011:T:G	G	0	0
11:218203:A:G	G	0	0
11:218640:G:A	A	0	0
11:218907:G:A	A	0	0
11:219452:C:G	G	0	0
11:219722:A:G	G	0	0
11:219805:A:C	C	0	0
11:220605:T:C	C	0	0
11:220966:C:T	T	0	0
11:222405:G:A	A	0	0
11:222513:T:C	C	0	0
11:223080:C:T	T	0	0
11:223119:T:C	C	0	0
11:223832:C:A	A	0	0
11:223904:C:A	A	0	0
11:223926:C:T	T	0	0
11:223976:A:C	C	0	0
11:224204:C:T	T	0	0
11:225062:G:A	A	0	0
11:226268:C:A	A	0	0
11:226757:A:T	T	0	0
11:227310:T:C	C	0	0
11:228012:C:T	T	0	0
11:229302:G:A	A	0	0
11:230074:G:A	A	0	0
11:230474:G:T	T	0	0
11:230613:G:C	C	0	0
11:231444:A:G	G	0	0
11:232061:T:C	C	0	0
11:232419:C:T	T	0	0
11:235619:A:C	C	0	0
11:236337:C:G	G	0	-0.883191
11:236649:C:G	G	0	0
11:237161:C:G	G	0	0
11:238058:T:C	C	0	0
11:238447:C:T	T	0	0
11:238689:T:C	C	0	0
11:239757:G:A	A	0	0
11:240980:C:T	T	0	0
11:241124:C:G	G	0	0
11:241523:C:T	T	0	0
11:241577:G:T	T	0	0
11:241645:T:A	A	0	0
11:242014:T:A	A	0	0
11:242130:C:T	T	0	0
11:243100:G:A	A	0	0
11:243817:T:C	C	0	0
11:245222:C:T	T	0	0
11:245427:A:G	G	0	0
11:246050:C:T	T	0	0
11:247200:G:T	T	0	0
11:247230:T:C	C	0	0
11:247629:C:T	T	0	0
11:247630:G:A	A	0	0
11:247747:C:G	G	0	0
11:247836:C:G	G	0	0
11:247887:A:T	T	0	0
11:247897:T:G	G	0	0
11:247906:C:G	G	0	0
11:248036:C:T	T	0	0
11:248072:C:T	T	0	0
11:248077:C:T	T	0	0
11:248086:A:G	G	0	0
11:248100:G:A	A	0	0
11:248104:A:C	C	0	0
11:248887:G:A	A	0	0
11:249105:G:A	A	0	0
11:249228:T:C	C	0	0
11:249544:G:A	A	0	0
11:249572:G:T	T	0	0
11:249758:T:A	A	0	0
11:250159:A:G	G	0	0
11:250735:G:C	C	0	0
11:252137:C:T	T	0	0
11:252318:C:T	T	0	0
11:252617:G:A	A	0	0
11:253948:T:C	C	0	0
11:256362:G:A	A	0	0
11:257990:A:G	G	0	0
11:258613:T:C	C	0	0
11:258702:A:C	C	0	0
11:258905:A:G	G	0	0
11:259592:G:A	A	0	0
11:259650:A:C	C	0	0
11:260610:T:C	C	0	0
11:261210:G:A	A	0	0
11:261650:A:T	T	0	0
11:262193:C:A	A	0	0
11:262272:T:C	C	0	0
11:263823:T:G	G	0	0
11:264100:T:C	C	0	0
11:267561:G:T	T	0	0
11:267834:C:T	T	0	0
11:268020:A:G	G	0	0
11:268434:C:G	G	0	0
11:269147:C:T	T	0	0
11:269818:G:T	T	0	0
11:270340:A:C	C	0	0
11:270349:C:A	A	0	0
11:270466:G:A	A	0	0
11:270548:C:T	T	0	0
11:270969:C:T	T	0	0
11:272010:G:A	A	0	0
11:272132:T:C	C	0	0
11:272199:C:T	T	0	0
11:272974:G:A	A	0	0
11:273166:C:T	T	0	0
11:274188:A:G	G	0	0
11:274472:T:G	G	0	0
11:275484:C:T	T	0	0
11:276371:G:A	A	0	0
11:276963:G:A	A	0	0
11:277365:G:A	A	0	0
11:277636:G:T	T	0	0
11:277978:G:A	A	0	0
11:279237:C:T	T	0	0
11:279798:G:A	A	0	0
11:280294:G:A	A	0	-0.54516
11:280673:C:T	T	0	0
11:281494:C:T	T	0	0
11:283190:C:T	T	0	0
11:283928:G:T	T	0	0
11:284039:A:G	G	0	0
11:284092:G:T	T	0	0
11:284257:G:A	A	0	0
11:284299:A:G	G	0	0
11:284341:G:A	A	0	0
11:284377:G:A	A	0	0
11:284459:G:C	C	0	0
11:284477:T:C	C	0	0
11:284538:T:C	C	0.535467	0
11:284716:C:T	T	0	0
11:284936:C:T	T	0	0
11:285045:G:A	A	0	0
11:285129:A:G	G	0	0
11:285503:C:T	T	0	0
11:285622:G:A	A	0	0
11:286239:C:T	T	0	0
11:286409:T:C	C	0	0
11:287528:G:A	A	0	0
11:287581:A:G	G	0	0
11:287601:G:C	C	0	0
11:287875:C:A	A	0	0
11:288022:G:A	A	0	0
11:288025:A:G	G	0	0
11:289668:C:G	G	0	0
11:290050:G:A	A	0	0
11:290466:C:T	T	0	0
11:291194:G:A	A	0	0
11:291218:C:T	T	0	0
11:291521:A:T	T	0	0
11:291694:A:G	G	0	0
11:292120:C:T	T	0	0
11:292861:C:T	T	0	0
11:292962:A:C	C	0	0
11:293096:A:C	C	0	0
11:293284:G:A	A	0	0
11:294390:C:G	G	0	0
11:294670:C:T	T	0	0
11:295152:G:A	A	0	0
11:295370:C:T	T	0	0
11:295808:A:G	G	0	0
11:295918:G:A	A	0	0
12:61172:G:A	A	0	0
12:67149:T:A	A	0	0
12:68178:C:G	G	0	0
12:68276:T:C	C	0	0
12:68657:T:C	C	0	0
12:71302:C:T	T	0	0
12:75337:A:G	G	0	0
12:75546:T:C	C	0	0
12:76678:C:T	T	0	0
12:80311:A:G	G	0	0
12:80834:C:T	T	0	0
12:81015:A:G	G	0	0
12:81551:C:G	G	0	0
12:82650:C:T	T	0	0
12:83052:G:A	A	0	-0.244727
12:83247:C:G	G	0	0
12:83558:T:G	G	0	0
12:84115:G:A	A	0	0
12:84194:G:A	A	0	0
12:84284:G:T	T	0	0
12:84286:G:T	T	0	0
12:84497:C:T	T	0	0
12:84618:C:A	A	0	0
12:84778:C:T	T	0	0
12:85570:C:A	A	0	0
12:86886:G:C	C	0	0
12:87281:C:G	G	0	0
12:88060:C:T	T	0	0
12:88111:C:G	G	0	0
12:89484:G:A	A	-1.710108	0
12:89564:G:A	A	0	0
12:89834:G:A	A	0	0
12:90596:C:T	T	0	0
12:90736:T:C	C	0	0
12:90852:G:A	A	0	0
12:91030:G:C	C	0	0
12:92664:C:A	A	0	0
12:92834:A:G	G	0	0
12:93091:C:T	T	0	-0.255327
12:93546:C:G	G	0	-0.242526
12:93879:G:A	A	0	0
12:93905:C:A	A	0	0
12:93919:A:G	G	0	0
12:94593:A:C	C	1.359423	0
12:94675:C:G	G	0	0
12:95020:T:C	C	0	0
12:95179:G:A	A	0	0
12:95460:G:T	T	0	0
12:95464:G:T	T	0	0
12:95546:T:A	A	0	0
12:145991:C:A	A	0	0
12:146358:C:T	T	0	0
12:147020:A:C	C	0	0
12:147145:G:A	A	1.125335	0
12:147149:G:A	A	0	0
12:147214:C:G	G	0	0
12:147446:T:C	C	0	0
12:147773:G:A	A	0	0
12:148286:A:G	G	0	0
12:148673:T:C	C	0	0
12:148841:T:G	G	0	0
12:150262:C:T	T	0	0
12:151709:G:A	A	0	0
12:152341:C:A	A	0	0
12:152417:A:C	C	0	0
12:152565:G:C	C	0	0
12:152581:A:G	G	0	0
12:152704:G:T	T	0	0
12:152755:A:C	C	0	0
12:152987:T:C	C	0	0
12:153435:C:T	T	0	0
12:153492:T:C	C	0	0
12:153573:G:A	A	0	0.315213
12:153632:G:A	A	0	0
12:153714:T:C	C	0	0
12:154338:T:C	C	0	0
12:155658:C:T	T	0	0
12:155660:C:T	T	0	0
12:155734:C:T	T	0	0
12:156117:T:C	C	0	0
12:156760:G:T	T	0	0
12:157727:G:T	T	0	0
12:158087:T:C	C	0	0
12:159712:T:C	C	0	0
12:160015:C:A	A	0	0
12:160510:T:C	C	0	0
12:162542:C:G	G	0	0
12:162909:G:A	A	0	0
12:163761:G:A	A	0	0
12:164460:T:C	C	0	0
12:164715:G:A	A	0	0
12:165001:T:C	C	0	0
12:165008:A:G	G	0	0
12:165231:T:G	G	0	0
12:165665:C:T	T	0	0
12:165668:C:T	T	0	0
12:165828:G:A	A	0	0
12:165941:G:A	A	0	0
12:166007:C:T	T	0	0
12:166199:C:G	G	0	0
12:167423:G:A	A	0	0
12:167548:G:C	C	0	0
12:167735:G:A	A	0	0
12:167874:T:C	C	0	0
12:167932:A:G	G	0	0
12:168073:A:G	G	0	0
12:168091:T:C	C	0	0
12:168522:T:C	C	0	0
12:168566:T:C	C	0	0
12:168567:G:A	A	0	0
12:168867:A:C	C	0	0
12:169045:C:T	T	0	0
12:169046:A:G	G	-0.20824	0
12:169169:G:A	A	0	0
12:169188:C:T	T	0	0
12:169299:T:A	A	0	0
12:169482:A:C	C	0	0
12:170193:A:G	G	0	0
12:173217:C:T	T	0	0
12:173875:A:G	G	0	0
12:173929:G:C	C	0	0
12:174659:C:T	T	0	0
12:175100:T:G	G	0	0
12:178628:G:A	A	0	0
12:178782:T:C	C	0	0
12:179196:C:T	T	0	0
12:180284:T:A	A	0	0
12:180477:T:C	C	0	0
12:180965:C:T	T	0	0
12:181460:C:A	A	0	0
12:182265:A:T	T	0	0
12:183138:A:C	C	0	0
12:183513:A:T	T	0	0
12:183568:A:G	G	0	0
12:184531:G:A	A	0	0
12:185052:C:A	A	0	0
12:189169:C:T	T	0	0
12:190052:G:A	A	0	0
12:190097:G:A	A	0	0
12:190717:G:A	A	0	0
12:190980:A:G	G	0	0
12:191318:C:T	T	0	0
12:192266:G:C	C	0	0
12:193311:G:A	A	0	0
12:193920:T:C	C	0	0
12:194332:A:G	G	0	0
12:194686:T:G	G	0	0
12:194743:C:T	T	0	0
12:195066:A:G	G	0	0
12:196490:A:G	G	0	0
12:198509:G:A	A	0	0
12:199049:A:G	G	0	0
12:200224:C:A	A	0	0
12:201868:G:C	C	0	0
12:202574:G:A	A	0	0
12:203442:T:G	G	0	1.98518
12:203692:G:A	A	0	0
12:203746:G:A	A	0	0
12:203795:G:A	A	0	0
12:204728:C:T	T	0	0
12:206324:G:A	A	0	0
12:207231:A:G	G	0	0
12:207857:A:G	G	0	0
12:207886:C:T	T	0	0
12:207996:A:G	G	0	0
12:209646:C:T	T	0	0
12:210438:G:A	A	0	0
12:210622:G:A	A	0	0
12:211147:C:T	T	0	0
12:211353:C:T	T	0	0
12:211374:A:G	G	0	0
12:212306:T:G	G	0	0
12:213149:A:G	G	0	0
12:213725:T:A	A	0	0
12:215012:G:A	A	0	0
12:216766:C:T	T	0	0
12:216842:C:G	G	0	0
12:216939:T:G	G	0	0
12:217383:A:T	T	0	0
12:218152:G:A	A	0	0
12:218250:C:T	T	0	0
12:218588:C:A	A	0	0
12:218999:T:C	C	0	0
12:219988:A:G	G	0	0
12:220408:A:C	C	0	0
12:220989:G:C	C	0	0
12:222634:C:T	T	0	0
12:222644:C:A	A	0	0
12:224328:C:A	A	0	0
12:224902:A:G	G	0	0
12:225651:T:C	C	0	0
12:226475:G:A	A	0	0
12:228771:A:G	G	0	-0.874865
12:229561:G:A	A	0	0
12:231904:G:A	A	0	0
12:232072:C:A	A	0	0
12:232258:A:G	G	0	0
12:232401:T:A	A	-1.181619	0
12:232852:G:A	A	0	0
12:233202:G:A	A	0	0
12:233269:T:C	C	0	0
12:233533:C:A	A	0	0
12:233875:G:A	A	0	0
12:234216:G:C	C	0	0
12:234493:C:T	T	0	0
12:234547:C:T	T	0	0
12:234962:G:A	A	0	0
12:235022:C:T	T	0	0
12:235128:T:C	C	0	0
12:235143:G:C	C	0	0
12:235480:G:T	T	0	0
12:235593:G:T	T	0	0
12:235838:A:C	C	0	0
12:236605:G:C	C	0	0
12:236889:T:G	G	0	0
12:237689:T:C	C	0	0
12:237719:C:A	A	0	0
12:238191:T:A	A	0	0
12:240046:C:T	T	0.737112	0
12:240764:T:C	C	0	0
12:240787:G:A	A	0	0
12:241857:G:A	A	0	0
12:243196:T:C	C	0	0
12:244282:C:T	T	0	0
12:245249:T:C	C	0	0
12:245335:T:C	C	0	0
12:245828:A:G	G	0	0
12:246202:G:A	A	0	0
12:247324:C:T	T	0	0
12:248155:C:T	T	0	0
12:248202:C:G	G	0	0
12:248369:T:G	G	0	0
12:249942:C:G	G	0	0
12:250128:C:A	A	0	0
12:250130:T:C	C	0	0
12:250239:A:G	G	0	0
12:250605:A:G	G	0	0
12:250636:G:A	A	0	0
12:250987:T:C	C	0	0.744911
12:251332:G:C	C	0	0
12:251662:G:A	A	0	0
12:251834:C:T	T	-0.601194	0
12:252274:G:C	C	0	0
12:252908:G:A	A	0	0
12:253032:T:A	A	0	0
12:253341:C:T	T	0	0
12:254973:A:G	G	0	0
12:255639:T:C	C	0	0
12:255653:T:A	A	0	0
12:255662:A:G	G	0	0
12:255704:C:T	T	0	0
12:257166:T:C	C	0	0
12:257491:G:A	A	0	0
12:258202:C:T	T	0	0
12:258551:T:G	G	0	0
12:259446:C:G	G	0	0
12:260214:A:G	G	0	0
12:260570:G:A	A	0	0
12:260739:T:C	C	0	0
12:261676:C:A	A	0	0
12:261706:C:T	T	0	0
12:261838:C:T	T	0	0
12:261839:G:A	A	0	0
12:262119:G:A	A	0	0
12:263083:A:C	C	0	0
12:263570:G:T	T	0	0
12:263834:C:T	T	0	0
12:263986:T:C	C	0	0
12:264265:G:A	A	0	0
12:264598:C:T	T	0	0
12:264624:C:T	T	0.626525	0
12:264664:C:T	T	0	0
12:264788:A:G	G	0	0
12:264859:C:T	T	0	0
13:19020944:A:G	G	0	0
13:19021019:A:C	C	0	0
13:19021164:T:C	C	0	0
13:19021248:T:A	A	0	0
13:19021389:A:G	G	0	0
13:19021475:C:T	T	0	0
13:19021676:G:A	A	0	0
13:19021881:G:T	T	0	0
13:19024580:G:A	A	0	0
13:19024932:A:G	G	0	0
13:19026087:A:T	T	0	0
13:19027361:G:A	A	0	0
13:19029223:G:C	C	0	0
13:19029318:G:A	A	0	0
13:19030203:A:G	G	0	0
13:19031261:G:A	A	0	0
13:19031332:G:A	A	0	0
13:19032061:C:G	G	0	0
13:19032116:G:A	A	0	0
13:19032759:G:C	C	0	0
13:19034196:A:G	G	0	0
13:19036002:C:T	T	0	0.005191
13:19039548:T:C	C	0	0
13:19043074:C:T	T	0	0
13:19044110:A:G	G	0	0
13:19047073:C:T	T	0	0
13:19047899:T:C	C	0	0
13:19047934:C:A	A	0	0
13:19048281:C:T	T	0	0
13:19049541:T:G	G	0	0
13:19051184:A:G	G	-0.166409	0
13:19051980:G:A	A	0	0
13:19052152:G:A	A	0	0
13:19052324:A:T	T	0	0
13:19052477:G:A	A	0	0
13:19054218:G:A	A	0	0
13:19054491:C:T	T	0	0
13:19055200:C:T	T	0	0
13:19055822:A:T	T	0	0
13:19057138:G:T	T	0	0
13:19057178:T:C	C	0	0
13:19060792:T:C	C	0	0
13:19061477:T:G	G	0	0
13:19064553:C:T	T	-0.210412	0
13:19065084:C:T	T	0	0
13:19066365:A:T	T	0	0
13:19070305:C:T	T	0	0
13:19070403:G:A	A	0	0
13:19071047:G:A	A	0	0
13:19071347:G:A	A	-1.099636	0
13:19072765:G:C	C	0	0
13:19073172:C:A	A	0	0
13:19073182:G:A	A	0	0
13:19073906:C:T	T	0	0
13:19073932:G:A	A	0	0
13:19075047:C:A	A	0	0
13:19075818:T:C	C	0	0
13:19075829:T:C	C	0	0
13:19076127:G:A	A	0.17844	0
13:19076139:C:G	G	0	0
13:19076164:T:C	C	0	0
13:19076445:T:C	C	0	0
13:19076544:G:A	A	0	0
13:19076893:A:G	G	0	0
13:19077256:G:C	C	0	0
13:19077907:T:C	C	0	0
13:19078341:G:A	A	0	0
13:19079713:C:A	A	0	-0.201767
13:19080491:C:T	T	0	0
13:19080979:C:T	T	0	0
13:19081010:G:C	C	0	0
13:19082108:A:G	G	0	0
13:19085523:C:T	T	0	0
13:19086614:G:T	T	0	0
13:19087021:A:T	T	0	0
13:19088082:A:G	G	0	0
13:19088098:A:C	C	0	0
13:19088457:C:G	G	0	0
13:19088995:C:T	T	0	0
13:19090160:G:C	C	0	0
13:19092449:C:A	A	0	0
13:19092508:G:T	T	0	0
13:19092640:C:A	A	0	0
13:19094156:A:C	C	0	0
13:19095527:A:T	T	0	0
13:19096822:C:T	T	0	0
13:19100640:G:A	A	0	0
13:19101764:T:C	C	0	0
13:19102301:T:C	C	1.360694	0
13:19103258:C:T	T	0	0
13:19103746:G:A	A	0	0
13:19104489:T:G	G	0	0
13:19104502:T:C	C	0	0
13:19104506:C:G	G	0	0
13:19104780:T:G	G	0	0
13:19106472:A:G	G	0	0
13:19106591:G:A	A	0	0
13:19106613:G:A	A	0	0
13:19107371:G:A	A	0	0
13:19108096:G:T	T	0	0
13:19109204:G:A	A	0.05713	0
13:19110361:T:G	G	0	0
13:19110511:C:A	A	0	0
13:19110515:G:A	A	0	0
13:19110519:C:T	T	0	0
13:19110573:T:C	C	0	0
13:19111844:C:T	T	0	0
13:19114739:T:C	C	0	0
13:19115166:C:T	T	0	0
13:19115943:C:T	T	0	0
13:19118532:T:A	A	0	0
13:19120170:C:G	G	0	0
13:19128481:T:C	C	0	0
13:19129422:A:T	T	0	0
13:19129476:C:T	T	0	0
13:19132902:C:T	T	0	0
13:19135281:C:T	T	0	0
13:19139034:T:C	C	0	0
13:19139245:A:G	G	-0.877504	0
13:19139602:G:A	A	0	0
13:19141852:A:G	G	0	-0.952353
13:19142202:G:A	A	0	0
13:19142400:T:C	C	0.294723	0
13:19144088:T:A	A	0	0
13:19147089:C:A	A	0	0
13:19147609:G:A	A	0	0
13:19149334:G:T	T	0	0
13:19152323:A:G	G	0	0
13:19152516:T:C	C	0	0
13:19156991:C:T	T	0	0
13:19158959:C:T	T	0	0
13:19160641:A:G	G	0.196733	0
13:19160862:T:A	A	0	0
13:19161760:G:T	T	0	0
13:19162622:A:G	G	0	0
13:19162980:T:C	C	0	0
13:19164007:C:T	T	0	0
13:19166196:G:T	T	0	0
13:19166513:C:T	T	0	0
13:19168006:C:G	G	0	0
13:19168020:C:T	T	0	0
13:19168487:C:T	T	0	-0.454956
13:19169446:C:T	T	0	0
13:19169475:T:G	G	0	0
13:19169686:T:A	A	0	0
13:19169747:C:T	T	0	0
13:19169892:A:G	G	0	0
13:19170219:T:A	A	0	0
13:19170934:T:C	C	0	0
13:19171981:A:G	G	0	0.172569
13:19172681:A:G	G	0	0
13:19172687:C:T	T	0	0
13:19173346:C:T	T	0	0
13:19175558:T:C	C	0	0
13:19176158:C:T	T	0	0
13:19177014:G:A	A	0	0
13:19177042:C:T	T	0	0
13:19179359:T:C	C	0	0
13:19182549:T:G	G	0	0
13:19184980:G:A	A	0	0
13:19185279:G:A	A	0	0
13:19186465:C:T	T	-1.418542	0
13:19187086:A:T	T	0	0
13:19189616:G:A	A	0	0
13:19193178:G:A	A	0	0
13:19194229:G:T	T	0	0
13:19194634:G:T	T	0	0
13:19194708:G:C	C	0	0
13:19194829:G:A	A	0	0
13:19194944:G:C	C	0	0
13:19195137:T:C	C	0	0
13:19195356:G:T	T	0.873133	0
13:19195423:G:A	A	0	1.215073
13:19195612:T:C	C	0	0
13:19195745:G:A	A	0	0
14:19000141:T:C	C	0	0
14:19000218:G:A	A	0	0
14:19000224:G:A	A	0	0
14:19000368:C:T	T	0	0
14:19000498:G:C	C	0	0
14:19001170:C:T	T	0	0
14:19002497:A:G	G	0	0
14:19003042:A:G	G	0	0
14:19003314:A:G	G	0	0
14:19003794:G:A	A	0	0
14:19003817:G:A	A	0	0
14:19004794:C:T	T	0	0
14:19006404:G:A	A	0	0
14:19007198:A:T	T	0	0
14:19007199:C:T	T	0	0
14:19007741:G:A	A	0	0
14:19008937:C:G	G	0	0
14:19009053:G:A	A	0.632765	0
14:19009763:T:A	A	0	0
14:19012416:T:C	C	-0.596032	0
14:19014674:T:G	G	0	0
14:19017704:A:G	G	0	0
14:19018235:T:G	G	0	0
14:19019260:T:C	C	0	0
14:19019261:G:A	A	0	0
14:19021860:G:T	T	0	0
14:19023777:A:G	G	0	0
14:19024280:G:A	A	0	0
14:19028093:C:T	T	0	0
14:19028668:T:C	C	0	0
14:19029067:G:A	A	0	0
14:19029422:C:A	A	0	0
14:19031524:G:C	C	0	0
14:19034864:A:T	T	0	0
14:19039660:C:T	T	0	0
14:19040987:G:A	A	0	0
14:19041371:G:T	T	0	0
14:19048196:C:T	T	0	0
14:19049541:G:A	A	0	0
14:19049544:A:C	C	0	0
14:19050812:C:T	T	0	0
14:19050848:A:G	G	0	0
14:19050963:T:G	G	0	0
14:19052304:G:A	A	0	0
14:19053687:T:A	A	0	0
14:19053855:C:T	T	0	0
14:19055351:G:A	A	0	0
14:19057009:G:A	A	0	0
14:19057714:T:G	G	0	0
14:19060169:C:T	T	0	0
14:19061602:G:T	T	0	0
14:19066085:C:T	T	0	0
14:19066474:C:T	T	0	0
14:19068869:G:T	T	0	0
14:19071076:G:C	C	0	0
14:19071946:A:C	C	0	0
14:19071955:T:A	A	0	0
14:19071964:G:A	A	-0.575406	0
14:19072133:A:G	G	0	0
14:19072810:C:A	A	0	0
14:19073032:G:A	A	0	0
14:19073553:C:T	T	0	0
14:19074455:C:T	T	0	0
14:19075167:G:T	T	0	0
14:19077551:T:A	A	0	0
14:19079843:A:G	G	0	0
14:19080235:T:C	C	0	0
14:19084125:G:A	A	0	0
14:19087872:G:C	C	0	0
14:19088972:A:C	C	0	0
14:19089155:C:T	T	0	0
14:19089156:G:A	A	0	0
14:19089464:T:C	C	0	0
14:19089690:T:A	A	0	0
14:19090544:T:C	C	0	0
14:19094489:A:T	T	0	0
14:19094615:G:C	C	0	0
14:19095201:C:T	T	0	0
14:19098857:G:A	A	0	0
14:19099196:G:T	T	0	0
14:19100089:G:C	C	0	0
14:19100171:G:A	A	0	0
15:20000041:T:A	A	0	0
15:20000114:G:T	T	0	0
15:20000464:C:G	G	0	0
15:20000894:G:T	T	0	0
15:20000985:T:A	A	0	-0.148143
15:20001267:T:C	C	0	0
15:20001364:C:T	T	0.527111	0
15:20002755:G:A	A	0	0
15:20003931:C:T	T	0	0
15:20004016:G:C	C	0	0
15:20004471:C:G	G	0	0
15:20005492:G:A	A	0	0
15:20005896:T:C	C	0	0
15:20006125:C:T	T	0	0
15:20006766:G:A	A	0	0
15:20007360:C:T	T	0	0
15:20007454:C:T	T	0	0
15:20007577:G:C	C	0	0
15:20007752:A:G	G	0	0
15:20008043:T:G	G	0	0
15:20008402:G:T	T	0	0
15:20008791:A:C	C	0	0
15:20008986:T:A	A	0	0
15:20009001:T:G	G	0	0
15:20009450:A:G	G	0	0
15:20009605:A:G	G	0	0
15:20010255:G:A	A	0	0
15:20010952:A:C	C	0	0
15:20011866:G:A	A	0	0
15:20012390:C:T	T	0	0
15:20012585:A:G	G	0	0
15:20013544:G:C	C	0	0
15:20013773:C:T	T	0	0
15:20014077:C:T	T	0	0
15:20015382:G:T	T	0	0
15:20015396:T:C	C	0	0
15:20016565:C:T	T	0	0
15:20016782:A:G	G	0	0
15:20017197:G:A	A	0	0
15:20017539:G:A	A	0	0.525064
15:20019237:C:T	T	0	0
15:20020268:A:G	G	0	0
15:20020398:T:A	A	0	0
15:20020516:G:A	A	0	0
15:20021973:G:A	A	0	-0.238146
15:20024394:C:G	G	0	0
15:20024965:A:G	G	0	0
15:20025672:C:G	G	0	0
15:20025812:G:A	A	0	0
15:20026137:C:T	T	0	0
15:20026498:T:C	C	0	0
15:20026755:T:C	C	0	0
15:20026964:G:C	C	0	0
15:20027717:T:C	C	0	0
15:20027911:C:T	T	0	0
15:20028813:C:A	A	0	0
15:20028929:T:A	A	0	0
15:20029327:C:T	T	0	0
15:20030280:G:A	A	0	0
15:20030368:G:A	A	0	-0.028801
15:20031037:C:G	G	0	0
15:20031358:A:C	C	0	0
15:20031462:A:G	G	0	0
15:20031511:C:T	T	0	0
15:20031899:G:T	T	0	0
15:20032015:G:A	A	0	0
15:20032450:G:T	T	0	0
15:20033305:C:A	A	0	0
15:20034467:G:A	A	0	0
15:20034712:T:C	C	0	0
15:20034898:G:A	A	0	0
15:20034970:C:T	T	0	0
15:20035633:G:T	T	0	0
15:20036633:C:T	T	0	0
15:20036726:G:A	A	0	0
15:20037600:C:T	T	0	0
15:20038101:C:A	A	0	0
15:20038232:T:G	G	0	-0.637212
15:20038343:C:T	T	0	0
15:20039033:A:G	G	0	0
15:20039782:C:T	T	0	0
15:20040483:C:T	T	0	0
15:20040537:T:C	C	0	0
15:20040632:G:T	T	0	0
15:20041704:A:G	G	0	0
15:20042868:T:A	A	0	0
15:20044342:G:A	A	0.236735	0
15:20044956:C:T	T	0	0
15:20047107:C:T	T	0	0
15:20047234:C:T	T	0	0
15:20047235:G:A	A	0	0
15:20047469:C:T	T	0	0
15:20047822:T:C	C	0	0
15:20048082:A:G	G	0	0
15:20048150:C:T	T	0	0
15:20049781:C:A	A	0	0
15:20050645:G:A	A	0	0
15:20052613:G:A	A	0	0
15:20053109:C:T	T	0	0
15:20053151:A:G	G	0	0
15:20053541:G:A	A	0	0
15:20053756:G:A	A	0	0
15:20053801:G:T	T	0	0
15:20053849:G:A	A	0	0
15:20054177:C:G	G	0	0.607126
15:20054459:C:G	G	0	0
15:20054550:C:T	T	0	0
15:20055441:T:A	A	0	0
15:20055618:G:T	T	0	0
15:20055634:T:G	G	0	0
15:20056622:G:A	A	0	0
15:20056795:C:T	T	0	0
15:20057427:C:G	G	0	0
15:20057890:G:A	A	0	0
15:20058209:G:A	A	0	0
15:20059008:T:C	C	0	0
15:20060954:G:A	A	0	0
15:20061079:T:C	C	0	0
15:20061338:G:A	A	0	0
15:20062718:C:T	T	0	-0.815546
15:20063872:T:C	C	0	0
15:20064374:G:A	A	0	0
15:20065329:G:A	A	0	0
15:20066244:T:A	A	0.706302	0
15:20067828:A:C	C	0	0
15:20067872:C:T	T	0	0
15:20068050:C:T	T	0	0
15:20068184:T:C	C	0	0
15:20070342:C:T	T	0	0
15:20071912:A:G	G	0	0
15:20072729:C:A	A	0	0
15:20072952:T:C	C	0	0
15:20073064:G:A	A	0	0
15:20074014:C:T	T	0	0
15:20074092:C:T	T	0	0
15:20074399:C:T	T	0	0
15:20074462:A:G	G	0	0
15:20074670:A:G	G	0	0
15:20075594:T:G	G	0	0
15:20075609:G:A	A	0	0
15:20077655:T:C	C	0	0
15:20078525:T:C	C	0	0
15:20078684:C:T	T	0	0
15:20079869:G:A	A	0	0
15:20080683:G:C	C	0	0
15:20080685:G:C	C	0	0
15:20081465:T:C	C	0	0
15:20081893:G:A	A	0	0
15:20081976:C:A	A	0	0
15:20082075:G:A	A	0	0
15:20082241:T:G	G	0	0
15:20082538:G:A	A	0	0
15:20083584:C:T	T	0	0
15:20083705:G:A	A	0	0
15:20084293:A:T	T	0	0
15:20084514:A:C	C	0	0
15:20085675:T:C	C	0	0
15:20086809:C:T	T	0	0
15:20087789:C:T	T	0	0
15:20087835:T:A	A	0	0
15:20088489:T:C	C	0	0
15:20088584:G:A	A	0	0
15:20089721:C:T	T	0	-0.107096
15:20090981:G:C	C	0	0
15:20093574:T:G	G	0	0
15:20093581:C:T	T	0	0
15:20093701:G:A	A	0	0
15:20094063:C:G	G	0	0
15:20094137:T:A	A	0	0
15:20094374:G:A	A	0	0
15:20094386:G:A	A	0	0
15:20094808:T:C	C	0	0
15:20095277:G:A	A	0	0
15:20095934:C:A	A	0	0
15:20097464:G:C	C	0	0
15:20098681:A:G	G	0	0
15:20098977:A:G	G	0	0
15:20099137:G:A	A	0	0
16:60288:C:A	A	0	0
16:60404:G:C	C	0	0
16:60778:G:A	A	0	0
16:61628:G:A	A	0	0
16:61851:C:T	T	0	0
16:61947:G:A	A	0	0
16:61977:C:G	G	0	0
16:62357:G:A	A	0	0
16:62464:G:A	A	0	0
16:62569:G:A	A	0	0
16:62570:G:C	C	0	0
16:62965:G:A	A	0	0
16:63098:C:T	T	0	0
16:64637:G:A	A	0	0
16:65550:C:T	T	0	0
16:66640:G:T	T	0	0
16:66679:T:C	C	0	0
16:66888:A:G	G	0	0
16:67162:G:A	A	0	0
16:67413:G:T	T	0	0
16:67521:G:A	A	0	0
16:67841:C:T	T	0	0
16:68704:C:T	T	0	0
16:69372:C:T	T	0	0
16:69817:G:A	A	0	0
16:70076:C:G	G	0	0
16:70653:G:A	A	0	0
16:70765:C:A	A	0	0
16:71023:G:A	A	0	0
16:74628:C:A	A	0	0
16:77349:G:A	A	0	0
16:77622:A:G	G	0	0
16:78296:T:C	C	0	0
16:79586:T:C	C	0	0
16:79642:C:T	T	0	0
16:79909:G:A	A	0	0
16:80345:G:C	C	0	0
16:80398:G:C	C	-0.467314	0
16:81641:G:A	A	0	0
16:81984:T:C	C	0	0
16:82149:C:T	T	0	0
16:82912:T:C	C	0	0
16:83182:C:T	T	0	-1.094588
16:83667:G:A	A	0	0
16:83950:G:A	A	0	0
16:84170:C:T	T	0	0
16:84295:G:A	A	0	0
16:84761:A:G	G	0	0
16:84943:C:T	T	0	0
16:85629:G:A	A	0	0
16:87017:C:G	G	0	0
16:87065:T:C	C	0	0
16:88377:G:C	C	0	0
16:88871:T:C	C	0	-0.127005
16:89397:G:A	A	0	0
16:89527:T:C	C	0	0
16:90318:T:C	C	0	0
16:91785:G:A	A	0	0
16:92559:T:G	G	0	0
16:92688:G:A	A	0	0
16:92843:A:G	G	0	0
16:92888:G:A	A	0	0
16:93255:G:A	A	0	0
16:93627:G:A	A	0	0
16:94037:T:C	C	0	0
16:94054:A:C	C	0	0
16:94080:T:C	C	0	0
16:94106:G:A	A	0	0
16:94133:A:C	C	0	0
16:94151:A:T	T	0	0
16:94168:C:T	T	0	0
16:94177:C:T	T	0	0
16:94269:G:A	A	0	0
16:94298:C:T	T	0	0
16:94853:G:A	A	0	0
16:94997:C:A	A	0	0
16:96747:A:T	T	0	0
16:97541:G:A	A	0	0
16:98736:G:A	A	0	0
16:100010:G:A	A	0	0
16:100115:G:A	A	0	0
16:100472:G:A	A	0	0
16:102184:C:G	G	0	0
16:103786:C:A	A	0	0
16:103872:C:T	T	0	-2.140204
16:104552:A:G	G	0	0
16:104754:G:C	C	0	0
16:105100:A:C	C	0	0
16:105391:G:T	T	0	0
16:108408:C:T	T	0	0
16:109103:T:C	C	0	0
16:109288:G:A	A	0	0
16:109330:A:G	G	0	0
16:109557:C:T	T	0	0
16:109665:A:G	G	0	0
16:110743:C:A	A	0	0
16:111247:C:T	T	0	0
16:112496:G:A	A	0	0
16:112593:G:A	A	0	0
16:113027:G:A	A	0	0
16:113378:C:T	T	0	0
16:114773:G:A	A	0	0
16:115072:A:C	C	0	0
16:116947:G:C	C	0	0
16:117146:C:G	G	0	0
16:118785:G:T	T	0	0
16:119006:A:C	C	0	0
16:120359:A:C	C	0	0
16:121755:G:A	A	0	0
16:122350:C:T	T	0	0
16:124264:C:T	T	0	0
16:125424:G:A	A	0	0
16:126375:G:T	T	0	0
16:126588:A:C	C	0	0
16:126944:G:A	A	0	0
16:129915:G:C	C	0	0
16:129936:T:A	A	0	0
16:130168:C:G	G	0	0
16:130309:T:A	A	0	0
16:130429:G:C	C	0	0
16:131597:T:C	C	0	0
16:131742:A:G	G	-0.814799	0
16:131853:G:C	C	0	0
16:132167:T:C	C	0	0
16:132431:T:C	C	0	0
16:132510:G:A	A	0	0
16:132596:C:T	T	0	0
16:133878:A:G	G	0	0
16:134056:G:A	A	0	0
16:136636:A:C	C	0	0
16:137253:C:T	T	0	0
16:138019:C:T	T	0	0
16:138755:C:T	T	0	0
16:139086:T:C	C	0	0
16:139367:G:A	A	0	0
16:139381:G:A	A	0	0
16:139601:C:G	G	0	0
16:139617:C:T	T	0	0
16:139784:G:C	C	0	1.224985
16:140694:T:C	C	0	0
16:141238:G:A	A	0	0
16:141649:G:A	A	0	0
16:141953:C:A	A	0	0
16:142714:C:T	T	0	0
16:142987:G:A	A	0	0
16:144428:A:G	G	0	0
16:146492:C:T	T	0	0
16:147048:G:A	A	0	0
16:147746:T:C	C	0	0
16:147784:G:A	A	0	0
16:147814:C:T	T	0	0
16:147933:G:A	A	0	0
16:148352:G:A	A	0	0
16:148753:T:C	C	0	0
16:148848:A:G	G	0	0
16:150837:C:T	T	0	0
16:150873:G:T	T	0	-0.014659
16:151136:G:A	A	0	0
16:151262:C:T	T	0	0.258971
16:151357:G:A	A	0	0
16:151860:T:C	C	0	0
16:153477:A:C	C	0	0
16:154223:G:A	A	0	0
16:155358:C:T	T	0	0
16:155968:G:A	A	0	0
16:157040:C:T	T	0	0
16:157591:T:G	G	0	0
16:158645:T:C	C	1.345045	0
16:158963:C:T	T	0	0
16:159175:C:G	G	0	0
16:159351:C:T	T	0	0
16:159741:G:C	C	0	0
16:159807:T:C	C	0	0
16:159914:A:G	G	0	0
16:160136:G:A	A	0	0
16:160768:G:A	A	0	0
16:161487:C:T	T	0	0
16:161586:T:G	G	0	0
16:162240:G:A	A	0	0
16:163351:A:C	C	0	0
16:163677:G:A	A	0	0
16:166647:C:T	T	0	0
16:166796:C:G	G	0	0
16:167050:A:G	G	0	0
16:168534:C:T	T	0	0
16:170076:G:C	C	0	0
16:170761:C:A	A	0	0
16:172026:G:A	A	0	0
16:172711:A:T	T	0	0
16:174169:G:A	A	0	0
16:174903:C:T	T	-0.47174	0
16:176446:T:A	A	0	0
16:176489:T:C	C	0	0
16:177810:T:C	C	0	0
16:177843:T:C	C	0	0
16:177854:C:T	T	0	0
16:177855:G:A	A	0	0
16:177934:T:G	G	0.599592	0
16:177939:C:A	A	0	0
16:178691:C:T	T	0	0
16:178735:C:G	G	0	0
16:178869:C:T	T	0	0
16:181461:C:T	T	0	0
16:182614:A:G	G	0	0
16:183518:T:C	C	0	0
16:183885:T:A	A	0	0
16:184820:C:T	T	0	0
16:185141:T:C	C	0	0
16:185381:A:G	G	0	0
17:80:G:A	A	0	0
17:1389:G:A	A	0	0
17:1867:C:T	T	0	0
17:1881:G:A	A	0	0
17:2520:G:A	A	0	0
17:2717:G:A	A	0	0
17:2964:C:T	T	0	0
17:3104:C:T	T	0	0
17:3146:G:A	A	0	0
17:3325:G:A	A	0	0
17:3507:T:A	A	0	0
17:3980:T:C	C	0	0
17:4580:T:C	C	0	0
17:5953:G:A	A	0	0
17:7293:C:T	T	0	0
17:8193:C:T	T	0	0
17:8552:G:T	T	0	0
17:10583:A:G	G	0	0
17:11510:G:T	T	0	0
17:11837:G:A	A	0	0
17:15222:A:G	G	0	0
17:16432:A:G	G	0	0
17:18526:A:G	G	0	0
17:18658:A:G	G	0	-0.650105
17:19169:A:C	C	0	0
17:19894:T:G	G	0	0
17:22308:G:T	T	0	0
17:22752:G:A	A	0	0
17:22914:T:C	C	0	0
17:23480:G:C	C	0	0
17:23770:G:C	C	0	0
17:24036:G:A	A	0	0
17:24985:G:A	A	0	0
17:26184:C:G	G	0	0
17:26243:C:T	T	0	0
17:26245:C:T	T	0	0
17:26329:T:C	C	0	0
17:27151:A:G	G	0	0
17:27268:G:C	C	0	0
17:27359:C:T	T	0	0
17:27881:T:C	C	0	0
17:29044:C:T	T	0	0
17:29185:A:G	G	0	0
17:29257:G:C	C	0	0
17:29611:G:A	A	0	0
17:29614:C:T	T	0	0
17:31686:A:G	G	0	0
17:32360:C:G	G	0	0
17:33044:G:A	A	0	0
17:34212:C:T	T	0	0
17:35987:C:T	T	0	0
17:36164:C:A	A	0	0.877096
17:36551:T:C	C	0	0
17:37007:A:G	G	-0.183014	0
17:37368:C:T	T	0	0
17:37711:G:A	A	0	0
17:38450:C:T	T	0	0
17:38512:G:C	C	0	0
17:40333:A:G	G	0	0
17:41084:C:T	T	0	0
17:42756:G:C	C	0	0
17:43471:G:A	A	0	0
17:45045:G:A	A	0	0
17:45566:C:T	T	0	0
17:46335:C:T	T	0	0
17:48648:C:T	T	0	0
17:49733:A:G	G	0	0
17:49830:C:G	G	0	0
17:49868:T:C	C	0	0
17:50508:G:C	C	0	0
17:51137:G:A	A	0	0
17:51221:A:G	G	0	0
17:51658:C:T	T	0	0
17:52724:G:A	A	0	0
17:53206:G:A	A	0	0
17:53324:T:C	C	0	-0.781968
17:54091:A:G	G	0	1.209584
17:54671:G:A	A	0	0
17:54898:A:G	G	0	0
17:55533:T:A	A	0	0
17:55628:G:T	T	0	0
17:58980:C:T	T	0	0
17:59060:G:A	A	0	0
17:59576:C:T	T	0	0
17:61423:C:T	T	0	0
17:61665:G:A	A	0	0
17:62090:T:C	C	0	0
17:62526:T:C	C	0	0
17:62646:C:T	T	0	0
17:63099:C:T	T	0	0
17:63547:G:C	C	0	0
17:64062:A:G	G	0	0
17:64682:G:A	A	0	0
17:65314:C:T	T	0	0.302322
17:65769:C:T	T	0	0
17:67159:A:G	G	0	0
17:67441:C:T	T	0	0
17:67444:G:C	C	0	0
17:69205:G:A	A	1.291728	0
17:69347:G:A	A	0	0.132882
17:69368:G:C	C	0	0
17:70647:C:A	A	0	0
17:70827:C:A	A	0	0
17:70966:T:A	A	0	0
17:71413:A:G	G	0	0
17:71517:G:C	C	0	0
17:71593:A:G	G	0	0
17:71608:G:C	C	0	0
17:72213:C:T	T	0	0
17:72855:C:T	T	0	0
17:72913:G:A	A	0	0
17:74796:C:G	G	0	0
17:75851:C:G	G	1.173898	0
17:75884:A:G	G	0	0
17:77003:G:T	T	0	0
17:77033:G:A	A	0	1.1928
17:80606:C:G	G	0	0
17:80930:T:C	C	0	0
17:81113:G:A	A	-0.103766	0
17:81271:A:G	G	0	0
17:82344:G:A	A	0	0
17:82858:G:A	A	0	0
17:82935:C:T	T	0	0
17:83574:C:T	T	0	0
17:83597:G:A	A	0	0
17:83908:T:C	C	0	0
17:83928:A:C	C	0	0
17:83948:G:A	A	0	0
17:84056:T:C	C	0	0
17:84076:A:C	C	0	-1.072041
17:84169:C:T	T	0	0
17:84206:T:C	C	0	0
17:84690:G:A	A	0	0
17:85047:C:T	T	0	0
17:85163:C:G	G	0	0
17:85165:G:A	A	0	0
17:85186:A:G	G	0	0
17:85714:C:T	T	0	0
17:85726:C:G	G	0	0
17:85813:C:A	A	0	0
17:85824:T:C	C	0	0
17:85924:C:T	T	0	0
17:86220:G:A	A	0	-2.063445
17:86248:C:T	T	0	0
17:86455:C:T	T	0	0
17:86655:G:A	A	0	0
17:86802:T:C	C	0	0
17:86884:A:G	G	0	0
17:87255:T:C	C	0	0
17:87769:G:A	A	0	0
17:88525:C:A	A	0	0
17:88758:G:C	C	0	0
17:89183:G:A	A	0	0
17:89185:T:C	C	0	0
17:90358:G:A	A	0	0
17:91149:G:A	A	0	0
17:91412:A:G	G	0	0
17:91709:G:A	A	0	0
17:91840:G:A	A	0	0
17:92053:T:C	C	0	0
17:92261:C:T	T	0	0
17:92346:T:C	C	0	0
17:92535:T:C	C	0	0
17:92552:T:C	C	0	0
17:93267:C:A	A	0	0
17:93408:T:G	G	0	0
17:94236:G:A	A	0	0
17:94524:G:T	T	0	0
17:94889:C:T	T	0	0
17:95286:T:C	C	1.791964	0
17:95624:G:A	A	0	0
17:96613:G:A	A	0	0
17:97144:A:G	G	0	0
17:98974:G:A	A	0	0
17:99702:A:G	G	0	0
17:99887:A:G	G	0	0
17:99950:C:G	G	0	0
17:100200:G:A	A	0	0
17:100483:G:A	A	0	0
17:100691:C:T	T	0	0
17:101687:C:T	T	0	0
17:102135:T:C	C	0	0
17:102171:C:T	T	0	0
17:102179:T:C	C	0	0
17:102384:T:A	A	0	0
17:103477:T:A	A	0	0
17:103533:C:T	T	0	0
17:103651:G:T	T	0	0
17:103655:C:T	T	0	0
17:103708:C:T	T	0	0
17:103723:A:G	G	0	0
17:104304:T:C	C	0	0
17:105543:T:C	C	0	0
17:105661:G:T	T	0	0
17:105665:C:T	T	0	0
17:105769:G:A	A	0	0
17:105825:G:A	A	0	0
17:105979:T:C	C	-0.48352	0
17:106079:C:T	T	0	0
17:107285:C:T	T	0	0
17:107386:T:C	C	0.716406	0
17:107399:T:C	C	0	0
17:107475:G:A	A	0	0
17:107527:T:C	C	0	0.88604
17:107542:G:A	A	0	0
17:107553:T:C	C	0	0
17:107733:A:G	G	0	0
17:107853:C:T	T	0	0
17:107931:G:A	A	0	0
17:108191:G:T	T	-0.615572	0
17:108547:C:T	T	0	0
17:108816:G:A	A	0	0
17:109663:A:G	G	0	0
17:109944:G:A	A	0	0
17:109995:A:G	G	0	0
17:111014:T:G	G	0	0
17:111030:C:T	T	0	0
17:111057:C:G	G	0	0
17:111223:T:A	A	0	0
17:111250:C:T	T	1.65612	0
17:111460:C:A	A	0	0
17:111755:A:C	C	0	0
17:112216:G:A	A	0	0
17:112248:A:G	G	0	0
17:112285:G:A	A	0	0
17:112291:C:T	T	0	0
17:112579:G:A	A	0	0
17:113034:C:T	T	0	0
17:113053:A:G	G	0	0
17:113093:T:C	C	0	0
17:113264:G:C	C	0	0
17:113584:G:A	A	0	0
17:113593:T:C	C	0	0
17:113676:G:A	A	0	0
17:113701:C:T	T	0	0
17:113738:G:A	A	0	0
17:113802:G:A	A	0	-0.079662
17:113886:C:G	G	0	0
17:114071:A:C	C	0	0
17:114197:C:A	A	0	0
17:114228:T:C	C	0	0
17:114941:G:A	A	0	0
17:116028:C:T	T	0	0
17:117100:C:T	T	0	0
17:117249:C:T	T	0	0
17:117339:G:C	C	0	0
17:117786:G:A	A	0	0
17:118078:C:T	T	0	0
17:118353:T:G	G	0	0
17:118657:T:C	C	0	0
17:118818:C:T	T	1.748897	0
17:118830:T:C	C	0	0
17:118845:A:G	G	0	0
17:118875:T:C	C	0	0
17:118890:C:T	T	0	0
17:118916:G:C	C	0	0
17:119349:C:T	T	0	0
17:119829:G:A	A	0	0
17:119856:G:A	A	0	0
17:120174:C:T	T	0	0
17:120215:C:T	T	0	0
17:120768:T:C	C	0	0
17:121219:T:C	C	0	0
18:10644:C:G	G	0	0
18:11275:G:A	A	0	0
18:11544:C:G	G	0	0
18:12504:G:T	T	0	0
18:14528:G:C	C	0	0
18:14892:C:T	T	0	0
18:14931:G:T	T	0	0
18:15008:G:A	A	0	0
18:15982:G:T	T	0	0
18:16444:T:G	G	1.549814	0
18:17146:G:A	A	0	0
18:20007:C:A	A	0	0
18:21246:A:G	G	0	0
18:22460:G:A	A	0	0
18:25795:C:T	T	0	0
18:27072:T:G	G	0	0
18:28854:C:T	T	0	0
18:28914:G:A	A	0	0
18:31714:G:A	A	0	0
18:31821:C:A	A	0	0
18:32153:T:C	C	0	0
18:36726:A:C	C	0	0
18:39772:A:G	G	0	0
18:43139:T:C	C	0	0
18:43535:A:C	C	0	0
18:43621:G:A	A	0	0
18:44244:C:G	G	0	0
18:44471:C:T	T	0.148844	0
18:46223:G:C	C	0	0
18:47434:C:T	T	0	0
18:48396:G:A	A	0	0
18:48398:G:A	A	0	0
18:48740:A:C	C	0	0
18:48813:G:A	A	0	0
18:49639:G:C	C	0	0
18:49909:A:G	G	0	0
18:50478:C:T	T	0	0
18:51977:A:C	C	0	0
18:52050:A:G	G	0	0
18:52574:C:T	T	0	0
18:52659:C:A	A	0	0
18:55345:C:T	T	-0.323416	0
18:56514:T:G	G	0	0
18:56750:C:A	A	0	0
18:57581:G:C	C	0	0
18:60608:T:C	C	0	0
18:60649:C:T	T	-0.332353	0
18:62153:T:C	C	0	0
18:62730:T:A	A	0	0
18:63440:A:G	G	0	0
18:63615:C:A	A	0	-1.006351
18:64775:T:C	C	0	0
18:64822:C:T	T	0	-0.816361
18:65792:T:C	C	0	0
18:65904:T:C	C	-0.216862	0
18:67121:A:G	G	0	0
18:67960:G:A	A	0	0
18:68325:C:T	T	0	0
18:69382:T:C	C	0	0
18:69441:G:A	A	0	0
18:70051:A:G	G	0	0
18:72616:C:T	T	0	0
18:73179:A:G	G	0	0
18:73677:G:C	C	0	0
18:74003:G:A	A	0	0
18:77487:G:A	A	0	0
18:78104:G:A	A	0	0
18:79784:C:G	G	0	0
18:80372:C:T	T	0	0
18:80696:G:A	A	0	0
18:81138:G:C	C	0	0
18:81198:A:C	C	0	0
18:81642:C:A	A	0	0
18:83318:C:T	T	0	0
18:83330:C:T	T	0	0
18:83906:C:G	G	0	0
18:84148:T:C	C	0	0
18:84200:C:A	A	0	0
18:84467:G:A	A	0	0
18:84723:G:A	A	0	0
18:84759:G:A	A	0	0
18:85037:C:T	T	0	0
18:86568:G:A	A	0	0
18:86585:G:A	A	0	0
18:88095:G:A	A	0	0
18:88823:G:A	A	0	0
18:88982:C:T	T	0	0
18:90361:C:T	T	0	0
18:90841:C:T	T	0	0
18:91872:G:A	A	0	0
18:93363:C:A	A	0	0
18:93375:A:G	G	0	0
18:93815:C:T	T	0	0
18:93971:G:A	A	0	0
18:94638:C:T	T	0	0
18:94740:C:T	T	-0.910353	0
18:96102:T:C	C	0	0
18:96222:A:G	G	0	0
18:96403:G:A	A	0	0
18:97958:G:A	A	0	0
18:99414:A:G	G	0	0
18:99637:T:C	C	0	0
18:100134:C:T	T	0	0
18:100199:C:G	G	0	0
18:100393:G:A	A	0	0
18:100590:C:T	T	0	0
18:101028:A:G	G	0	0
18:101873:C:T	T	0	0
18:103779:T:C	C	0	0
18:104174:T:C	C	0	0
18:104537:G:A	A	0	0
18:104617:A:T	T	0.381824	0
18:104702:T:A	A	0	0
18:105577:C:A	A	0	0
18:105814:T:C	C	0	0
18:106028:T:A	A	0	0
18:106827:A:G	G	0	0
18:107488:G:A	A	0	0
18:107633:C:T	T	0	0
18:107634:G:A	A	0	0
18:107806:C:T	T	0	0
18:108028:G:T	T	0	0
18:108029:T:C	C	0	0
18:108045:T:A	A	0	0
18:108059:G:A	A	0	-1.959046
18:108060:T:C	C	0	0
18:108080:C:A	A	0	0
18:108089:T:C	C	0	0
18:108094:G:A	A	0	0
18:108108:G:C	C	0	0
18:108129:A:G	G	0	0
18:108157:G:A	A	0	0
18:108205:A:C	C	0	0
18:108299:C:A	A	0	0
18:108301:G:A	A	0	0
18:108322:G:C	C	0	0
18:108619:C:A	A	0	0
18:108703:G:A	A	0.389932	0
18:109351:G:A	A	0	0
18:110024:C:T	T	0	0.867647
18:110467:A:C	C	0	0
18:111847:T:C	C	0	0
18:115118:G:T	T	0	0
18:116749:T:C	C	0	0
18:120645:C:T	T	0	0
18:120862:C:T	T	0	0
18:120881:C:T	T	0	0
18:122045:C:G	G	0	0
18:122072:G:A	A	0	0
18:122397:G:A	A	0	0
18:123247:T:C	C	0	0
18:123663:A:C	C	0	0
18:123786:G:A	A	0	0
18:124035:G:A	A	0	0
18:124418:T:A	A	0	0
18:124819:A:C	C	0	0
18:125039:T:C	C	0	0
18:125171:T:C	C	0	0
18:125297:G:C	C	0	0
18:125380:C:T	T	0	0
18:125495:T:G	G	0	0
18:126616:G:T	T	0	-0.27739
18:127556:T:G	G	0	0
18:127788:G:A	A	0	0
18:128291:A:G	G	0	0
18:129379:T:A	A	0	0
18:130109:C:T	T	0	0
18:130317:C:T	T	0	0
18:132301:T:C	C	0	0
18:132856:G:A	A	0	0
18:133924:G:A	A	0	0
18:134960:T:C	C	0	0
18:139326:A:G	G	0	-0.494664
18:139490:G:A	A	0	0
18:140972:C:G	G	-0.128824	0
18:142311:C:G	G	0	0
18:142353:T:C	C	0	0
18:142505:T:A	A	0	0
18:144687:G:T	T	0	0
18:146107:C:T	T	0	0
18:146895:G:A	A	0	0
18:146926:C:T	T	0	0
18:146966:T:C	C	0	0
18:147157:T:C	C	0	0
18:147339:G:A	A	0	0
18:147857:C:A	A	0	0
18:147917:G:C	C	0	0
18:148932:A:G	G	0	0
18:149701:A:G	G	0	0
18:150573:G:A	A	0	0
18:151232:T:C	C	0	0
18:151284:G:A	A	-0.719226	0
18:151455:C:T	T	0	0
18:152604:T:C	C	0	0
18:152679:C:G	G	0	0
18:153337:T:C	C	0	0
18:153492:G:A	A	0	0
18:153532:G:A	A	0	0
18:154473:A:G	G	0	0
18:155280:G:A	A	0	0
18:156464:A:T	T	0	0
18:156976:G:A	A	0	0
18:158212:G:A	A	0	0
18:159792:G:T	T	0	0
18:160145:A:C	C	0	0
18:161221:C:T	T	0	0
18:164130:T:C	C	0	0
18:165022:A:C	C	0	0
18:166819:T:C	C	0	0
18:167320:T:C	C	0	0
18:167329:A:G	G	0	0
18:167720:T:C	C	0	0
18:168076:C:G	G	0	0
18:168318:T:C	C	0	0
18:169252:G:A	A	0	0
18:169315:C:G	G	1.142189	0
18:169436:C:T	T	0.522807	0
18:169718:A:G	G	0	0
18:169911:G:A	A	0	0
18:169956:T:C	C	0	0
18:170160:C:T	T	0	0
18:170848:G:T	T	0	0
18:171227:G:A	A	0	-0.610548
19:69984:G:A	A	0	0
19:95794:A:C	C	0	0
19:103810:A:T	T	0	0
19:130998:A:G	G	0	0
19:140465:C:T	T	0	0
19:157742:G:A	A	0	0
19:157892:G:A	A	0	0
19:159021:A:G	G	0	0
19:160372:C:T	T	0	0
19:160565:T:C	C	0	0
19:161091:T:G	G	0	0
19:173104:A:G	G	0	0
19:198839:C:G	G	0	0
19:200152:T:C	C	0	0
19:200427:G:A	A	0	0
19:209645:A:C	C	0	0
19:219620:T:G	G	0	0
19:228264:C:T	T	0	0
19:233577:C:T	T	0	0
19:234773:T:C	C	0	0
19:235460:C:A	A	0	0
19:236305:G:A	A	-0.849478	0
19:237165:G:A	A	0	0
19:238011:C:T	T	0	0
19:238434:C:G	G	0	0
19:240554:C:T	T	0	0
19:240648:G:A	A	0	0
19:240836:G:A	A	0	0
19:240963:G:A	A	0	0
19:241838:T:G	G	0	0
19:244320:A:G	G	0	0
19:244889:C:G	G	0	0
19:246017:G:A	A	0	0
19:247259:C:A	A	0	0
19:247634:A:G	G	0	0
19:248374:T:C	C	0	0
19:248857:A:T	T	0	0
19:249875:C:T	T	0	0
19:250929:C:T	T	0	0
19:250970:C:T	T	0	0
19:251007:G:T	T	0	0
19:251058:A:T	T	0	0
19:251285:C:T	T	0	0
19:252130:G:A	A	0	0
19:253068:T:C	C	0	0
19:253429:C:G	G	0	0
19:253658:A:G	G	0	0
19:255623:G:C	C	0	0.711229
19:256931:A:G	G	0	0
19:257317:C:T	T	0	0
19:258059:C:T	T	0	0
19:259358:T:C	C	0	0
19:259796:A:T	T	-1.016747	0
19:259912:T:C	C	0	0
19:260137:G:A	A	0	0
19:261209:C:T	T	0	0
19:262341:T:A	A	0	0
19:262555:T:A	A	0	0
19:263211:C:T	T	0	0
19:263656:T:G	G	0	0
19:264802:T:G	G	0	0
19:265064:G:T	T	0	0
19:265409:C:T	T	0	0
19:266077:T:A	A	0	0
19:266690:A:G	G	0	0
19:267039:C:T	T	0	0
19:267355:C:T	T	0	0
19:268105:G:A	A	0	0
19:268629:A:G	G	0	0
19:268765:C:T	T	0	0
19:269254:T:A	A	0	0
19:269778:C:T	T	0	0
19:270321:T:C	C	0	0
19:270727:G:A	A	0	0
19:270866:C:T	T	0	0
19:271072:C:T	T	0.921248	0
19:271881:A:T	T	0	0
19:272444:A:T	T	0	0
19:273112:C:T	T	0	0
19:274098:G:A	A	0	0
19:275922:A:T	T	0	0
19:277025:G:A	A	0	0
19:277157:T:C	C	0	0
19:278096:C:T	T	0	0
19:278188:G:A	A	0	0
19:278249:T:C	C	0	0
19:278888:A:G	G	0	0
19:279513:A:T	T	0	0
19:280312:G:A	A	0	0
19:280712:C:T	T	0	0
19:281383:C:T	T	0	0
19:281468:G:A	A	0	0
19:282449:C:T	T	0	0
19:284318:C:T	T	0	0
19:285231:G:A	A	0	0
19:285539:T:C	C	0	0
19:285756:A:G	G	0	0
19:286342:G:A	A	0	0
19:288062:G:A	A	0	0
19:288246:T:C	C	0	0
19:288467:A:T	T	0	0
19:288929:A:G	G	0	0
19:289491:A:G	G	0	0
19:289895:T:C	C	0	0
19:290085:G:A	A	0	0
19:290355:C:T	T	0	0
19:290898:G:A	A	0	0
19:291232:G:A	A	-0.015081	0
19:291710:C:T	T	0	0
19:291732:A:G	G	0	0
19:292387:G:T	T	0	0
19:292549:C:A	A	0	0
19:293346:A:T	T	0	0
19:293671:C:T	T	0	0
19:293933:G:A	A	0	0
19:294946:T:C	C	0	0
19:295131:C:T	T	0	0
19:295157:C:T	T	0	0
19:295215:C:T	T	0	0
19:295228:A:G	G	0	0
19:295350:C:G	G	0	0
19:295353:C:T	T	0	0
19:295631:G:A	A	0	0
19:295746:G:A	A	0	0
19:296777:G:A	A	0	0.622559
19:297919:A:G	G	0	0
19:298438:G:A	A	0	0
19:299085:G:A	A	0	0
19:299203:T:G	G	0	0
19:299930:T:G	G	0	0
19:299954:A:G	G	0	0
19:300202:G:A	A	0	0
19:300530:A:G	G	0	0
19:300893:C:G	G	0	0
19:301271:G:A	A	0	0.066338
19:301402:A:T	T	0	0
19:302440:C:T	T	0	0
19:302804:T:C	C	0	0
19:303226:T:C	C	0	0
19:303599:C:G	G	0	0
19:303707:A:T	T	0	0
19:304477:C:T	T	0	0
19:304492:T:G	G	0	0
19:304941:C:T	T	0	0
19:306762:G:A	A	0	0
19:306819:C:G	G	0	0
19:307032:T:C	C	0	0
19:307345:G:A	A	0	0
19:307349:C:T	T	0	0
19:308935:G:A	A	0	0
19:309122:G:A	A	0	0
19:309755:C:T	T	0	0
19:309952:A:G	G	0	0
19:310381:T:A	A	0	0
19:311632:A:G	G	0	0
19:312010:C:T	T	0	0
19:312143:T:C	C	0	0
19:313041:G:C	C	0	0
19:313154:A:G	G	0	0
19:314161:A:C	C	0	0
19:315024:C:T	T	0	0
19:315759:A:G	G	0	0
19:316385:G:A	A	0	0
19:317309:C:T	T	0	0
19:317484:G:A	A	0	0
19:318423:G:A	A	0	0
19:318914:G:A	A	0	0
19:319230:C:T	T	0	0
19:319605:C:T	T	0	0
19:320250:G:A	A	0	0
19:320557:G:A	A	0	0
19:320892:G:A	A	0	0
19:322738:C:T	T	0	0
19:322854:G:C	C	0	0
19:323080:A:T	T	0	0
19:323301:C:T	T	0	0
19:323764:G:A	A	0	0
19:324143:C:T	T	0	0
19:324309:C:A	A	0	0
19:324396:C:T	T	0	0
19:324663:C:T	T	0	0
19:324675:C:T	T	0	0
19:326250:C:T	T	0	0
19:328762:G:C	C	0	0
19:329020:C:T	T	0	0
19:329234:C:T	T	0	0
19:329532:C:T	T	0	0
19:329601:C:A	A	0	0
19:329781:G:A	A	0	0
19:331072:C:G	G	0	0
19:331311:T:C	C	0	0
19:331937:C:T	T	0	0
19:332219:T:C	C	0	0
19:332439:T:C	C	0	0
19:332490:C:T	T	0	0
19:333932:T:C	C	0	0
19:335352:G:A	A	0	0
19:336102:C:T	T	0	0
19:338525:C:T	T	0	0
19:339677:C:T	T	0	0
19:339795:G:C	C	0	0
19:339812:A:G	G	0	0
19:339905:C:T	T	0	0
19:340355:T:C	C	0	0
19:340390:C:T	T	0	0
19:340405:T:C	C	0	0
19:341087:G:C	C	0	0
19:341161:T:C	C	0	0
19:344522:G:A	A	0	0
19:346462:G:A	A	0	0
19:346867:G:A	A	0	0
19:347367:A:C	C	0	0
19:347371:A:C	C	0	0
19:347918:C:G	G	0	0
19:348105:C:T	T	0	0
19:349072:C:T	T	0	0
19:350104:C:G	G	0	0
19:350384:T:C	C	0	0
19:350590:T:C	C	0	0
19:350885:C:A	A	0	0
19:351807:T:C	C	0	0
19:352084:C:G	G	0	0
19:352169:G:A	A	0	0
19:352660:A:G	G	3.215935	0
19:353118:C:G	G	0	0
19:353609:G:A	A	0	0
19:354137:G:A	A	0	-0.823249
19:354305:T:C	C	0	0
19:355470:G:A	A	0	0
19:355730:C:A	A	0	0
19:356045:T:C	C	0	0
20:61651:C:A	A	0	0
20:61724:A:C	C	0	0
20:63231:T:G	G	0	0
20:63799:C:T	T	0	0
20:64150:C:A	A	0	0
20:67641:C:T	T	0	0
20:68264:T:C	C	0	-1.874544
20:68535:G:A	A	0	0
20:68749:T:C	C	0	0
20:68799:T:C	C	0	0
20:69094:G:A	A	0	0
20:69408:C:T	T	0	0
20:71093:G:A	A	0	0
20:72258:T:G	G	0	0
20:72317:G:T	T	0	0
20:72719:C:T	T	0	0
20:73858:C:T	T	0	0
20:74545:T:A	A	0.42671	0
20:75999:T:C	C	0.059351	0
20:77816:G:A	A	0	0
20:78005:C:G	G	0	0
20:79234:T:C	C	0	0
20:81666:C:T	T	0	0
20:82071:A:C	C	0	0
20:82088:G:A	A	0	0
20:82119:G:A	A	0	0
20:82176:T:C	C	0	0
20:82209:G:A	A	0	0
20:82223:C:T	T	0	0
20:82416:T:C	C	0	0
20:83196:A:T	T	0	0
20:83252:G:C	C	0	0
20:83611:C:A	A	0	0
20:87790:C:T	T	0	0
20:88728:C:T	T	0	0
20:93169:C:T	T	0	0
20:93327:T:C	C	0	0
20:93406:T:C	C	0.701369	0
20:93863:G:A	A	0	0
20:94704:G:A	A	0	0
20:97227:A:C	C	0	0
20:98447:T:G	G	0	0
20:98491:C:T	T	0	0
20:98792:G:C	C	0	0
20:100767:T:G	G	0	0
20:101362:G:A	A	0	0
20:101439:A:G	G	0	0
20:101905:G:C	C	0	0
20:101918:C:T	T	0	0
20:104534:T:C	C	0	0
20:104958:G:A	A	0	0
20:105350:A:G	G	0	0
20:106508:A:G	G	0	0
20:106613:A:G	G	0	0
20:110082:A:G	G	0	0
20:110738:G:T	T	0	0
20:110761:G:A	A	0	0.491894
20:110980:T:C	C	0	0
20:112115:A:C	C	0	0
20:119038:G:A	A	0	0
20:119534:A:G	G	0	0
20:121609:G:C	C	0	0.582068
20:121823:A:G	G	0	0
20:122511:T:C	C	0	0
20:122977:T:A	A	0	0
20:125179:C:A	A	0	0
20:125538:G:C	C	0	0
20:126149:T:C	C	0	0
20:126482:G:A	A	0	0
20:126600:C:A	A	0	0
20:126914:C:T	T	0	0.23219
20:126971:A:G	G	0	0
20:127194:T:C	C	0	0
20:127444:T:C	C	0	0
20:128432:G:A	A	0	0
20:129503:C:T	T	0	0
20:129987:G:C	C	-1.516723	0
20:130133:C:T	T	0	0
20:130623:C:T	T	0	0
20:131059:T:A	A	0	0
20:131133:G:A	A	0	0
20:131292:T:C	C	0	0
20:131699:A:G	G	0	0
20:132286:A:G	G	0	0
20:134366:A:G	G	0	0
20:134421:C:T	T	0	0
20:134842:G:A	A	0	0
20:135773:G:T	T	0	0
20:136461:G:A	A	0	0
20:136983:T:C	C	0	0
20:137041:T:C	C	0	0
20:138165:C:T	T	0	0
20:139741:C:T	T	0	0.620952
20:141092:T:G	G	0	0
20:141741:C:T	T	0	0
20:143584:G:A	A	0	0
20:144440:C:T	T	0	0
20:144551:G:T	T	0	-1.055291
20:144830:C:G	G	0	0
20:145210:G:A	A	0	0
20:147195:G:A	A	0	1.188372
20:148529:C:G	G	0	0
20:150262:G:T	T	0	0
20:152087:A:T	T	0	0
20:152358:C:T	T	0	0
20:153267:T:C	C	0	0
20:153649:T:A	A	0	0
20:153916:C:G	G	0	0
20:154214:T:C	C	0	0
20:154241:C:A	A	0	0
20:154709:C:T	T	0	0
20:155449:C:T	T	0	0
20:155600:T:C	C	0	0
20:155954:C:T	T	0	0
20:156299:C:T	T	0	0.080637
20:157522:C:T	T	0	0
20:158074:C:A	A	0	0
20:159108:A:G	G	0	0
20:160824:T:C	C	0	0
20:162056:G:T	T	0	0
20:162065:A:G	G	0	0
20:163152:C:A	A	0	0
20:163218:C:A	A	0	0
20:164388:C:A	A	0	0
20:165125:G:A	A	0	0
20:165207:G:T	T	0	0
20:166310:A:G	G	0	0
20:167460:A:G	G	0	0
20:167479:A:C	C	0	0
20:168080:A:G	G	0	0
20:168139:G:A	A	0	0
20:170198:T:C	C	0	0
20:170263:A:T	T	0	0
20:170820:A:G	G	0	0
20:171078:G:A	A	0	0
20:171316:C:T	T	0	0
20:171789:G:A	A	0	0
20:172056:A:G	G	0	0
20:173928:C:A	A	0	0
20:174649:A:G	G	0	0
20:176028:C:T	T	0	0
20:176212:A:G	G	0	0
20:176258:C:T	T	0	0
20:176527:T:C	C	0	0
20:176825:T:C	C	0	0
20:176956:G:A	A	0	0
20:178062:A:G	G	0	0
20:179872:C:T	T	0	0
20:179906:T:A	A	0	0
20:181412:A:G	G	0	0
20:181563:C:A	A	0	0
20:181717:A:G	G	0	0
20:181806:G:A	A	0	0
20:183330:T:G	G	0	0
20:188030:C:T	T	0	0
20:189673:G:A	A	0	0
20:190424:A:G	G	0	0
20:191065:G:A	A	0	0
20:191867:A:G	G	0	0
20:193321:G:A	A	-0.594528	0
20:193607:C:T	T	0	0
20:193672:T:C	C	0	0
20:193681:G:T	T	0	0
20:193728:A:G	G	0	0
20:198981:T:G	G	0	0
20:202468:T:G	G	0	0
20:203272:G:A	A	0	0
20:205235:A:G	G	0	0
20:206117:T:C	C	0	0
20:207127:C:T	T	0	0
20:207576:G:A	A	1.47127	0
20:207707:T:C	C	0	0
20:207800:C:G	G	0	0
20:208344:T:A	A	0	0
20:208345:A:T	T	0	0
20:208684:C:T	T	0	0
20:209220:A:G	G	0	0
20:209404:A:G	G	0	0
20:211564:T:C	C	0	0
20:211886:C:T	T	0	0
20:212002:A:T	T	0	0
20:212458:T:G	G	0	0
20:212528:G:A	A	0	0
20:213014:G:A	A	0	0
20:213090:C:A	A	0	0
21:9411410:C:T	T	0	0
21:9411497:A:G	G	0	0
21:9412099:C:T	T	0	0
21:9412608:A:G	G	0	0
21:9413387:C:A	A	0	0
21:9413557:C:T	T	0	0
21:9413645:T:G	G	0	0
21:9413996:A:G	G	0	0
21:9414249:T:C	C	0	0
21:9415451:C:T	T	0	0
21:9416106:T:G	G	0	0
21:9416257:C:A	A	0	0
21:9417127:C:A	A	0	0
21:9418383:C:G	G	0	0
21:9418488:C:T	T	0	0
21:9418638:T:C	C	0	0
21:9418832:A:T	T	0	0
21:9418987:A:T	T	0	0
21:9419012:C:A	A	0	0
21:9419909:C:T	T	0	0
21:9420127:A:T	T	0	0
21:9420130:G:A	A	0	0
21:9420596:G:A	A	0	0
21:9421531:T:C	C	0	-0.788892
21:9422101:C:G	G	0	0
21:9425605:T:C	C	0	1.242175
21:9426891:G:A	A	0	0
21:9427543:T:A	A	0	0
21:9431839:T:C	C	0	0
21:9432249:G:A	A	0	0
21:9432346:G:A	A	0	0
21:9432501:A:G	G	0	0
21:9432626:T:C	C	0	0
21:9434430:G:A	A	0	0
21:9434867:C:G	G	0	0
21:9436194:A:C	C	0	0
21:9437008:G:T	T	0	0
21:9437758:C:T	T	0	0.646856
21:9440857:A:G	G	0	0
21:9440880:C:T	T	0	0
21:9442285:G:A	A	0	0
21:9442544:A:G	G	0	0
21:9442559:C:G	G	0	0
21:9443046:A:T	T	0	0
21:9443361:G:A	A	0	0
21:9443699:T:A	A	0	0
21:9443961:T:C	C	0	0
21:9444707:G:A	A	0	0
21:9448672:G:T	T	0	0
21:9450695:C:T	T	0	0
21:9451632:G:A	A	0	0
21:9452090:T:C	C	0	0
21:9453559:C:T	T	0	0
21:9454716:G:A	A	0	0
21:9455527:C:T	T	0	0
21:9455528:G:T	T	0	0
21:9455658:A:G	G	0	0
21:9456326:G:A	A	0	0
21:9459777:A:G	G	0	0
21:9460044:C:T	T	0	0
21:9460250:G:A	A	0	0
21:9460465:A:G	G	0	0
21:9462675:C:A	A	0	0
21:9464361:T:A	A	0	0
21:9466239:G:A	A	0	0
21:9466306:A:C	C	0	0
21:9466474:G:C	C	0	0
21:9466700:C:T	T	0	0
21:9466848:A:T	T	0	0
21:9467058:T:C	C	0	0
21:9467086:T:G	G	0	0
21:9470753:C:T	T	0	0
21:9471017:A:G	G	0	0
21:9471357:G:A	A	0	0
21:9471511:C:T	T	0	0
21:9471670:A:G	G	0	-0.232088
21:9471819:C:T	T	0	0
21:9473042:A:C	C	0	0
21:9473159:A:G	G	0	-2.39614
21:9473373:C:G	G	0	0
21:9473396:T:A	A	0	0
21:9473687:G:T	T	0	0
21:9473929:C:T	T	0	0
21:9474363:G:T	T	0	0
21:9476060:T:C	C	0	-0.197098
21:9476154:T:A	A	-1.621118	0
21:9476405:C:A	A	0	0
21:9476621:C:T	T	0	0
21:9476850:T:C	C	0	0
21:9477009:A:G	G	0	0
21:9477699:G:T	T	0	0
21:9477955:A:T	T	0	0
21:9478024:T:G	G	0	0
21:9478932:C:T	T	-0.000852	0
21:9479346:A:G	G	0	0
21:9479686:A:C	C	0	0
21:9483487:G:A	A	0	0
21:9483587:T:C	C	0	0
21:9484035:G:T	T	0	0
21:9484288:C:A	A	0	0
21:9484308:A:T	T	0	0
21:9484661:A:T	T	0	0
21:9485273:C:T	T	0	0
21:9489052:G:A	A	0	0
21:9489274:T:C	C	0	0
21:9489352:T:C	C	0	0
21:9489423:A:G	G	0	0
21:9489436:A:T	T	0	0
21:9489456:T:C	C	0	0
21:9489527:G:A	A	0	0
21:9489600:A:G	G	0	0
21:9489619:A:G	G	0	0
21:9489845:A:G	G	0	0
21:9489876:T:C	C	0	0
21:9491011:C:A	A	0	0
21:9491645:T:C	C	0	0
21:9491888:C:T	T	0	0
21:9491955:T:G	G	0	0
21:9495744:A:G	G	0	0
21:9498191:T:G	G	1.062295	0
21:9498559:C:T	T	0	0
21:9498692:G:A	A	0	0
21:9498720:T:G	G	0	0
21:9501378:T:C	C	0	0
21:9502007:G:A	A	0	0
21:9502243:G:A	A	0	0
21:9502580:A:C	C	0	0
21:9502943:C:T	T	0	0
21:9503449:C:A	A	0	0
21:9503468:G:A	A	0	0
21:9503837:A:C	C	0	0
21:9505914:A:C	C	0	0
21:9506880:C:G	G	0	0
21:9506966:T:C	C	0	0
21:9506967:C:A	A	0	0
21:9507749:G:T	T	0	0
21:9507937:A:C	C	0	0
21:9509801:A:G	G	0	0
21:9509809:G:C	C	0	0
21:9509987:C:T	T	0	0.71966
21:9510482:G:A	A	0	0
21:9510501:T:C	C	0	0
21:9510671:T:C	C	0	0
21:9513188:G:A	A	0	0
21:9514301:G:C	C	0	0
21:9515800:T:G	G	0	0
21:9522793:G:C	C	0	0
21:9523182:G:C	C	0	0
21:9524687:C:A	A	0	0
21:9524793:A:G	G	0	0
21:9525912:C:T	T	0	0
21:9527040:C:A	A	0	0
21:9527058:T:C	C	0	0
21:9527456:T:A	A	0	0
21:9527466:A:C	C	0	0
21:9527926:A:G	G	0	0.619227
21:9531060:A:G	G	0	0
21:9531837:T:C	C	0	0
21:9533955:A:C	C	0	0
21:9534453:A:G	G	0	0
21:9536929:G:A	A	0	0
21:9537592:G:C	C	0	0
21:9537963:C:T	T	0	0
21:9538260:G:C	C	0	0
21:9538267:C:A	A	0	0.103085
21:9539956:C:G	G	0	0
21:9541066:T:A	A	0	0
21:9541077:A:G	G	0	0
21:9541228:G:A	A	0	0
21:9541280:T:C	C	0	0
21:9542825:G:A	A	0	0
21:9543680:C:T	T	0	0
21:9543737:A:G	G	0	0
21:9543860:T:C	C	0	0
21:9544100:G:C	C	0	0
21:9547439:T:G	G	0	0
21:9547445:C:T	T	0	0
21:9547491:G:A	A	0	0
21:9548874:T:C	C	0	0
21:9549012:C:T	T	0	0
21:9549430:C:T	T	0	0
21:9549614:T:C	C	0	0
21:9550733:A:G	G	0	0
21:9550903:T:A	A	0	0
21:9550994:G:C	C	0	0
21:9551222:A:G	G	0	0
21:9551777:T:A	A	0	0
21:9551839:A:T	T	0	0
21:9551883:G:A	A	0	0
21:9552050:A:G	G	0	0
21:9552124:G:C	C	0	0
21:9552257:A:G	G	0	0
21:9554245:T:C	C	0	0
21:9557753:T:G	G	0	0
21:9558468:T:C	C	0	0
21:9558855:T:C	C	2.84487	0
21:9560476:A:G	G	0	0
21:9560789:T:C	C	0	0
21:9560807:C:T	T	0	0
21:9563747:T:A	A	0	0
21:9564595:T:C	C	0	0
21:9564861:T:C	C	0.517705	0
21:9567445:A:G	G	0	0
21:9569183:G:C	C	0	0
21:9570358:G:A	A	0	0
21:9571110:C:A	A	0	0
21:9571717:C:T	T	0	0
21:9572603:G:A	A	0	0.639386
21:9573356:A:T	T	0	0
21:9573775:A:G	G	0	0
21:9574585:G:A	A	0	0
21:9575245:C:G	G	0	0
21:9576114:A:G	G	0	0
21:9577355:A:G	G	0	0
21:9577815:A:G	G	0	0
21:9579355:C:T	T	0	0
21:9579380:T:A	A	0	0
21:9579412:A:G	G	0	0
21:9579507:T:C	C	0	0
21:9579577:G:A	A	0	0
21:9580076:G:T	T	0	0
21:9581808:A:T	T	0	0
21:9582464:T:C	C	0	0
21:9583257:A:T	T	0	0
21:9584118:A:G	G	0	0
21:9585036:G:A	A	0	0
21:9586228:A:T	T	0	0
21:9586371:A:G	G	0.520352	0
21:9587527:C:G	G	0	0
21:9589457:G:C	C	0	0
21:9589584:A:C	C	0	0
21:9589732:G:A	A	0	0
21:9590967:G:A	A	0	0
21:9593088:G:A	A	0	0
21:9593344:A:G	G	0	0
21:9593426:G:A	A	0	0
21:9593527:A:G	G	0	0
21:9593537:A:G	G	0	0
21:9594386:T:C	C	0	0
21:9594966:A:G	G	0	0
21:9594978:G:A	A	0	0
21:9645628:A:G	G	0	0
21:9645705:T:G	G	0	0
21:9645775:G:T	T	0	0
21:9646137:A:C	C	0	0
21:9646689:C:G	G	0	0
21:9646797:G:T	T	0	0
21:9648000:A:G	G	0	0
21:9648058:A:G	G	0	0
21:9649350:G:A	A	0	0
21:9651122:G:A	A	0	0
21:9652503:G:C	C	0	0
21:9652737:C:T	T	0	0
21:9654916:T:C	C	0	0
21:9658490:C:T	T	0	0
21:9659529:C:T	T	0	-1.403987
21:9660206:G:A	A	0	0
21:9660831:G:A	A	0	0
21:9660963:T:C	C	0	0
21:9661271:C:T	T	0	0
21:9661979:C:T	T	0	0
21:9662534:T:A	A	0	0
21:9662634:C:T	T	0	0
21:9662883:C:A	A	0	0
21:9664499:T:G	G	0	0
21:9664671:C:T	T	0	0
21:9665887:C:G	G	0	0
21:9666046:T:A	A	0	0
21:9666502:G:A	A	0	0
21:9666695:T:C	C	0	0
21:9666696:G:T	T	0	0
21:9668934:T:G	G	0	0
21:9669844:C:A	A	0	0
21:9671017:A:T	T	0	0
21:9671990:A:G	G	0	0
21:9672646:C:T	T	0	0
21:9675560:A:G	G	0	0
21:9675989:G:C	C	0	0
21:9676738:A:T	T	0	0
21:9678708:T:C	C	0	0.854079
21:9678879:G:T	T	0	0
21:9678948:C:T	T	0	0
21:9679292:G:A	A	0	0
21:9679346:G:T	T	0	0
21:9679349:C:T	T	0	0
21:9679893:A:T	T	0	0
21:9680044:A:G	G	1.245245	0
21:9680102:C:T	T	0	0
21:9681871:T:G	G	0	0
21:9682186:C:A	A	0	0
21:9682364:G:A	A	0	0
21:9682378:T:A	A	0	0
21:9682497:C:T	T	0	0
21:9682524:C:T	T	0	0
21:9683479:G:A	A	0	0
21:9684872:G:A	A	0	0
21:9687829:C:A	A	0	0
21:9688005:G:C	C	0	0
21:9689691:G:A	A	0	0
21:9690802:G:A	A	0	0
21:9691782:G:A	A	0	0
21:9692532:C:A	A	0	0
21:9693775:T:C	C	0	0
21:9695375:T:G	G	0	0
21:9695565:C:A	A	0	0
21:9695788:T:C	C	0	0
21:9695816:A:G	G	0	0
21:9695821:G:T	T	0	0
21:9695849:C:A	A	0	0
21:9695991:A:T	T	0	0
21:9696210:G:C	C	0	0
21:9697011:T:C	C	0	-0.624771
21:9697300:C:T	T	0	0
21:9697625:A:C	C	0	0
21:9699159:C:G	G	0	0
21:9699983:T:A	A	0	0
21:9700730:T:G	G	0	0
21:9700943:C:T	T	0	0
21:9701206:T:G	G	0	0
21:9701539:T:G	G	0	0
21:9701982:C:T	T	0	0
21:9702145:C:T	T	0	0
21:9702262:T:C	C	0	0
21:9702345:C:G	G	0	0
21:9702821:C:A	A	0	0
21:9703075:T:C	C	0	-1.3596
21:9703078:C:T	T	-0.219648	0
21:9703095:C:T	T	0	0
21:9703731:A:G	G	0	0
21:9703754:A:C	C	0	0
21:9707949:G:A	A	0	0
21:9708554:C:T	T	0	0
21:9713303:G:C	C	0	0
21:9716776:G:T	T	0	0
21:9716835:G:A	A	0	0
21:9717543:T:C	C	0	0
21:9718242:C:A	A	0	0
21:9721583:T:C	C	0	0
21:9723296:G:A	A	0	0
21:9724696:A:C	C	0	0
21:9726750:C:T	T	0	0
21:9727504:T:C	C	0	0
21:9727818:G:A	A	0	0.401193
21:9730087:A:C	C	0	0
21:9731135:C:A	A	0	0
21:9731768:G:A	A	0.043456	0
21:9732133:G:A	A	0	0
21:9732922:C:A	A	0	0
21:9732926:C:T	T	0	0
21:9734194:C:G	G	0	0
21:9735285:C:G	G	0	0
21:9737825:A:C	C	0	0
21:9738257:C:T	T	0	0
21:9738657:C:T	T	0	0
21:9739302:C:A	A	0	0
21:9741437:T:C	C	0	0
21:9741464:C:G	G	0	0
21:9744038:T:C	C	0	0
21:9746797:C:T	T	0	0
21:9747923:A:G	G	0	0
21:9749993:A:G	G	0	0
21:9757757:G:T	T	0	0
22:16050115:G:A	A	0	0
22:16050783:A:G	G	0	0
22:16052080:G:A	A	0	0
22:16052271:G:A	A	0	0
22:16052463:T:C	C	0	0
22:16052986:C:A	A	0	0
22:16053031:G:A	A	0	0
22:16053254:G:A	A	0	0
22:16054071:C:T	T	0	0
22:16054311:T:C	C	0	0
22:16054740:A:G	G	0	0
22:16054839:G:A	A	0	0
22:16055171:G:A	A	0	0
22:16055407:C:A	A	0	0
22:16055858:C:T	T	0	0
22:16055965:G:T	T	0	0
22:16056936:C:T	T	0	0
22:16057320:G:A	A	0	0
22:16059387:C:T	T	0	0
22:16059973:C:A	A	0	0
22:16060389:G:A	A	0	0
22:16060427:C:T	T	0	0
22:16060505:T:C	C	0	0
22:16060513:T:C	C	0	0
22:16060544:T:C	C	0	0
22:16062995:G:A	A	0	0
22:16065809:T:C	C	0	0
22:16066641:T:C	C	0	0
22:16067118:C:T	T	0	0
22:16067375:G:A	A	0	0
22:16067379:T:A	A	0	0
22:16067418:C:T	T	0	0
22:16067513:T:C	C	0	0
22:16068624:T:C	C	0	0
22:16070918:C:A	A	0	0
22:16071011:A:G	G	0	0
22:16077652:G:A	A	0	0
22:16080579:G:A	A	0	0
22:16081207:G:A	A	0	0
22:16082614:G:A	A	0	0
22:16084929:A:T	T	0	0
22:16085285:G:A	A	0	0
22:16085591:C:T	T	0	0
22:16091784:G:A	A	0	0
22:16096320:C:A	A	0	0
22:16097033:C:G	G	0	0
22:16097791:C:T	T	0	0
22:16098399:G:C	C	0.451462	0
22:16103536:G:A	A	0	0
22:16105128:C:G	G	0	0
22:16106333:G:C	C	0	0
22:16108650:T:A	A	-1.142471	0
22:16113072:G:T	T	0	0
22:16113892:T:C	C	0	0
22:16121640:A:G	G	0	0
22:16122005:T:G	G	1.675111	0
22:16122797:G:A	A	0	0
22:16123428:C:A	A	0	0
22:16123467:C:T	T	0	0
22:16123469:T:G	G	0	0
22:16124155:G:A	A	0	0
22:16129462:G:A	A	0	0
22:16132196:C:G	G	0	0
22:16133452:G:C	C	0	0
22:16135378:A:G	G	0	0
22:16136565:C:T	T	0	0
22:16136566:A:G	G	0	0
22:16139539:T:C	C	0	0
22:16139658:C:A	A	0	0
22:16140792:A:G	G	0	0.559786
22:16143520:C:T	T	0	0
22:16145649:A:G	G	0	0
22:16146771:T:A	A	0	0
22:16146857:A:G	G	0	0
22:16146983:C:T	T	0	0
22:16149693:C:T	T	0	0
22:16150004:A:G	G	0	0
22:16150968:C:T	T	0	0
22:16152415:G:A	A	0	0
22:16152475:C:T	T	0	0
22:16152518:C:T	T	0	0
22:16152552:C:T	T	0	0
22:16152911:C:T	T	0	0
22:16153168:A:G	G	0	0
22:16154477:C:T	T	0	0
22:16154873:T:G	G	0	0
22:16155223:C:T	T	0	0
22:16156195:G:A	A	0	0
22:16156853:G:A	A	0	0
22:16157622:G:C	C	0	0
22:16157623:G:A	A	0	0
22:16158127:C:A	A	0	0
22:16159293:C:A	A	0	0
22:16159864:C:T	T	0	0
22:16160013:A:C	C	0	0
22:16162187:C:T	T	0	0.588831
22:16163115:A:G	G	-1.180322	0
22:16165981:C:T	T	0	0
22:16173570:G:T	T	0	0
22:16176715:C:T	T	0	0
22:16177740:C:T	T	0	0
22:16185747:T:C	C	0	0
22:16185876:C:T	T	0	0
22:16190056:G:A	A	0	0
22:16192519:T:C	C	0	0
22:16193458:C:G	G	0	-1.062439
22:16196469:C:T	T	0	0
22:16199875:T:C	C	0	0
22:16200924:A:G	G	0	0
22:16201138:G:A	A	0	0
22:16202170:C:T	T	0	0
22:16205354:G:A	A	0	0
22:16205515:G:A	A	0	0
22:16208755:C:T	T	0	0
22:16212250:A:G	G	0	0
22:16212336:T:A	A	0	0
22:16212410:G:T	T	0	0
22:16213756:T:A	A	0	0
22:16217412:C:T	T	0	0
22:16217433:C:T	T	0	0
22:16217779:C:T	T	0	0
22:16218096:C:T	T	0	0
22:16218142:G:A	A	0	0
22:16218197:G:A	A	0	0
22:16219267:T:C	C	0	0
22:16219322:T:C	C	0	0
22:16219747:C:A	A	0	0
22:16220080:C:T	T	0	0
22:16221125:G:A	A	0	0
22:16221593:C:A	A	0	0
22:16221894:T:A	A	0	0
22:16223201:G:T	T	0	0
22:16225633:G:A	A	0	0
22:16227532:G:A	A	0	0
22:16228755:C:T	T	0	0
22:16228759:T:C	C	0	0
22:16229267:G:A	A	1.309119	0
22:16229443:C:G	G	0	0
22:16229544:T:A	A	0	0
22:16231930:A:G	G	0	0
22:16234925:C:G	G	0	0
22:16239150:C:A	A	0	0
22:16239600:C:T	T	0	0
22:16240139:G:A	A	0	0
22:16240905:C:T	T	0	0
22:16241861:T:C	C	0	0
22:16242019:C:T	T	0	0
22:16245499:T:C	C	0	0
22:16245600:T:G	G	0	0
22:16245796:G:A	A	0	0
22:16246219:G:A	A	-0.413986	0
22:16246365:C:T	T	0	0
22:16247010:C:T	T	0	0
22:16247806:T:C	C	0	0
22:16252264:T:G	G	0	0
22:16252600:G:A	A	0	0
22:16255409:C:T	T	0	0
22:16255526:G:A	A	0	0
22:16255537:G:T	T	0	0
22:16256006:G:A	A	0	0
22:16257190:G:A	A	0	0
22:16258294:T:G	G	0	0
22:16259019:T:C	C	0	0
22:16259383:A:C	C	0	0
22:16259490:G:A	A	0	0
22:16263812:C:T	T	0	0
22:16269722:C:G	G	0	0
22:16269827:A:C	C	0	0
22:16271182:T:C	C	0	0
22:16275358:A:G	G	0	0
22:16278069:C:A	A	0	0
22:16278225:T:C	C	0	0
22:16278260:C:A	A	-0.641812	0
22:16279068:G:T	T	0	0
22:16283190:T:C	C	0	0
22:16285185:G:T	T	0	0
22:16285350:G:C	C	0	0
22:16286468:C:G	G	0	0
22:16286586:A:T	T	0	0
22:16286989:A:G	G	0	0
22:16287025:T:C	C	0	0
22:16287051:T:C	C	0	0
22:16287155:G:T	T	-1.911777	0
22:16287156:T:C	C	0	0
22:16287226:C:T	T	0	0
22:16287339:C:T	T	0	0
22:16287365:C:T	T	0	1.02054
22:16287523:T:C	C	0	0
22:16287579:A:G	G	0	0
22:16287769:G:C	C	0	0
22:16287784:C:T	T	0	0
22:16287789:C:G	G	0	0
22:16287905:A:G	G	0	0
22:16288739:T:G	G	0	0
22:16289428:G:A	A	0	0
22:16289673:T:C	C	0	0
22:16289678:C:T	T	0	0
22:16289869:G:C	C	0	0
22:16291070:T:C	C	0	0
22:16291278:T:C	C	0	0
22:16292188:G:C	C	0	0
22:16293394:G:A	A	0	0
22:16295132:C:G	G	0	1.246956
22:16297012:A:C	C	-1.379805	0
22:16299380:A:G	G	-1.756752	0
22:16299407:G:A	A	0	0
22:16302286:G:T	T	0	0
22:16302297:T:C	C	0	0
22:16305058:C:G	G	0	0
22:16305466:A:G	G	0	0
22:16309459:A:T	T	0	0
22:16309752:G:A	A	0	-0.550012
22:16312556:G:T	T	0	0
22:16313168:A:G	G	0	0
22:16313416:A:G	G	0	0
22:16319620:A:G	G	0	0
22:16319835:A:G	G	0	0
22:16320336:G:A	A	0	0
22:16332005:C:T	T	0	0
22:16336941:G:A	A	0	0
22:16338581:G:A	A	0	0
22:16339569:C:T	T	0	0
22:16340347:C:A	A	0	0
22:16340493:T:C	C	0	0
22:16340912:G:A	A	0	0
22:16340968:C:A	A	0	0
22:16340992:G:A	A	0	0
22:16341376:C:T	T	0	0
22:16341415:C:G	G	0	0
22:16343889:G:A	A	0	0
22:16344345:G:C	C	0	0
22:16344555:G:A	A	0	0
22:16347845:T:C	C	0	0
22:16349307:G:A	A	0	0
22:16351957:G:T	T	0	0
22:16352247:C:T	T	0	0
22:16352618:A:T	T	0	0
22:16353208:C:A	A	0	0
22:16353218:A:G	G	0	0
22:16353520:A:G	G	0	0
22:16354551:T:C	C	0	0
22:16357100:G:A	A	0	0
22:16358161:C:A	A	0	0
22:16358287:G:A	A	0	0
22:16362633:C:A	A	0	0
22:16364176:C:T	T	0	0
22:16364981:A:T	T	0	0
22:16365285:C:T	T	0	0
22:16365289:G:A	A	0	0
22:16366264:C:T	T	0	0
22:16366289:C:T	T	0	0
22:16367258:A:C	C	0	0
22:16367558:C:A	A	0	0
22:16368614:C:T	T	0	0
22:16369010:G:A	A	0	0
22:16370760:C:G	G	0	0
22:16373054:C:T	T	0	0
22:16378046:A:T	T	0	0
22:16378659:G:A	A	-0.050583	0
22:16384557:G:A	A	0	0
22:16387466:T:G	G	0	0
22:16387731:G:A	A	0	0
22:16388032:G:A	A	0	0
22:16391918:A:T	T	0	0
22:16393045:G:A	A	0	0
22:16397973:C:T	T	0	0
22:16398555:G:A	A	0	0
22:16399159:A:T	T	0	0
22:16400371:G:T	T	0	0
22:16400397:C:T	T	0	0
22:16400479:G:A	A	0	0
22:16400550:A:G	G	0	0
22:16400935:T:C	C	0	0
22:16401049:G:A	A	0	0
22:16401098:G:A	A	0	-1.601292
22:16401372:C:T	T	0	0
22:16401613:G:A	A	0	0
22:16402296:C:T	T	0	0
22:16403471:C:T	T	0	0
22:16404002:C:T	T	0	0
22:16404650:C:A	A	0	0
22:16405115:T:A	A	0	0
22:16405138:T:C	C	0	0
22:16405179:G:A	A	0	0
22:16405656:A:G	G	0	0
