#FID	IID
HG00096	HG00096
HG00102	HG00102
HG00108	HG00108
HG00113	HG00113
HG00118	HG00118
HG00123	HG00123
HG00129	HG00129
HG00136	HG00136
HG00141	HG00141
HG00148	HG00148
HG00155	HG00155
HG00171	HG00171
HG00178	HG00178
HG00183	HG00183
HG00189	HG00189
HG00234	HG00234
HG00239	HG00239
HG00245	HG00245
HG00253	HG00253
HG00258	HG00258
HG00263	HG00263
HG00268	HG00268
HG00274	HG00274
HG00280	HG00280
HG00288	HG00288
HG00309	HG00309
HG00318	HG00318
HG00324	HG00324
HG00329	HG00329
HG00335	HG00335
HG00341	HG00341
HG00346	HG00346
HG00355	HG00355
HG00361	HG00361
HG00367	HG00367
HG00373	HG00373
HG00380	HG00380
HG00403	HG00403
HG00410	HG00410
HG00436	HG00436
HG00446	HG00446
HG00457	HG00457
HG00473	HG00473
HG00500	HG00500
HG00531	HG00531
HG00542	HG00542
HG00556	HG00556
HG00566	HG00566
HG00589	HG00589
HG00596	HG00596
HG00610	HG00610
HG00620	HG00620
HG00628	HG00628
HG00637	HG00637
HG00651	HG00651
HG00662	HG00662
HG00675	HG00675
HG00692	HG00692
HG00704	HG00704
HG00728	HG00728
HG00736	HG00736
HG00743	HG00743
HG00864	HG00864
HG00978	HG00978
HG01046	HG01046
HG01052	HG01052
HG01061	HG01061
HG01069	HG01069
HG01077	HG01077
HG01085	HG01085
HG01094	HG01094
HG01102	HG01102
HG01110	HG01110
HG01121	HG01121
HG01131	HG01131
HG01139	HG01139
HG01161	HG01161
HG01170	HG01170
HG01177	HG01177
HG01190	HG01190
HG01204	HG01204
HG01248	HG01248
HG01256	HG01256
HG01271	HG01271
HG01281	HG01281
HG01305	HG01305
HG01325	HG01325
HG01344	HG01344
HG01353	HG01353
HG01360	HG01360
HG01369	HG01369
HG01378	HG01378
HG01392	HG01392
HG01402	HG01402
HG01414	HG01414
HG01438	HG01438
HG01447	HG01447
HG01462	HG01462
HG01479	HG01479
HG01491	HG01491
HG01498	HG01498
HG01506	HG01506
HG01513	HG01513
HG01521	HG01521
HG01528	HG01528
HG01550	HG01550
HG01571	HG01571
HG01586	HG01586
HG01597	HG01597
HG01603	HG01603
HG01610	HG01610
HG01618	HG01618
HG01625	HG01625
HG01632	HG01632
HG01673	HG01673
HG01680	HG01680
HG01694	HG01694
HG01702	HG01702
HG01709	HG01709
HG01757	HG01757
HG01767	HG01767
HG01775	HG01775
HG01783	HG01783
HG01790	HG01790
HG01797	HG01797
HG01802	HG01802
HG01808	HG01808
HG01813	HG01813
HG01841	HG01841
HG01846	HG01846
HG01851	HG01851
HG01858	HG01858
HG01863	HG01863
HG01868	HG01868
HG01873	HG01873
HG01882	HG01882
HG01890	HG01890
HG01912	HG01912
HG01920	HG01920
HG01927	HG01927
HG01938	HG01938
HG01945	HG01945
HG01953	HG01953
HG01965	HG01965
HG01973	HG01973
HG01980	HG01980
HG01989	HG01989
HG02002	HG02002
HG02010	HG02010
HG02017	HG02017
HG02026	HG02026
HG02035	HG02035
HG02050	HG02050
HG02057	HG02057
HG02067	HG02067
HG02075	HG02075
HG02082	HG02082
HG02088	HG02088
HG02104	HG02104
HG02113	HG02113
HG02128	HG02128
HG02136	HG02136
HG02141	HG02141
HG02147	HG02147
HG02154	HG02154
HG02166	HG02166
HG02182	HG02182
HG02188	HG02188
HG02221	HG02221
HG02232	HG02232
HG02239	HG02239
HG02256	HG02256
HG02266	HG02266
HG02277	HG02277
HG02284	HG02284
HG02298	HG02298
HG02308	HG02308
HG02317	HG02317
HG02330	HG02330
HG02343	HG02343
HG02355	HG02355
HG02371	HG02371
HG02380	HG02380
HG02386	HG02386
HG02394	HG02394
HG02399	HG02399
HG02408	HG02408
HG02425	HG02425
HG02442	HG02442
HG02461	HG02461
HG02471	HG02471
HG02484	HG02484
HG02493	HG02493
HG02502	HG02502
HG02513	HG02513
HG02541	HG02541
HG02555	HG02555
HG02568	HG02568
HG02577	HG02577
HG02586	HG02586
HG02597	HG02597
HG02610	HG02610
HG02621	HG02621
HG02634	HG02634
HG02646	HG02646
HG02654	HG02654
HG02661	HG02661
HG02678	HG02678
HG02685	HG02685
HG02694	HG02694
HG02702	HG02702
HG02722	HG02722
HG02731	HG02731
HG02756	HG02756
HG02768	HG02768
HG02775	HG02775
HG02786	HG02786
HG02793	HG02793
HG02807	HG02807
HG02814	HG02814
HG02836	HG02836
HG02852	HG02852
HG02870	HG02870
HG02884	HG02884
HG02891	HG02891
HG02938	HG02938
HG02947	HG02947
HG02971	HG02971
HG02979	HG02979
HG03007	HG03007
HG03018	HG03018
HG03025	HG03025
HG03045	HG03045
HG03054	HG03054
HG03061	HG03061
HG03072	HG03072
HG03079	HG03079
HG03086	HG03086
HG03097	HG03097
HG03108	HG03108
HG03115	HG03115
HG03123	HG03123
HG03130	HG03130
HG03139	HG03139
HG03163	HG03163
HG03175	HG03175
HG03196	HG03196
HG03212	HG03212
HG03234	HG03234
HG03241	HG03241
HG03265	HG03265
HG03279	HG03279
HG03297	HG03297
HG03304	HG03304
HG03351	HG03351
HG03367	HG03367
HG03378	HG03378
HG03391	HG03391
HG03419	HG03419
HG03437	HG03437
HG03449	HG03449
HG03458	HG03458
HG03470	HG03470
HG03479	HG03479
HG03491	HG03491
HG03517	HG03517
HG03539	HG03539
HG03558	HG03558
HG03571	HG03571
HG03583	HG03583
HG03595	HG03595
HG03607	HG03607
HG03624	HG03624
HG03636	HG03636
HG03645	HG03645
HG03660	HG03660
HG03673	HG03673
HG03685	HG03685
HG03691	HG03691
HG03696	HG03696
HG03705	HG03705
HG03713	HG03713
HG03720	HG03720
HG03731	HG03731
HG03741	HG03741
HG03746	HG03746
HG03755	HG03755
HG03765	HG03765
HG03773	HG03773
HG03779	HG03779
HG03785	HG03785
HG03790	HG03790
HG03802	HG03802
HG03812	HG03812
HG03823	HG03823
HG03832	HG03832
HG03844	HG03844
HG03851	HG03851
HG03861	HG03861
HG03867	HG03867
HG03872	HG03872
HG03884	HG03884
HG03890	HG03890
HG03898	HG03898
HG03907	HG03907
HG03914	HG03914
HG03922	HG03922
HG03934	HG03934
HG03944	HG03944
HG03951	HG03951
HG03965	HG03965
HG03973	HG03973
HG03985	HG03985
HG03995	HG03995
HG04003	HG04003
HG04018	HG04018
HG04025	HG04025
HG04038	HG04038
HG04056	HG04056
HG04063	HG04063
HG04090	HG04090
HG04099	HG04099
HG04131	HG04131
HG04146	HG04146
HG04158	HG04158
HG04171	HG04171
HG04182	HG04182
HG04189	HG04189
HG04202	HG04202
HG04212	HG04212
HG04225	HG04225
HG04239	HG04239
NA06994	NA06994
NA07056	NA07056
NA11829	NA11829
NA11843	NA11843
NA11918	NA11918
NA11932	NA11932
NA12003	NA12003
NA12044	NA12044
NA12154	NA12154
NA12272	NA12272
NA12286	NA12286
NA12347	NA12347
NA12413	NA12413
NA12717	NA12717
NA12751	NA12751
NA12775	NA12775
NA12813	NA12813
NA12829	NA12829
NA12873	NA12873
NA18486	NA18486
NA18501	NA18501
NA18508	NA18508
NA18519	NA18519
NA18526	NA18526
NA18533	NA18533
NA18538	NA18538
NA18544	NA18544
NA18549	NA18549
NA18557	NA18557
NA18562	NA18562
NA18567	NA18567
NA18574	NA18574
NA18592	NA18592
NA18599	NA18599
NA18608	NA18608
NA18613	NA18613
NA18618	NA18618
NA18623	NA18623
NA18628	NA18628
NA18633	NA18633
NA18638	NA18638
NA18643	NA18643
NA18648	NA18648
NA18749	NA18749
NA18861	NA18861
NA18870	NA18870
NA18877	NA18877
NA18908	NA18908
NA18916	NA18916
NA18934	NA18934
NA18943	NA18943
NA18948	NA18948
NA18953	NA18953
NA18960	NA18960
NA18965	NA18965
NA18970	NA18970
NA18975	NA18975
NA18980	NA18980
NA18985	NA18985
NA18990	NA18990
NA18995	NA18995
NA19001	NA19001
NA19006	NA19006
NA19012	NA19012
NA19024	NA19024
NA19030	NA19030
NA19038	NA19038
NA19055	NA19055
NA19060	NA19060
NA19066	NA19066
NA19074	NA19074
NA19079	NA19079
NA19084	NA19084
NA19089	NA19089
NA19095	NA19095
NA19107	NA19107
NA19117	NA19117
NA19130	NA19130
NA19143	NA19143
NA19152	NA19152
NA19172	NA19172
NA19190	NA19190
NA19204	NA19204
NA19213	NA19213
NA19235	NA19235
NA19248	NA19248
NA19309	NA19309
NA19316	NA19316
NA19321	NA19321
NA19331	NA19331
NA19347	NA19347
NA19372	NA19372
NA19378	NA19378
NA19385	NA19385
NA19395	NA19395
NA19404	NA19404
NA19434	NA19434
NA19439	NA19439
NA19448	NA19448
NA19455	NA19455
NA19463	NA19463
NA19472	NA19472
NA19648	NA19648
NA19655	NA19655
NA19664	NA19664
NA19679	NA19679
NA19701	NA19701
NA19712	NA19712
NA19720	NA19720
NA19728	NA19728
NA19735	NA19735
NA19749	NA19749
NA19758	NA19758
NA19770	NA19770
NA19777	NA19777
NA19785	NA19785
NA19794	NA19794
NA19835	NA19835
NA19909	NA19909
NA19920	NA19920
NA19984	NA19984
NA20278	NA20278
NA20291	NA20291
NA20314	NA20314
NA20332	NA20332
NA20346	NA20346
NA20357	NA20357
NA20503	NA20503
NA20508	NA20508
NA20513	NA20513
NA20518	NA20518
NA20524	NA20524
NA20530	NA20530
NA20535	NA20535
NA20541	NA20541
NA20582	NA20582
NA20589	NA20589
NA20756	NA20756
NA20761	NA20761
NA20766	NA20766
NA20771	NA20771
NA20778	NA20778
NA20790	NA20790
NA20798	NA20798
NA20803	NA20803
NA20808	NA20808
NA20813	NA20813
NA20821	NA20821
NA20832	NA20832
NA20850	NA20850
NA20856	NA20856
NA20863	NA20863
NA20869	NA20869
NA20876	NA20876
NA20884	NA20884
NA20889	NA20889
NA20895	NA20895
NA20901	NA20901
NA20906	NA20906
NA21087	NA21087
NA21092	NA21092
NA21098	NA21098
NA21103	NA21103
NA21108	NA21108
NA21113	NA21113
NA21118	NA21118
NA21124	NA21124
NA21129	NA21129
