spectrum_id,prediction,calibrated_confidence,psm_fdr,psm_q_value,psm_pep
example:8724,DVPIAEQIGPVVNPDHPSIQSR,0.005323398858308792,0.973745397394086,0.973745397394086,0.9946766011416912
example:8726,S[UNIMOD:21]PEINPMENPVVKR,0.00016219282406382263,0.9867262839511242,0.9867262839511242,0.9998378071759362
example:8727,FPPPDSEASPEDGADSSGTESEK,0.0010204624850302935,0.9827224048752508,0.9827224048752508,0.9989795375149697
example:8728,GMSAFPGKPTAKK,3.288788138888776e-05,0.988186825124345,0.988186825124345,0.9999671121186111
example:8729,GC[UNIMOD:4]IIDWSFIK,0.003910549450665712,0.9762256571414083,0.9762256571414083,0.9960894505493343
example:8732,ISDQQS[UNIMOD:21]PPIGIVK,4.128682485315949e-05,0.9880802887193242,0.9880802887193242,0.9999587131751468
example:8733,SESSEPEPEVEIQR,0.0058451262302696705,0.9726735974759965,0.9726735974759965,0.9941548737697303
example:8734,NDIADFIPGSKK,0.008022688329219818,0.9688741601826439,0.9688741601826439,0.9919773116707802
example:8736,AERPPGAAPAGAIATAEAPPS[UNIMOD:21]PIPK,0.007161770947277546,0.9704196066705425,0.9704196066705425,0.9928382290527225
example:8737,ASSPANTDGGDTSTYHK,0.0016055423766374588,0.9811530059792747,0.9811530059792747,0.9983944576233625
example:8738,GIPIIPAPIVSIIPYR,0.004096136428415775,0.9758861078132914,0.9758861078132914,0.9959038635715842
example:8739,GREEEEPGEEDPIDGMGIGAIIIR,0.00029777217423543334,0.9857017233179797,0.9857017233179797,0.9997022278257646
example:8740,TSPIVTIQTVSHVVPPVDINPIEK,0.0016230907058343291,0.9811048154140329,0.9811048154140329,0.9983769092941657
example:8741,GSAGATVGGEGQASQIGGGGGGGGGGGR,0.0007896624156273901,0.9834735235135675,0.9834735235135675,0.9992103375843726
example:8742,SGNGPPVNFK,0.003585433354601264,0.9768462535811197,0.9768462535811197,0.9964145666453987
example:8743,PPEDGAVEQHGI,0.06243586540222168,0.8647221926002557,0.8647221926002557,0.9375641345977783
example:8744,GDAPGQPIIQDQS[UNIMOD:21]EEEEEEEK,0.04895937815308571,0.8882456092098653,0.8882456092098653,0.9510406218469143
example:8745,VSWHS[UNIMOD:21]DNEDSYK,0.002258716616779566,0.9796439970543491,0.9796439970543491,0.9977412833832204
example:8746,SSSPSPQGPGGGGGGGGGGGR,0.0016683826688677073,0.9809729066988239,0.9809729066988239,0.9983316173311323
example:8747,QHPNIQTVQIIIK,0.011637857183814049,0.9613002791392183,0.9613002791392183,0.988362142816186
example:8748,IDSVGGIDKIYTIVIIDGQIGTIRPVIIK,0.0012316304491832852,0.9821301606319782,0.9821301606319782,0.9987683695508167
example:8749,AADAEPAGS[UNIMOD:21]PAAAPGKK,0.015380354598164558,0.9532323777967426,0.9532323777967426,0.9846196454018354
example:8750,THENEPSIPFVIK,0.006717565003782511,0.9710882557749093,0.9710882557749093,0.9932824349962175
example:8751,DAC[UNIMOD:4]DSEGDNIAADDKPQQIIQITAGR,0.0010038557229563594,0.9827694682373874,0.9827694682373874,0.9989961442770436
example:8752,GPPVIVPAASENPFK,0.010080679319798946,0.9647591687183171,0.9647591687183171,0.989919320680201
example:8753,APGPHVIIVPTVAVMSK,4.3948555685346946e-05,0.9880566912048573,0.9880566912048573,0.9999560514443147
example:8754,VPNPDKISIIGSTDDPPR,2.420681994408369e-05,0.9882630374150042,0.9882630374150042,0.9999757931800559
example:8755,GPPPIS[UNIMOD:21]PPS[UNIMOD:21]PSSSPHR,0.001790242618881166,0.9807076968506137,0.9807076968506137,0.9982097573811188
example:8756,EERAQT[UNIMOD:21]PPGSGYSSAVTPATTEK,0.0007001427002251148,0.9838102779421753,0.9838102779421753,0.9992998572997749
example:8757,[UNIMOD:1]-GAIAGIPPIIGPIHAPGC[UNIMOD:4]IDPVFR,0.001930554979480803,0.9803699569399256,0.9803699569399256,0.9980694450205192
example:8758,SGGGGGSDDSFSGS[UNIMOD:21]PSSIGHK,0.006408789660781622,0.9716727687415934,0.9716727687415934,0.9935912103392184
example:8759,NQITNVHVGR,0.0004201101837679744,0.9850243576043168,0.9850243576043168,0.999579889816232
example:8760,GSGAPS[UNIMOD:21]PEAERGEIAGQDVIIVVR,0.00024635190493427217,0.9860163065834068,0.9860163065834068,0.9997536480950657
example:8761,DAASTDQAPSTASEDAAKPK,0.005401138681918383,0.9735910396105396,0.9735910396105396,0.9945988613180816
example:8762,APGGGQPDNGM[UNIMOD:35]FDDHDK,0.028041686862707138,0.9274887542500899,0.9274887542500899,0.9719583131372929
example:8763,TPAPASPSRDPAIPRPR,0.10780768096446991,0.7948611056675081,0.7948611056675081,0.8921923190355301
example:8764,S[UNIMOD:21]PVIPIGMPDSK,0.008525914512574673,0.967669012630699,0.967669012630699,0.9914740854874253
example:8766,ASSSSSSSSSSSSSRPPTR,0.0016190853202715516,0.9811151596592291,0.9811151596592291,0.9983809146797284
example:8767,RPIAHPYDAYTNPASK,0.0009545670473016798,0.9829180029466726,0.9829180029466726,0.9990454329526983
example:8768,GSNGEDSAMQGGIWK,0.011043877340853214,0.9625548889990729,0.9625548889990729,0.9889561226591468
example:8769,SAPISANHSIKPIPSPPEEK,0.022083492949604988,0.9392573909643219,0.9392573909643219,0.977916507050395
example:8770,DMKPPKKPGR,0.000334576063323766,0.9854838156862464,0.9854838156862464,0.9996654239366762
example:8771,HEDDPDHYMVIGHIASTGKEITDGAEAIIK,0.00853592436760664,0.9676506664743916,0.9676506664743916,0.9914640756323934
example:8772,VIGPVKPKPFIIWINEEDHTR,0.005971566308289766,0.9724127541638125,0.9724127541638125,0.9940284336917102
example:8773,DVGGAGPPAIIPVPQPK,0.003991026896983385,0.976054326989949,0.976054326989949,0.9960089731030166
example:8774,PIIIESIPPKK,0.014870557002723217,0.9542130531035105,0.9542130531035105,0.9851294429972768
example:8775,AS[UNIMOD:21]PRDS[UNIMOD:21]PPPIEIIGFPAKPVVK,0.011433080770075321,0.961737109870771,0.961737109870771,0.9885669192299247
example:8776,SDY[UNIMOD:21]DTPEGMSC[UNIMOD:4]HGR,0.0007965451222844422,0.9834489808359548,0.9834489808359548,0.9992034548777156
example:8777,IAIDNESVYYNPYSPANTAIGR,1.732101918605622e-05,0.988317113904567,0.988317113904567,0.9999826789808139
example:8778,SAEPEPEPAEFEK,0.01558765023946762,0.9528183895372663,0.9528183895372663,0.9844123497605324
example:8779,AITIITEPISSIQPAKPR,0.0007539392681792378,0.983600614545765,0.983600614545765,0.9992460607318208
example:8782,GIHIAQEVGHPVIIIK,0.011234343983232975,0.9620869999030569,0.9620869999030569,0.988765656016767
example:8783,AGGEAGGGAAPC[UNIMOD:4]DC[UNIMOD:4]EGGEEERR,0.0004574813647195697,0.9848427280485885,0.9848427280485885,0.9995425186352804
example:8784,GDYTDGAEIDPSQQGPMR,0.013092096894979477,0.9581965731557893,0.9581965731557893,0.9869079031050205
example:8785,GAPGSVVGGSGAVGS[UNIMOD:21]GQPVSVK,0.012823664583265781,0.9587905243054274,0.9587905243054274,0.9871763354167342
example:8786,PAISTSVNGPPIVIIVHKPER,0.005948192439973354,0.9724531944943595,0.9724531944943595,0.9940518075600266
example:8787,SIPGGSPASPPQVPS[UNIMOD:21]PGTIGR,0.00018713032477535307,0.9865111035053326,0.9865111035053326,0.9998128696752246
example:8788,VPQPVSGIPIEENPY[UNIMOD:21]ER,0.0009979910682886839,0.9827870579846987,0.9827870579846987,0.9990020089317113
example:8789,HPGQQDNPS[UNIMOD:21]PEPEDDDTSRPADIIR,0.003900795476511121,0.9762308164216217,0.9762308164216217,0.9960992045234889
example:8790,GAAQVIGIVDQHIAEIVDHPVIIIR,1.0956601727230009e-05,0.9883735298178091,0.9883735298178091,0.9999890433982728
example:8791,GIPPRPPIIPPVEIIIR,0.00030699465423822403,0.9856325852492016,0.9856325852492016,0.9996930053457618
example:8792,IIQVKIPPGPEETPGEAQAR,0.014055060222744942,0.9560771293130386,0.9560771293130386,0.9859449397772551
example:8793,T[UNIMOD:21]PIS[UNIMOD:21]PIKK,0.01617848314344883,0.9516809920807809,0.9516809920807809,0.9838215168565512
example:8794,VSITGPSEGEPWHHFFATSSR,0.0011082623386755586,0.9824685607569353,0.9824685607569353,0.9988917376613244
example:8795,SIESDITEGDIEGSDDEPANKK,0.01335808914154768,0.9575660777113894,0.9575660777113894,0.9866419108584523
example:8796,C[UNIMOD:4]C[UNIMOD:4]DINGKPIEISEEPIVVIK,0.00036495659151114523,0.9853102590691207,0.9853102590691207,0.9996350434084889
example:8797,GDGDPGPPGRPGPDGVPPGPGPR,0.0016687479801476002,0.9809694125944293,0.9809694125944293,0.9983312520198524
example:8798,GDGEDFSMDS[UNIMOD:21]DEEDQNSDSK,0.0001048393824021332,0.9872776024155847,0.9872776024155847,0.9998951606175979
example:8799,IIIRPEIIDVIAIIAR,0.0006928928778506815,0.983841699560992,0.983841699560992,0.9993071071221493
example:8800,DTGSETNESQAQPSDGDPGSHPNQK,0.003016252536326647,0.9780127827520604,0.9780127827520604,0.9969837474636734
example:8801,DSDKEGDVIPIIEIVK,0.00037515597068704665,0.9852508044877673,0.9852508044877673,0.999624844029313
example:8802,GIVHSNIATEHIPS[UNIMOD:21]PAKGK,0.004999745637178421,0.9743526446604128,0.9743526446604128,0.9950002543628216
example:8803,IIRGIIIPGPGGR,0.003770360955968499,0.9764255846968486,0.9764255846968486,0.9962296390440315
example:8804,PPT[UNIMOD:21]PSPASTPPIAK,0.0042269486002624035,0.9756892136140125,0.9756892136140125,0.9957730513997376
example:8805,KSC[UNIMOD:4]KPGSPSPS[UNIMOD:21]PTPAFVR,0.025586703792214394,0.9322141608922081,0.9322141608922081,0.9744132962077856
example:8806,SEAEAEAEPGVPFGVMGPGR,0.004316249396651983,0.9755166960573979,0.9755166960573979,0.995683750603348
example:8807,PES[UNIMOD:21]PREEPSSDVPQIR,0.00642361817881465,0.9716373221787246,0.9716373221787246,0.9935763818211854
example:8809,DPEEIVQHIPIGIKR,0.006156874354928732,0.9720643528197599,0.9720643528197599,0.9938431256450713
example:8810,T[UNIMOD:21]EEEIC[UNIMOD:4]QVEEGDKEDVDK,0.0816526859998703,0.8344450120845538,0.8344450120845538,0.9183473140001297
example:8811,TAPSPGIPVSTSEIPIIVPTPAAAK,0.0022672542836517096,0.9796164831871544,0.9796164831871544,0.9977327457163483
example:8813,SDC[UNIMOD:4]SDPVMTPS[UNIMOD:21]PIVKR,9.884732571663335e-05,0.987350660462201,0.987350660462201,0.9999011526742834
example:8814,GARPPDPIPPIIPEEK,0.01310668233782053,0.9581647646569562,0.9581647646569562,0.9868933176621795
example:8815,SENHDMGDIGPDMEK,0.00354561535641551,0.9769394717107168,0.9769394717107168,0.9964543846435845
example:8817,NQQEQEAIIIR,0.00966979656368494,0.9654960891373063,0.9654960891373063,0.9903302034363151
example:8818,IAC[UNIMOD:4]EEEFDS[UNIMOD:21]DEEER,0.002312361029908061,0.9794977478705499,0.9794977478705499,0.9976876389700919
example:8819,ENPNIITSSVSIIIR,0.00010962508531520143,0.9872306867295372,0.9872306867295372,0.9998903749146848
example:8820,VGPAGPQGPPGS[UNIMOD:21]PGPR,0.029013652354478836,0.9257740879865065,0.9257740879865065,0.9709863476455212
example:8821,ISIPVSSC[UNIMOD:4]SSTC[UNIMOD:4]PSYSSDSC[UNIMOD:4]ER,0.0031154188327491283,0.9777905850597806,0.9777905850597806,0.9968845811672509
example:8822,VTSPVGVPIVGIISIIK,0.004272238817065954,0.975614009750072,0.975614009750072,0.995727761182934
example:8825,GVSSEPGDIVIEK,0.002678345190361142,0.9786486733349828,0.9786486733349828,0.9973216548096389
example:8826,PGEKPC[UNIMOD:4]SC[UNIMOD:4]PDC[UNIMOD:4]DIHIGKTIR,9.470532677369192e-05,0.9874065588917881,0.9874065588917881,0.9999052946732263
example:8827,AEEATAAPATEPQPAPDGVPAVIR,3.556805313564837e-05,0.9881534573892794,0.9881534573892794,0.9999644319468644
example:8829,PPGKPSFPC[UNIMOD:4]GR,0.013794935308396816,0.9565687323841411,0.9565687323841411,0.9862050646916032
example:8830,SPSPSPSPVGS[UNIMOD:21]PSSDC[UNIMOD:4]SGR,8.496460213791579e-05,0.9875185442565373,0.9875185442565373,0.9999150353978621
example:8831,IDEEDSYIIGDSVTHESR,0.0030333471950143576,0.9779722703192599,0.9779722703192599,0.9969666528049856
example:8832,GSEEEEDEGSSPIIQSIIR,0.005666395649313927,0.9730012976204612,0.9730012976204612,0.9943336043506861
example:8833,VIPPIPIEEGPPVVSSVPVKIFVK,0.0004638569662347436,0.9848007699378818,0.9848007699378818,0.9995361430337653
example:8834,DDPDHDPNQEEPSSR,0.0008334311423823237,0.9833058825697975,0.9833058825697975,0.9991665688576177
example:8836,[UNIMOD:1]-PS[UNIMOD:21]PGAQPQPVSVAAKPVQPASITK,0.01574488915503025,0.9525451425132432,0.9525451425132432,0.9842551108449697
example:8837,IPGPGPPFVSPGPSVAGPK,0.0008015667553991079,0.9834298469172604,0.9834298469172604,0.9991984332446009
example:8838,EHIYPHVVPR,7.101906521711498e-05,0.9877056643036162,0.9877056643036162,0.9999289809347829
example:8840,SSS[UNIMOD:21]PAGSNQAPVYDQINQIR,0.0005372784216888249,0.9844766869845472,0.9844766869845472,0.9994627215783112
example:8842,DDTC[UNIMOD:4]AAEYSAES[UNIMOD:21]PC[UNIMOD:4]AK,0.0013668433530256152,0.9817475979381425,0.9817475979381425,0.9986331566469744
example:8843,PPIIPGGPEPPVVIR,0.0014673230471089482,0.9814744042077215,0.9814744042077215,0.998532676952891
example:8844,EESDGPAAIVFDDEEDVGKR,0.0016156374476850033,0.9811220505087016,0.9811220505087016,0.998384362552315
example:8845,EINPEGSC[UNIMOD:4]PTQK,0.0016293072840198874,0.9810702573641843,0.9810702573641843,0.9983706927159801
example:8846,ADPMGVIRPIYIPPTDK,0.00301352352835238,0.9780172756939783,0.9780172756939783,0.9969864764716476
example:8847,GIRYIPIIITAEEK,0.00011631185043370351,0.9871579886147639,0.9871579886147639,0.9998836881495663
example:8848,GGPAEAPTIPC[UNIMOD:4]SSGDAPAIPSYPR,2.121871330018621e-05,0.9882872866470456,0.9882872866470456,0.9999787812866998
example:8849,GGAPAPAFIGPIIISDIYHGEPIFR,8.882765541784465e-06,0.9883805466098913,0.9883805466098913,0.9999911172344582
example:8850,GC[UNIMOD:4]VGGS[UNIMOD:21]PTFIVER,0.0014357282780110836,0.9815475114587869,0.9815475114587869,0.9985642717219889
example:8851,MTFDC[UNIMOD:4]DC[UNIMOD:4]EVAGAGAGQDIR,5.673284249496646e-05,0.9878889484651698,0.9878889484651698,0.999943267157505
example:8852,VAVVGS[UNIMOD:21]PSDTPSSR,7.87401368143037e-05,0.987596913945212,0.987596913945212,0.9999212598631857
example:8853,EETKGDEEGS[UNIMOD:21]DEEAPKKK,0.0002641197061166167,0.9858973307705743,0.9858973307705743,0.9997358802938834
example:8854,QTAPIC[UNIMOD:4]PMSGC[UNIMOD:4]PIPDTGRPK,0.0026317716110497713,0.9787762649055491,0.9787762649055491,0.9973682283889502
example:8856,APGHDADGFHSIGIQVIIR,3.928050500690006e-05,0.9881096609761318,0.9881096609761318,0.9999607194949931
example:8857,SAPAPASVPADSSSPAPSSPFIGR,0.004945251625031233,0.9744639368533887,0.9744639368533887,0.9950547483749688
example:8858,HDPDIFSDIFFIIIVKK,0.004387998953461647,0.9753858670993284,0.9753858670993284,0.9956120010465384
example:8859,EKEGEEASGPIHPQIPPIIK,0.00022755135432817042,0.9861882983318342,0.9861882983318342,0.9997724486456718
example:8860,GEDEEEEEEEEEAEPEHIDGGVVSR,0.02949446067214012,0.924593499038389,0.924593499038389,0.9705055393278599
example:8861,GPAPKEEEDEAEDGEGGANDSGPR,0.004093269817531109,0.9759019585047335,0.9759019585047335,0.9959067301824689
example:8863,AISGIPPTSPPPGPR,0.00018147258379030973,0.9865464980921433,0.9865464980921433,0.9998185274162097
example:8864,QGIIIYGTDSHGC[UNIMOD:4]R,0.00014018961519468576,0.9869138807080663,0.9869138807080663,0.9998598103848053
example:8865,AAAAAAAAGGAIPSIIHTQPHIITQAIIR,0.00034478085581213236,0.9854321511796552,0.9854321511796552,0.9996552191441879
example:8867,IEEHEQAIPAITGKK,0.0022242397535592318,0.9797649939721191,0.9797649939721191,0.9977757602464408
example:8868,KAPS[UNIMOD:21]PPPIPPVPTTIK,0.003329553408548236,0.9773436223292326,0.9773436223292326,0.9966704465914518
example:8869,GAASDDDSSDPVADIIK,4.387125591165386e-05,0.9880581686617159,0.9880581686617159,0.9999561287440883
example:8870,ISTGDIIVIDTRPIIDKPVIRK,0.005146212875843048,0.9740131343046196,0.9740131343046196,0.994853787124157
example:8871,DHRDS[UNIMOD:21]PPPHPSPAIIADIATIK,0.00038513177423737943,0.9851864371230185,0.9851864371230185,0.9996148682257626
example:8872,EPVADEPAEDS[UNIMOD:21]EDEVPDVDIEEKEDVGGK,0.003460304345935583,0.9771238417674597,0.9771238417674597,0.9965396956540644
example:8873,HSGGTDSC[UNIMOD:4]QGDSGNPSC[UNIMOD:4]PQC[UNIMOD:4]R,0.007290644105523825,0.9701725379010352,0.9701725379010352,0.9927093558944762
example:8874,KPKPEIEDVGS[UNIMOD:21]DEEEEK,0.00022185804846230894,0.9862350289554425,0.9862350289554425,0.9997781419515377
example:8875,AVEEPSPKPTMR,0.0011717616580426693,0.9822915779884509,0.9822915779884509,0.9988282383419573
example:8877,HEDEEGAGDGGAIIPIKQK,0.0011513129575178027,0.98235296773055,0.98235296773055,0.9988486870424822
example:8878,VIGPDGHPGMEK,0.002343246014788747,0.9794379290621997,0.9794379290621997,0.9976567539852113
example:8879,TPPIPIQIPSSVSPSGQQPYK,2.751993997662794e-05,0.9882415615003375,0.9882415615003375,0.9999724800600234
example:8880,PPPIDPGQEEPIGNSR,0.003971188794821501,0.9761168723135661,0.9761168723135661,0.9960288112051785
example:8882,AADGDGDFS[UNIMOD:21]DDEK,0.0007796669960953295,0.9835088537012519,0.9835088537012519,0.9992203330039047
example:8883,HHFVGTEYDGIAK,0.0005251301336102188,0.9845251355581092,0.9845251355581092,0.9994748698663898
example:8884,[UNIMOD:1]-GGSPC[UNIMOD:4]SDVHIIDSVIIR,0.010487735271453857,0.9638274680421735,0.9638274680421735,0.9895122647285461
example:8885,IPISVTEGGKPVPPPVVR,0.005879675038158894,0.9725805099462383,0.9725805099462383,0.9941203249618411
example:8886,RDAPIIQDQS[UNIMOD:21]EEEEEEEK,0.0026519466191530228,0.9787126463575548,0.9787126463575548,0.997348053380847
example:8887,PPISSGPGPGT[UNIMOD:21]PTGSSR,0.025988789275288582,0.9313682806832602,0.9313682806832602,0.9740112107247114
example:8889,RPPIPGPSTSSPTGIIER,0.017798669636249542,0.9487154276165427,0.9487154276165427,0.9822013303637505
example:8890,AAGGPEDEGVPGGPPIIR,0.002565254457294941,0.978977413359072,0.978977413359072,0.9974347455427051
example:8891,MGVDPYNDPPYDIR,1.1288884707028046e-05,0.9883693162640883,0.9883693162640883,0.999988711115293
example:8892,PGGQVASGGGPGQPAAK,0.00010553769971011207,0.9872725916261695,0.9872725916261695,0.9998944623002899
example:8893,[UNIMOD:1]-AAPPIAPGIPPIAPPIPR,0.0037383404560387135,0.9765118313219688,0.9765118313219688,0.9962616595439613
example:8894,DGYDGDYDRDGDPYGR,0.0004387604130897671,0.9849351962975245,0.9849351962975245,0.9995612395869102
example:8895,PIPGGAGGTDGASADIIISIIISR,0.006103188265115023,0.9721470652027444,0.9721470652027444,0.993896811734885
example:8896,IPAPPKPIEPHVEEDPDPPEPGISK,2.62033317994792e-05,0.9882487281243605,0.9882487281243605,0.9999737966682005
example:8897,ASEIIIN[UNIMOD:7]GYDEAGFSTNK,0.0003040240262635052,0.9856682805636561,0.9856682805636561,0.9996959759737365
example:8898,GDPESDPEIASIVFFSTAIKK,0.0035690623335540295,0.9768806784299123,0.9768806784299123,0.996430937666446
example:8899,IGIFGNPIVC[UNIMOD:4]VVADHEPAIFPR,0.00022251540212891996,0.9862292040325242,0.9862292040325242,0.9997774845978711
example:8900,SGGS[UNIMOD:21]GDGGVPNEEIAEEIR,0.005824215244501829,0.9727133019630031,0.9727133019630031,0.9941757847554982
example:8901,GGAGGGGGAGGPPPKPPRVIPVIGPSEK,0.021572783589363098,0.9403643345786921,0.9403643345786921,0.9784272164106369
example:8902,T[UNIMOD:21]ES[UNIMOD:21]EEEEEEEEISPIGIIDIKIDISGIKK,0.00011578467092476785,0.9871647848441673,0.9871647848441673,0.9998842153290752
example:8903,RPIPS[UNIMOD:21]PEPGEGDC[UNIMOD:4]EPSGGR,0.012757301330566406,0.9589285181961882,0.9589285181961882,0.9872426986694336
example:8904,AGATVGGEGQASQIGGGGGGGGGR,0.00017736419977154583,0.986587262295583,0.986587262295583,0.9998226358002285
example:8905,SPPPGPPQPPPPVQPIQVKPVISK,0.00046601795474998653,0.984793755502536,0.984793755502536,0.99953398204525
example:8907,GDPGSHEPSSPS[UNIMOD:21]PEPTIKPK,0.014973802492022514,0.9540560357704835,0.9540560357704835,0.9850261975079775
example:8908,GSGAAC[UNIMOD:4]EPDGAQEDDHSQGFPYQGGQR,0.004503926727920771,0.9751482130985145,0.9751482130985145,0.9954960732720792
example:8909,GDRGEAGAEGS[UNIMOD:21]PGEPGGSGESGASGDK,9.75890361587517e-05,0.9873770250342233,0.9873770250342233,0.9999024109638412
example:8912,IIQPTPIHGFIVPTGPVIPR,0.005872210022062063,0.9726071735391034,0.9726071735391034,0.9941277899779379
example:8913,EGEDTAKPAR,0.00012697884812951088,0.9870084123415824,0.9870084123415824,0.9998730211518705
example:8914,SDIHHDNHHGGHPEER,4.371360410004854e-05,0.9880611225093209,0.9880611225093209,0.9999562863959
example:8915,AVDAEPSAVTSQKPPTPIVK,0.001134102582000196,0.9824109264403493,0.9824109264403493,0.9988658974179998
example:8916,PGEVGPPIVDGPIGIPVGKK,0.01630735769867897,0.9514372225398022,0.9514372225398022,0.983692642301321
example:8917,GYSDETVNDDIDIFPGAGEFGEVYK,1.2292007340874989e-05,0.9883636935388642,0.9883636935388642,0.9999877079926591
example:8918,TSEVTIPAPPPS[UNIMOD:21]PTAHNR,0.0012629535049200058,0.9820295532003208,0.9820295532003208,0.99873704649508
example:8919,DSPPPIIETPPIPR,0.009156526997685432,0.9664412823330605,0.9664412823330605,0.9908434730023146
example:8920,DGADIEDIITGVR,0.0035947225987911224,0.9768166687416294,0.9768166687416294,0.9964052774012089
example:8921,[UNIMOD:1]-IVQPQPPVVIEK,0.007109146565198898,0.9705036967722613,0.9705036967722613,0.9928908534348011
example:8922,PSAGATVGGEGQASQIGGGGGGGGGGR,0.0005199983133934438,0.9845444386204208,0.9845444386204208,0.9994800016866066
example:8923,EPEDEEEEEEDDEPEEDEDYGIWR,0.0014946038136258721,0.9814242774352858,0.9814242774352858,0.9985053961863741
example:8924,DGVS[UNIMOD:21]PGPQVEPDSVADIKPPATK,0.004505769815295935,0.9751370579633339,0.9751370579633339,0.9954942301847041
example:8925,IIRIPVIVTIPHNPYNTDQGNDS[UNIMOD:21]DYDSDGR,8.145855099428445e-05,0.9875586487062379,0.9875586487062379,0.9999185414490057
example:8926,GETIVPGYGPYPNNTR,0.0016291412757709622,0.9810737188690583,0.9810737188690583,0.998370858724229
example:8927,[UNIMOD:1]-GGGGGGSSGDSGRTPEGIVGPPSIIIR,0.008391357958316803,0.9680490400716267,0.9680490400716267,0.9916086420416832
example:8928,NVIDNIIEDDS[UNIMOD:21]DEEEEDFTR,0.005360689014196396,0.9736653530078098,0.9736653530078098,0.9946393109858036
example:8929,DVPNIIVSYEDDDVDMDK,0.0045624542981386185,0.9750418825304847,0.9750418825304847,0.9954375457018614
example:8930,GGSGGGGAGEGGPEEPPAIPR,0.012324393726885319,0.9600087245346299,0.9600087245346299,0.9876756062731147
example:8931,NAGGPAPVVPIPPVR,0.0028024029452353716,0.9783849370654168,0.9783849370654168,0.9971975970547646
example:8932,IIIQHGDDNDFTK,0.019889598712325096,0.9439484951376479,0.9439484951376479,0.9801104012876749
example:8933,FVIIPVPAFIR,0.004791093524545431,0.9747013477368625,0.9747013477368625,0.9952089064754546
example:8934,IPAIFPPPIPK,0.000652963703032583,0.9840048461391694,0.9840048461391694,0.9993470362969674
example:8935,AAIQQGGGATAQVPSPGPR,0.005094894673675299,0.9741213202242062,0.9741213202242062,0.9949051053263247
example:8936,IPIS[UNIMOD:21]PTAR,0.05100065469741821,0.8845164334774017,0.8845164334774017,0.9489993453025818
example:8938,RPPGSPSQSSASSSYTPFIIPQPK,0.00867533776909113,0.9674197486623513,0.9674197486623513,0.9913246622309089
example:8939,DVPAQHIPSIIVVK,0.008394231088459492,0.9680401092141703,0.9680401092141703,0.9916057689115405
example:8940,MAVEAGFDIPIIK,0.0007143897237256169,0.9837629365580433,0.9837629365580433,0.9992856102762744
example:8941,DEEPPRIS[UNIMOD:21]PSSPAEER,0.01241674367338419,0.9598356579724631,0.9598356579724631,0.9875832563266158
example:8942,GDPIDIDSS[UNIMOD:21]PTSSPTNHPDVAAKK,0.1394978016614914,0.7348804384914797,0.7348804384914797,0.8605021983385086
example:8943,SSHSGPPFQTSPAPHIK,0.0010871989652514458,0.9825348878298592,0.9825348878298592,0.9989128010347486
example:8944,AGGPPASPAPPIRSPPPAIK,0.04979274794459343,0.8857951125740504,0.8857951125740504,0.9502072520554066
example:8945,AQTDC[UNIMOD:4]SDGSGHTAR,0.002835275838151574,0.9783148214683949,0.9783148214683949,0.9971647241618484
example:8946,AVVSGFPDRFTGSGSGTDFTIK,0.003914150409400463,0.9762153360054089,0.9762153360054089,0.9960858495905995
example:8947,EEDEEESIPEQMR,0.00689668906852603,0.9707608090265983,0.9707608090265983,0.993103310931474
example:8948,TPGIYMGRPTHSGGGGGGGGGGGGGGGGR,0.0008395214681513608,0.9832808834269656,0.9832808834269656,0.9991604785318486
example:8949,GPPPC[UNIMOD:4]PPGHPIPVQGK,0.005929832812398672,0.9725069317870875,0.9725069317870875,0.9940701671876013
example:8950,RS[UNIMOD:21]FSDMPIIR,0.0006401763530448079,0.9840636479005821,0.9840636479005821,0.9993598236469552
example:8951,IINSPGFGFVTFDANDNDIIVR,0.0003803070285357535,0.9852109153279429,0.9852109153279429,0.9996196929714642
example:8952,GPKPEIEDVGS[UNIMOD:21]DEEEEDEKAR,0.03358011692762375,0.9165187906230392,0.9165187906230392,0.9664198830723763
example:8953,EAGAQGAAAGSGAAC[UNIMOD:4]EAGIGEPAEEK,0.0002851980098057538,0.9857661088098129,0.9857661088098129,0.9997148019901942
example:8954,SS[UNIMOD:21]PDIIPAIIIK,0.0006384793668985367,0.9840687427633705,0.9840687427633705,0.9993615206331015
example:8955,GPGT[UNIMOD:21]PEPC[UNIMOD:4]APPISAPVIPAEK,0.0010481856297701597,0.9826543602576058,0.9826543602576058,0.9989518143702298
example:8956,GGGGGGAGGGGGAGGGAAGQPDHQMSPC[UNIMOD:4]R,0.003009268781170249,0.9780217675158356,0.9780217675158356,0.9969907312188298
example:8957,SKRGIITIKYPIEHGIITNWDDM[UNIMOD:35]DK,0.012138417921960354,0.9602514429802627,0.9602514429802627,0.9878615820780396
example:8958,GPAPASEPAPPAAPAPAPKPPIR,0.02772010862827301,0.928395347577534,0.928395347577534,0.972279891371727
example:8959,IVGIDVIIARPK,0.00011047171574318781,0.9872239574795203,0.9872239574795203,0.9998895282842568
example:8960,GSDDDIDSENC[UNIMOD:4]SIGS[UNIMOD:21]DSDIMSDK,3.2083749829325825e-05,0.9881955002091274,0.9881955002091274,0.9999679162501707
example:8961,IVPPPPIQDGGYR,0.014362133108079433,0.9553160077935997,0.9553160077935997,0.9856378668919206
example:8962,GS[UNIMOD:21]PEPPPPPPAIPC[UNIMOD:4]IEPPIVIDHQR,0.00035318746813572943,0.9853736201494121,0.9853736201494121,0.9996468125318643
example:8963,KET[UNIMOD:21]SVSKEDT[UNIMOD:21]DHEEK,0.0003647280973382294,0.9853124524564785,0.9853124524564785,0.9996352719026618
example:8964,GTPDDRPQEDPQAFEIIMNRPSAR,0.013327416963875294,0.9576481162600358,0.9576481162600358,0.9866725830361247
example:8965,IRVAPEEHPVIITEAPINPK,3.354332875460386e-05,0.9881810349128478,0.9881810349128478,0.9999664566712454
example:8966,AQPGPSQPPTR,9.011679503601044e-05,0.9874684703708003,0.9874684703708003,0.999909883204964
example:8967,ETAPPAAPASAPVKPKK,0.011910060420632362,0.9606591300558331,0.9606591300558331,0.9880899395793676
example:8968,MEDSYAFIGS[UNIMOD:21]PPKIVSEIPTATK,0.0007783396868035197,0.983519697045483,0.983519697045483,0.9992216603131965
example:8969,AIPPPPPPPPPPPIIIVIPTQK,0.0027237944304943085,0.9785283253851533,0.9785283253851533,0.9972762055695057
example:8971,GGGGGGAGPGAGEARPIGD,0.006159489508718252,0.972050525826062,0.972050525826062,0.9938405104912817
example:8972,IREPT[UNIMOD:21]PPIYGER,0.037147749215364456,0.9086566277896496,0.9086566277896496,0.9628522507846355
example:8973,PPQGGNQSQGPPHPGKPQGPPAPGGDK,0.0009380177943967283,0.9829870989193196,0.9829870989193196,0.9990619822056033
example:8974,RIRS[UNIMOD:21]PHR,0.0001416314480593428,0.9868926965482072,0.9868926965482072,0.9998583685519407
example:8975,QQITFDSIAIIK,0.0004476146714296192,0.9848914049055292,0.9848914049055292,0.9995523853285704
example:8976,SPSPGPPTIPVPPVVK,0.0053651100024580956,0.9736468148037449,0.9736468148037449,0.9946348899975419
example:8977,GDDEEEEDAGDKSK,0.004887784831225872,0.9745338088001915,0.9745338088001915,0.9951122151687741
example:8978,SPS[UNIMOD:21]PPIPEPPVK,0.00027702233637683094,0.9858238011852081,0.9858238011852081,0.9997229776636232
example:8979,TVPGGGSGGGGGGGGGGGGGGGGR,0.009198456071317196,0.9663619739518357,0.9663619739518357,0.9908015439286828
example:8980,[UNIMOD:1]-IPPPPIPPIR,0.00488073006272316,0.9745454239420137,0.9745454239420137,0.9951192699372768
example:8981,AFHPPAVNGAR,0.006897981744259596,0.9707532862986843,0.9707532862986843,0.9931020182557404
example:8982,DDQFDHPNVVVR,0.004228201229125261,0.9756838550660442,0.9756838550660442,0.9957717987708747
example:8983,GGIGQGPR,0.000868180301040411,0.9831717554246083,0.9831717554246083,0.9991318196989596
example:8986,GDGAIQGPSIGSQPPPVYRPPPSPR,8.876134234014899e-05,0.9874781923511792,0.9874781923511792,0.9999112386576599
example:8987,AGPGPAAPPPAVPPGAR,0.011783105321228504,0.9610031154365638,0.9610031154365638,0.9882168946787715
example:8988,TSGDSDNEDSEER,0.00013919072807766497,0.9869226878341073,0.9869226878341073,0.9998608092719223
example:8989,YGGGSGSGGGGS[UNIMOD:21]GGIGGGDFGGR,0.02575119584798813,0.9319679517381624,0.9319679517381624,0.9742488041520119
example:8990,GAPAPAS[UNIMOD:21]PIRPADIFR,0.0003601465141400695,0.9853387244642348,0.9853387244642348,0.9996398534858599
example:8991,SSISSIGGFSPASKPS[UNIMOD:21]PIPK,0.0003662702511064708,0.9853014793941792,0.9853014793941792,0.9996337297488935
example:8992,VHPQC[UNIMOD:4]NEC[UNIMOD:4]GK,0.010673115029931068,0.9633705590948831,0.9633705590948831,0.9893268849700689
example:8993,PGPVIVGGGAPGPIGIAIR,0.006831863895058632,0.9708732134487594,0.9708732134487594,0.9931681361049414
example:8995,FIHIIIPGVIEGIEDSIR,0.00019412966503296047,0.9864473235429706,0.9864473235429706,0.999805870334967
example:8996,IIS[UNIMOD:21]S[UNIMOD:21]DEEEESFSK,0.00020006840350106359,0.9864076423708797,0.9864076423708797,0.9997999315964989
example:8997,SIEEFS[UNIMOD:21]PPIIR,0.0011482702102512121,0.9823652000770671,0.9823652000770671,0.9988517297897488
example:8998,IYHIDDNPGEC[UNIMOD:4]GK,0.004776808898895979,0.9747414846495658,0.9747414846495658,0.995223191101104
example:8999,SPPPPPPPPK,3.3775242627598345e-05,0.9881781378296121,0.9881781378296121,0.9999662247573724
example:9000,PIGIIGPADIIVIR,0.00272175925783813,0.978541279952548,0.978541279952548,0.9972782407421619
example:9001,GFSDSHDAIVGVIK,0.0006852385704405606,0.9838756153692568,0.9838756153692568,0.9993147614295594
example:9002,VIHMSTEAEIK,0.06831531226634979,0.8559899270342655,0.8559899270342655,0.9316846877336502
example:9003,GGGAGDTSSIPGISEPAS[UNIMOD:21]PK,0.0004661921411752701,0.9847914161553621,0.9847914161553621,0.9995338078588247
example:9004,EEEEKPKK,0.00011959367111558095,0.9871085037598804,0.9871085037598804,0.9998804063288844
example:9005,PPC[UNIMOD:4]EPSPPEPSEFC[UNIMOD:4]K,0.0003412081568967551,0.9854494097626906,0.9854494097626906,0.9996587918431032
example:9006,AVSSPNVSHTPIIVSGHK,0.0712544322013855,0.850863291548753,0.850863291548753,0.9287455677986145
example:9007,KIQQQQSPPTK,0.001654264284297824,0.9810251656037353,0.9810251656037353,0.9983457357157022
example:9008,RAS[UNIMOD:21]PS[UNIMOD:21]PPPK,0.001105142873711884,0.982483674332045,0.982483674332045,0.9988948571262881
example:9009,TGEKPHEC[UNIMOD:4]GEC[UNIMOD:4]GKSFC[UNIMOD:4]K,0.0010497976327314973,0.9826513916867291,0.9826513916867291,0.9989502023672685
example:9010,ESIKPEPIK,0.0002595190017018467,0.9859277587368587,0.9859277587368587,0.9997404809982982
example:9012,T[UNIMOD:21]PPVDISHVISSPVQPK,0.0022451013792306185,0.9796910042316266,0.9796910042316266,0.9977548986207694
example:9013,DGDGPDGHANSEAHEMSDGTVIVR,0.00036558235296979547,0.985308065044869,0.985308065044869,0.9996344176470302
example:9014,GERPYEC[UNIMOD:4]SEC[UNIMOD:4]GK,0.00012043733295286074,0.9870930710409528,0.9870930710409528,0.9998795626670471
example:9015,S[UNIMOD:21]GEKPYR,0.0006349319010041654,0.984084009617216,0.984084009617216,0.9993650680989958
example:9017,QVPGGGGGSGGGGGGGGGGGGGGGK,0.02087828330695629,0.9419363796372305,0.9419363796372305,0.9791217166930437
example:9019,GAEDEDYGPIIFVC[UNIMOD:4]YR,0.0003128373355139047,0.9855924869220017,0.9855924869220017,0.9996871626644861
example:9020,GGAAAPPGEPRPPPR,0.0014872596366330981,0.9814410074355896,0.9814410074355896,0.9985127403633669
example:9021,PDSIAFGGPPAAPRPTAPWAK,2.395213596173562e-05,0.9882673236848697,0.9882673236848697,0.9999760478640383
example:9022,SGIIIQGSSADIVIIR,0.005351020954549313,0.9736838641491554,0.9736838641491554,0.9946489790454507
example:9023,GGGPPPRPIGVPPPGYPTIIK,2.9891722078900784e-05,0.9882228905351987,0.9882228905351987,0.9999701082779211
example:9025,DGITHPAHQQGASRPGPR,0.0009284237748943269,0.983018596205366,0.983018596205366,0.9990715762251057
example:9026,DAHIIIVQVIHGVRPK,0.0001093898099497892,0.9872340487956367,0.9872340487956367,0.9998906101900502
example:9027,SGSHVQPVS[UNIMOD:21]GGR,0.0028199243824929,0.9783367753467426,0.9783367753467426,0.9971800756175071
example:9028,ASPC[UNIMOD:4]SS[UNIMOD:21]PVIKR,0.008498379960656166,0.9677421669220112,0.9677421669220112,0.9915016200393438
example:9029,VAIS[UNIMOD:21]PS[UNIMOD:21]PDDTGSSDR,0.0006697936914861202,0.9839327102556459,0.9839327102556459,0.9993302063085139
example:9030,AFHPSSAPIKPPIIQK,0.01038795243948698,0.9640454959970077,0.9640454959970077,0.989612047560513
example:9031,GTATGANYIANISVIKK,0.01618788205087185,0.9516368736330786,0.9516368736330786,0.9838121179491282
example:9032,DGGGGGPGPEGPGHPIPK,0.0009096555877476931,0.9830812724605775,0.9830812724605775,0.9990903444122523
example:9033,IYDAIPIIGK,0.00027731829322874546,0.9858217484342883,0.9858217484342883,0.9997226817067713
example:9034,HGSSSGKPIK,2.069728907372337e-05,0.9882929788692701,0.9882929788692701,0.9999793027109263
example:9035,GDDEVSVDKHIAAR,7.895909220678732e-05,0.9875921432752492,0.9875921432752492,0.9999210409077932
example:9036,GGFIAVPVASFIR,4.54091677966062e-05,0.9880404158587639,0.9880404158587639,0.9999545908322034
example:9037,[UNIMOD:1]-QAAIKPPPK,0.012396271340548992,0.9598935309990682,0.9598935309990682,0.987603728659451
example:9038,PPPEEEPQETPPQKPIWR,9.12160103325732e-05,0.9874506092965306,0.9874506092965306,0.9999087839896674
example:9040,AAGGGAGGGSPGSGDSVSSVVASTR,0.002825913717970252,0.9783279976973277,0.9783279976973277,0.9971740862820297
example:9041,DPVSPGPGT[UNIMOD:21]PSQR,0.0033932903315871954,0.9772532721732395,0.9772532721732395,0.9966067096684128
example:9042,ASSSTAYVIQK,0.003089366015046835,0.9778499253379199,0.9778499253379199,0.9969106339849532
example:9043,GAVASSQTSIKPQTK,0.07914265245199203,0.8394014144700671,0.8394014144700671,0.920857347548008
example:9044,PAPVS[UNIMOD:21]PPFR,7.752294914098457e-05,0.9876112046512877,0.9876112046512877,0.999922477050859
example:9045,PAYTHVTHPITEGAAYTK,0.010048781521618366,0.9648462163289251,0.9648462163289251,0.9899512184783816
example:9046,SIIAFIVPIIVK,2.8022297556162812e-05,0.9882386926132354,0.9882386926132354,0.9999719777024438
example:9047,AGGGGPGPIGSEIYVVKK,0.015530825592577457,0.9529018468318119,0.9529018468318119,0.9844691744074225
example:9048,MSQPGSPS[UNIMOD:21]PK,0.0032547723967581987,0.9775224223125835,0.9775224223125835,0.9967452276032418
example:9049,GSPSHSSSPTHSPGGGGGGGGGGK,0.0036739297211170197,0.9766225903825353,0.9766225903825353,0.996326070278883
example:9050,APSPEHIGIIPPIHAIAIIPTR,0.00017755897715687752,0.9865835663004614,0.9865835663004614,0.9998224410228431
example:9051,TAVSVS[UNIMOD:21]PIKK,0.0018204153748229146,0.9806467360417165,0.9806467360417165,0.9981795846251771
example:9052,NGPDGIVMEDITDDMVC[UNIMOD:4]DPC[UNIMOD:4]GDR,5.467466326081194e-05,0.9879162133388946,0.9879162133388946,0.9999453253367392
example:9053,EAGSHPEIPIIIR,0.00867216382175684,0.9674383395602767,0.9674383395602767,0.9913278361782432
example:9054,GIPPPRPPIPIPHVPYDFGPR,1.687315307208337e-05,0.9883241944007212,0.9883241944007212,0.9999831268469279
example:9055,PSHEPEDFIKRR,0.003055051900446415,0.9779180290909709,0.9779180290909709,0.9969449480995536
example:9056,AGEARPAEDISIR,0.040917687118053436,0.9026677539824681,0.9026677539824681,0.9590823128819466
example:9057,SSSTSSSSVSSPSTSSSTSGDHQPVAR,0.0006989133544266224,0.9838181437893607,0.9838181437893607,0.9993010866455734
example:9058,KKT[UNIMOD:21]PPRR,0.010784282349050045,0.9632153046617258,0.9632153046617258,0.98921571765095
example:9059,GSQDSRPTAQR,1.0278637091687415e-05,0.9883749337568405,0.9883749337568405,0.9999897213629083
example:9060,KPYSC[UNIMOD:4]PDC[UNIMOD:4]GK,0.004996562842279673,0.9743585247266136,0.9743585247266136,0.9950034371577203
example:9061,PASGPPVSEIITK,0.007111550308763981,0.9704884419100299,0.9704884419100299,0.992888449691236
example:9062,VDDDDEEPIGSSR,0.0008735773735679686,0.9831520291686281,0.9831520291686281,0.999126422626432
example:9064,PSGGGDAAPQDGDADRPASSPR,0.0005352884763851762,0.9844815444061612,0.9844815444061612,0.9994647115236148
example:9065,DS[UNIMOD:21]DYSIGHGGR,0.0031077510211616755,0.9778088753663274,0.9778088753663274,0.9968922489788383
example:9066,GSREDYIPIIIAR,0.001429339637979865,0.981557444376898,0.981557444376898,0.9985706603620201
example:9067,S[UNIMOD:21]PADDC[UNIMOD:4]EVPATEPIKFPKPDPKK,0.025522230193018913,0.932457945576286,0.932457945576286,0.9744777698069811
example:9068,QKPEEDAEDGEGGGK,0.000216397296753712,0.9862737429358198,0.9862737429358198,0.9997836027032463
example:9069,AAPVPEEDNSPS[UNIMOD:21]PPKPPPPK,7.724172610323876e-05,0.9876159611819112,0.9876159611819112,0.9999227582738968
example:9070,SQPSS[UNIMOD:21]PPIISIVK,9.070953819900751e-05,0.9874571099845901,0.9874571099845901,0.999909290461801
example:9071,DYDDEDEDEDEDEK,5.2005598263349384e-05,0.9879553864084784,0.9879553864084784,0.9999479944017367
example:9072,ISGGSADEVPASGIWK,0.015256543643772602,0.9535172333691466,0.9535172333691466,0.9847434563562274
example:9073,DSDDEDIGESDIIGISSIRK,0.0017251921817660332,0.980828714089937,0.980828714089937,0.998274807818234
example:9074,GENGETGPAGPPGPPGPPAIGS[UNIMOD:21]PHIAGR,0.00723453052341938,0.9703197246978499,0.9703197246978499,0.9927654694765806
example:9075,AVS[UNIMOD:21]PAQSPAFVSAIKK,0.009748321957886219,0.9653173116998679,0.9653173116998679,0.9902516780421138
example:9076,AGISAVSGVPGSDTTK,0.0005878718220628798,0.9842576731640197,0.9842576731640197,0.9994121281779371
example:9077,AGGPEEPSAPSPPAAPR,0.00032668953645043075,0.9855180724148265,0.9855180724148265,0.9996733104635496
example:9078,SPAPS[UNIMOD:21]PEEGEAHIR,0.01164561603218317,0.9612734606009571,0.9612734606009571,0.9883543839678168
example:9079,IIYIPIPDGEK,0.004413885530084372,0.9753089461051085,0.9753089461051085,0.9955861144699156
example:9080,IIIIPS[UNIMOD:21]PIIR,0.004451235756278038,0.9752426412974222,0.9752426412974222,0.995548764243722
example:9081,GGPTHSGGGGGGGGGGGGR,0.0005639894516207278,0.9843666557553317,0.9843666557553317,0.9994360105483793
example:9082,KSAPAPKKPDIKK,0.000644592335447669,0.9840560006484448,0.9840560006484448,0.9993554076645523
example:9083,DHC[UNIMOD:4]SDISSC[UNIMOD:4]DR,0.00014653842663392425,0.9868625729617417,0.9868625729617417,0.9998534615733661
example:9084,APAPPAAPARPAASPR,9.788252646103501e-05,0.9873671509129281,0.9873671509129281,0.999902117473539
example:9085,GGSPAIIPEPIEK,0.0027123864274472,0.9785628380368103,0.9785628380368103,0.9972876135725528
example:9086,IIDTIDQVIIR,0.0037252462934702635,0.9765522017909659,0.9765522017909659,0.9962747537065297
example:9087,ESGKDFPGQINADIRIKK,0.0027116022538393736,0.9785714492989971,0.9785714492989971,0.9972883977461606
example:9088,AEC[UNIMOD:4]GVTPQGPPGIEPIPIVIK,7.210236071841791e-05,0.9876868841909617,0.9876868841909617,0.9999278976392816
example:9090,QPAPPDARDPASFK,0.0008103333530016243,0.9833996977308117,0.9833996977308117,0.9991896666469984
example:9091,GVFVGGIKEDTEEHHIR,0.00010356504208175465,0.987295942769092,0.987295942769092,0.9998964349579182
example:9092,VPEIPSSIRR,0.01604262925684452,0.9518566528067308,0.9518566528067308,0.9839573707431555
example:9093,IPITIKIAPINPHGDIVR,0.004432898014783859,0.9752703045195826,0.9752703045195826,0.9955671019852161
example:9095,ISEASSVIIDSIIK,0.003920398652553558,0.9761894942426271,0.9761894942426271,0.9960796013474464
example:9096,ISGAHVGVC[UNIMOD:4]GK,0.00010656413360266015,0.9872592108141669,0.9872592108141669,0.9998934358663973
example:9098,EADPES[UNIMOD:21]EADR,0.0011052291374653578,0.9824806536836381,0.9824806536836381,0.9988947708625346
example:9099,IGPPS[UNIMOD:21]PPIK,0.007594802416861057,0.9695850257925254,0.9695850257925254,0.9924051975831389
example:9100,GDGNDSFDAKPKK,0.0074362060986459255,0.9698895946331778,0.9698895946331778,0.9925637939013541
example:9102,KPRPGSDIGTIR,0.01421077735722065,0.9557365798626754,0.9557365798626754,0.9857892226427794
example:9103,KPIFIIDHPVDGK,0.007268026005476713,0.9702424542776935,0.9702424542776935,0.9927319739945233
example:9104,EGGETGEAGSSGHAPGPPGPR,0.0037677467335015535,0.9764408472353187,0.9764408472353187,0.9962322532664984
example:9105,PHADPAIEDVPFQR,9.869672794593498e-05,0.9873539619453381,0.9873539619453381,0.9999013032720541
example:9106,KEEPKPIVIRK,0.011209497228264809,0.9621765242075565,0.9621765242075565,0.9887905027717352
example:9108,DKEKAEEKEGEKKPSK,0.001071060192771256,0.9825768697625776,0.9825768697625776,0.9989289398072287
example:9109,SIEEKS[UNIMOD:21]PPVIRK,0.00011633027315838262,0.9871562884545054,0.9871562884545054,0.9998836697268416
example:9110,EVDMNS[UNIMOD:21]PK,0.010164475068449974,0.9645947000399616,0.9645947000399616,0.98983552493155
example:9113,QSKYEEIQITAGRHGDSVR,0.0010037141619250178,0.9827753347537038,0.9827753347537038,0.998996285838075
example:9114,GAAPSRPPRPPR,4.670761336456053e-05,0.9880136903235418,0.9880136903235418,0.9999532923866354
example:9115,VVSYNGRDS[UNIMOD:21]PDPIVIEIIK,0.0005347540136426687,0.984483972095983,0.984483972095983,0.9994652459863573
example:9116,NS[UNIMOD:21]EEEEEEK,0.011959767900407314,0.9605475216056516,0.9605475216056516,0.9880402320995927
example:9117,KIS[UNIMOD:21]KPDDD,0.003299526171758771,0.9774333583775956,0.9774333583775956,0.9967004738282412
example:9118,IQEIINEVPIKK,0.00023928294831421226,0.9860721074573617,0.9860721074573617,0.9997607170516858
example:9119,VHPSPIETIK,0.014394312165677547,0.955223273176978,0.955223273176978,0.9856056878343225
example:9120,QHNIIPFSGHIHPIIK,0.0004941967781633139,0.9846617182686029,0.9846617182686029,0.9995058032218367
example:9121,SSSTASC[UNIMOD:4]SSDSSTR,0.013975816778838634,0.9562188133221315,0.9562188133221315,0.9860241832211614
example:9122,PPIS[UNIMOD:21]PIPAIITK,0.0030858581885695457,0.9778590291762305,0.9778590291762305,0.9969141418114305
example:9123,SRGDGGSEPPRPR,0.0032836073078215122,0.9774756203404424,0.9774756203404424,0.9967163926921785
example:9125,KPS[UNIMOD:21]PIPVK,0.003391894046217203,0.9772580405481547,0.9772580405481547,0.9966081059537828
example:9126,NPS[UNIMOD:21]DEDYRR,0.0018583887722343206,0.9805419419542454,0.9805419419542454,0.9981416112277657
example:9127,TPIS[UNIMOD:21]PEPGPPSK,0.023996280506253242,0.9353584356553877,0.9353584356553877,0.9760037194937468
example:9128,PSPNIGSPKPASK,4.597824954544194e-05,0.9880270676535087,0.9880270676535087,0.9999540217504546
example:9129,GPRPPGGRPRGGHSPPQPGHGR,0.005738930311053991,0.9728514231337162,0.9728514231337162,0.994261069688946
example:9130,ISMEDSKS[UNIMOD:21]PPPK,0.0019079026533290744,0.9804104419838051,0.9804104419838051,0.9980920973466709
example:9131,GAPAAAAQPPPQPR,0.00014215384726412594,0.9868856202568927,0.9868856202568927,0.9998578461527359
example:9133,EDRGS[UNIMOD:21]PPR,7.994264888111502e-05,0.9875809978340855,0.9875809978340855,0.9999200573511189
example:9134,QAIVAQIIHSR,0.021188734099268913,0.941180556449272,0.941180556449272,0.9788112659007311
example:9135,GAPPPPPPPPPR,0.0012895702384412289,0.9819629798627418,0.9819629798627418,0.9987104297615588
example:9136,ADAQPPAAIIPGAS[UNIMOD:21]PK,0.0001404440845362842,0.9869068267070904,0.9869068267070904,0.9998595559154637
example:9137,EAAPPS[UNIMOD:21]PVRPK,7.339552394114435e-05,0.9876774731338469,0.9876774731338469,0.9999266044760589
example:9138,TRNS[UNIMOD:21]PPK,0.1462966650724411,0.7270875835702533,0.7270875835702533,0.8537033349275589
example:9139,SPS[UNIMOD:21]PK,0.537761390209198,0.345132052898407,0.345132052898407,0.462238609790802
example:9140,APAPGTTGIAPGIIAIPIGFIR,0.00033491113572381437,0.9854795234518233,0.9854795234518233,0.9996650888642762
example:9141,VPPS[UNIMOD:21]PIIK,0.0004610317701008171,0.9848194450893656,0.9848194450893656,0.9995389682298992
example:9142,EVS[UNIMOD:21]GPRS[UNIMOD:21]PEMGR,0.015472229570150375,0.9530057651642894,0.9530057651642894,0.9845277704298496
example:9143,AVAAAGIVYDRPGAS[UNIMOD:21]PK,0.0003661239752545953,0.9853058704442865,0.9853058704442865,0.9996338760247454
example:9144,YYESHGYVSPVQR,0.005642518401145935,0.9730530480148666,0.9730530480148666,0.9943574815988541
example:9145,AAGAGGGGPGR,0.0001146837676060386,0.9871817449604792,0.9871817449604792,0.999885316232394
example:9146,SSS[UNIMOD:21]PIVISAIKK,0.0031332254875451326,0.977744736469662,0.977744736469662,0.9968667745124549
example:9147,GPAGPQGPPGS[UNIMOD:21]PGSR,0.014970144256949425,0.954075714182156,0.954075714182156,0.9850298557430506
example:9148,GSES[UNIMOD:21]IPAIRK,0.00010000381007557735,0.9873341277182379,0.9873341277182379,0.9998999961899244
example:9149,APQFQS[UNIMOD:21]PPAK,0.0002005596470553428,0.9863962642507093,0.9863962642507093,0.9997994403529447
example:9150,RIS[UNIMOD:21]IGPIVQTIIR,5.9946603869320825e-05,0.9878539375846471,0.9878539375846471,0.9999400533961307
example:9151,SKEKEEEDKRPVSRPSKPPVIIR,0.0125589519739151,0.9594548222056184,0.9594548222056184,0.9874410480260849
example:9152,QQGPPPS[UNIMOD:21]PYGK,0.003996630199253559,0.9760438697629821,0.9760438697629821,0.9960033698007464
example:9153,DNS[UNIMOD:21]S[UNIMOD:21]EEEEK,0.01570645160973072,0.9526506469367032,0.9526506469367032,0.9842935483902693
example:9154,IHGDDDQSDM[UNIMOD:35]K,6.538465822814032e-05,0.9877663207557578,0.9877663207557578,0.9999346153417719
example:9155,GEEEEEEEEKIEEGEMNR,0.006085269618779421,0.9721745365239607,0.9721745365239607,0.9939147303812206
example:9156,IIIHHSADDGPVGNSSQTYFEHED,0.011058812960982323,0.9625299264362025,0.9625299264362025,0.9889411870390177
example:9157,VHANPASVVSAVGIKRK,0.0036164617631584406,0.9767523240214437,0.9767523240214437,0.9963835382368416
example:9158,EIHPIEEGIPVIIEK,1.6352561942767352e-05,0.988332680028813,0.988332680028813,0.9999836474380572
example:9159,PFIVIIK,2.362066152272746e-05,0.9882744606643614,0.9882744606643614,0.9999763793384773
example:9160,KYDS[UNIMOD:21]DEEDTRWGR,0.0027988285291939974,0.9783980363223358,0.9783980363223358,0.997201171470806
example:9161,APASDSKPGSSEAAPSSK,0.01990347169339657,0.9439173479316617,0.9439173479316617,0.9800965283066034
example:9162,GGITEIGIPIIIR,4.915477256872691e-05,0.9879823635625835,0.9879823635625835,0.9999508452274313
example:9163,EKNS[UNIMOD:21]EEEEEEK,0.000686303828842938,0.9838625868621875,0.9838625868621875,0.9993136961711571
example:9164,FYIGTGHADTTK,0.0012035273248329759,0.9821769836233494,0.9821769836233494,0.998796472675167
example:9165,APC[UNIMOD:4]DGRPDC[UNIMOD:4]R,0.00033107277704402804,0.985496678528547,0.985496678528547,0.999668927222956
example:9166,GRDGS[UNIMOD:21]PNAPPPIPR,8.330755372298881e-05,0.987533010396402,0.987533010396402,0.999916692446277
example:9167,GC[UNIMOD:4]EC[UNIMOD:4]HGDGC[UNIMOD:4]HC[UNIMOD:4]PSGVAC[UNIMOD:4]VPSIEAR,0.04239197075366974,0.899159553779608,0.899159553779608,0.9576080292463303
example:9168,SEAAN[UNIMOD:7]RNNDAIR,3.655692853499204e-05,0.9881432656914793,0.9881432656914793,0.999963443071465
example:9169,VNGSGIC[UNIMOD:4]KAGFAGDDAPRAVFPSIVGRPR,0.006267665885388851,0.9719186997179718,0.9719186997179718,0.9937323341146111
example:9170,TPPPSPFEEETSEDC[UNIMOD:4]SEPAS[UNIMOD:21]PTR,0.005171109922230244,0.9739768906340345,0.9739768906340345,0.9948288900777698
example:9171,IQM[UNIMOD:35]GSNRGASQAGMTGYGRPR,0.006276456639170647,0.9719047586087729,0.9719047586087729,0.9937235433608294
example:9172,AGFSAGATVGGEGQASQIGGGGGGGGGGR,0.018555615097284317,0.947263984486589,0.947263984486589,0.9814443849027157
example:9173,IPSVVIIGPIIPR,0.0006814548396505415,0.9838886240512139,0.9838886240512139,0.9993185451603495
example:9174,ESSTPIHIAIRKK,0.008506571874022484,0.9677239141301397,0.9677239141301397,0.9914934281259775
example:9175,AAPPIRPIDIIK,0.00015150538820307702,0.9868144611215367,0.9868144611215367,0.9998484946117969
example:9176,GQPPPPPDPYSR,0.0025696137454360723,0.9789566297763707,0.9789566297763707,0.9974303862545639
example:9177,VPEAEGEK,0.0021059245336800814,0.9800334282589982,0.9800334282589982,0.9978940754663199
example:9178,DGQSHDNQGHYTGASDYGSGVNIKK,0.0002801610098686069,0.9857950102658524,0.9857950102658524,0.9997198389901314
example:9179,PPPAEPEQSNSEIINDRYR,0.020337460562586784,0.9430603895507215,0.9430603895507215,0.9796625394374132
example:9180,GGSSGGGSGGGSYGC[UNIMOD:4]SAGC[UNIMOD:4]GSAPTPPIVVK,0.004398698918521404,0.9753584491251615,0.9753584491251615,0.9956013010814786
example:9181,HIGAIGGVIIKPIVR,2.901648258557543e-05,0.9882329510335286,0.9882329510335286,0.9999709835174144
example:9182,GEGGEPGAGPPIEGPGAGEDC[UNIMOD:4]SR,0.029574688524007797,0.924466357311012,0.924466357311012,0.9704253114759922
example:9183,RIPTPGPSHVQIPYSM[UNIMOD:35]QSPAIHIK,0.014221496880054474,0.9557003740653262,0.9557003740653262,0.9857785031199455
example:9184,DDS[UNIMOD:21]DDEPPHDPDSDPAIIK,6.006671901559457e-05,0.9878463007349176,0.9878463007349176,0.9999399332809844
example:9186,DGDSGS[UNIMOD:21]DS[UNIMOD:21]DDDIGKK,0.004746758379042149,0.9747929152416479,0.9747929152416479,0.9952532416209579
example:9187,SSSEGSDFETMK,0.002190815284848213,0.9798692647037922,0.9798692647037922,0.9978091847151518
example:9188,GS[UNIMOD:21]DEYFDGIVK,0.0008095329394564033,0.983402442519501,0.983402442519501,0.9991904670605436
example:9189,C[UNIMOD:4]PTGPPSK,9.908609354170039e-05,0.9873473572718724,0.9873473572718724,0.9999009139064583
example:9190,DSDPEDHNDTEEAPGS[UNIMOD:21]PTIPVQGK,0.0009397540125064552,0.9829784908589054,0.9829784908589054,0.9990602459874935
example:9192,EDEGPES[UNIMOD:21]PGIKK,0.00019644452549982816,0.9864341205769495,0.9864341205769495,0.9998035554745002
example:9193,C[UNIMOD:4]HSDQTDDEMT[UNIMOD:21]GY[UNIMOD:21]VTRK,0.03397532179951668,0.9158605889645436,0.9158605889645436,0.9660246782004833
example:9194,MC[UNIMOD:4]KAGFAGDDAPRAVFPSIVGRPR,0.0046126144006848335,0.9749856160366452,0.9749856160366452,0.9953873855993152
example:9195,VPEISDPRRPST[UNIMOD:21]PTIPAIPVR,0.023502452298998833,0.936598243069347,0.936598243069347,0.9764975477010012
example:9196,GRAHRAPT[UNIMOD:21]PRPPPR,0.0011219825828447938,0.982438265496671,0.982438265496671,0.9988780174171552
example:9197,GIYMGRPTHSGGGGGGGGGGGGGGGGR,0.001948495046235621,0.9803145053158984,0.9803145053158984,0.9980515049537644
example:9198,SNSPASASR,0.012543655931949615,0.959513976375931,0.959513976375931,0.9874563440680504
example:9199,TEIRPIHVIVSIVEPKPDSDK,0.006621863692998886,0.9712928588666766,0.9712928588666766,0.9933781363070011
example:9200,SIITKPPPIS[UNIMOD:21]PSAIK,0.0001204510044772178,0.9870896365831044,0.9870896365831044,0.9998795489955228
example:9201,SGGSPSKS[UNIMOD:21]PPK,0.0008063878631219268,0.98341067238598,0.98341067238598,0.9991936121368781
example:9202,TQT[UNIMOD:21]PPVS[UNIMOD:21]PAPQEVEEDDGR,0.07009751349687576,0.8522823049208602,0.8522823049208602,0.9299024865031242
example:9203,AGAATPGRGDTPGHATPGHGDAAQR,4.9793343350756913e-05,0.9879733840746505,0.9879733840746505,0.9999502066566492
example:9204,TPPPPIAPAPSS[UNIMOD:21]PGS[UNIMOD:21]PSISER,0.018678506836295128,0.9470218424714678,0.9470218424714678,0.9813214931637049
example:9205,YRS[UNIMOD:21]PGPFIPPVIK,7.692344661336392e-05,0.9876222976356133,0.9876222976356133,0.9999230765533866
example:9206,IGGGGGGGGGGR,0.0019801906310021877,0.9802476056254623,0.9802476056254623,0.9980198093689978
example:9207,HIIVHDGQEPTEPR,4.286102921469137e-05,0.988069975654846,0.988069975654846,0.9999571389707853
example:9208,EHQRVHTGEKPC[UNIMOD:4]EC[UNIMOD:4]SEC[UNIMOD:4]GK,2.2771964722778648e-05,0.9882801642428732,0.9882801642428732,0.9999772280352772
example:9209,KYEC[UNIMOD:4]SEC[UNIMOD:4]GHNFTIIRQK,0.0005146820330992341,0.9845612935424193,0.9845612935424193,0.9994853179669008
example:9210,GGGGGGGGGGR,0.009072404354810715,0.9666085592270557,0.9666085592270557,0.9909275956451893
example:9211,AEETKGRPDFWR,0.00032077194191515446,0.985558556660369,0.985558556660369,0.9996792280580848
example:9213,VREEGSDGGQSVYHVIIHIRPAVK,0.0003677169734146446,0.9852926894198971,0.9852926894198971,0.9996322830265854
example:9214,PT[UNIMOD:21]PPPPIPFTPPIPK,0.004379719961434603,0.9754022895237552,0.9754022895237552,0.9956202800385654
example:9215,HPDPAHQQHPEGPQNQAHGK,0.010447639040648937,0.9639654888365192,0.9639654888365192,0.9895523609593511
example:9216,EDS[UNIMOD:21]DEEDGDS[UNIMOD:21]DEEGAIGHKR,0.0006314720958471298,0.9841043219816346,0.9841043219816346,0.9993685279041529
example:9217,S[UNIMOD:21]QREEEEEEDNTGKPIIVR,0.0007383986376225948,0.9836568392839726,0.9836568392839726,0.9992616013623774
example:9218,NTET[UNIMOD:21]PPPPS[UNIMOD:21]PPPPEPPIPIPPIPK,0.002109838416799903,0.980018251628358,0.980018251628358,0.9978901615832001
example:9220,PGHPGPR,3.241549711674452e-05,0.9881911641966213,0.9881911641966213,0.9999675845028833
example:9222,DEEPKRPPFR,8.7593165517319e-05,0.9874927479213492,0.9874927479213492,0.9999124068344827
example:9223,ITPHGGGGGIGPPASGGGHPGGGGGGGK,4.8550547944614664e-05,0.987989836641512,0.987989836641512,0.9999514494520554
example:9224,GPGPPIIGAPC[UNIMOD:4]C[UNIMOD:4]S[UNIMOD:21]PNHPC[UNIMOD:4]AR,0.0028136693872511387,0.9783543128468583,0.9783543128468583,0.9971863306127489
example:9225,EVDGQMPSPKGEEGS[UNIMOD:21]DDDETENGPKPK,0.0016670441254973412,0.9809833809161898,0.9809833809161898,0.9983329558745027
example:9226,IPAGEQPVIPSPAS[UNIMOD:21]PTSTPSPATIAGR,0.0005055314977653325,0.9846068741467944,0.9846068741467944,0.9994944685022347
example:9227,DSRDPQTPTHIPVIIIRPR,0.02191859483718872,0.9396318813326998,0.9396318813326998,0.9780814051628113
example:9228,PAAASGDS[UNIMOD:21]DDDEPPAIKPPITR,0.034605495631694794,0.9144174283532207,0.9144174283532207,0.9653945043683052
example:9229,SGAS[UNIMOD:21]PAER,0.0010895774466916919,0.9825198521639947,0.9825198521639947,0.9989104225533083
example:9230,SEVDM[UNIMOD:35]NS[UNIMOD:21]PK,0.010109527967870235,0.9647045272233686,0.9647045272233686,0.9898904720321298
example:9231,TAPASATAPIIEAAPASS[UNIMOD:21]PAPAEPK,0.018201110884547234,0.9479751910205839,0.9479751910205839,0.9817988891154528
example:9232,KIIQDQS[UNIMOD:21]EEEEEEEK,0.017215970903635025,0.9496506023459153,0.9496506023459153,0.982784029096365
example:9233,AAPPPPPPPPPPAAPPPPPPPPR,0.010063393041491508,0.9648136306857937,0.9648136306857937,0.9899366069585085
example:9235,SPPPPPR,0.0074436720460653305,0.9698578204906441,0.9698578204906441,0.9925563279539347
example:9236,PRPPPPPHSIPIGHR,0.0006216952460817993,0.9841347039745766,0.9841347039745766,0.9993783047539182
example:9238,VKIEADEY[UNIMOD:21]DVPTKR,0.1419624388217926,0.7329770784937975,0.7329770784937975,0.8580375611782074
example:9239,HGEEDSEVAMSDHC[UNIMOD:4]EHC[UNIMOD:4]R,0.0014650109224021435,0.9814844021820093,0.9814844021820093,0.9985349890775979
example:9240,PEDRGC[UNIMOD:4]C[UNIMOD:4]C[UNIMOD:4]C[UNIMOD:4]K,0.0018364962888881564,0.9805854281905939,0.9805854281905939,0.9981635037111118
example:9242,DAPQPDVEIQVDGATIIAVIK,0.0031091636046767235,0.9777997338378657,0.9777997338378657,0.9968908363953233
example:9243,PEIIIR,0.014376800507307053,0.9552789663158644,0.9552789663158644,0.985623199492693
example:9244,ASSPPIS[UNIMOD:21]PGIPSRPPT[UNIMOD:21]PPAISVPPPR,0.005592783447355032,0.9731687460875845,0.9731687460875845,0.994407216552645
example:9245,S[UNIMOD:21]PPHSR,0.011011696420609951,0.9626295541553945,0.9626295541553945,0.98898830357939
example:9246,AMQSSC[UNIMOD:4]SSTSGGGGGGGGGGGGR,0.0009708547731861472,0.9828600269388563,0.9828600269388563,0.9990291452268139
example:9247,TPASSPC[UNIMOD:4]ST[UNIMOD:21]PES[UNIMOD:21]PVPSPFKK,0.011285487562417984,0.9619193429462558,0.9619193429462558,0.988714512437582
example:9248,PAS[UNIMOD:21]PEEADPAAEEER,0.02171785943210125,0.9400739807212136,0.9400739807212136,0.9782821405678988
example:9249,VINPSPK,0.0057778931222856045,0.9727989517739777,0.9727989517739777,0.9942221068777144
example:9250,YC[UNIMOD:4]VAASR,7.382385228993371e-05,0.9876727625745908,0.9876727625745908,0.9999261761477101
example:9251,SPAPPPS[UNIMOD:21]PPPR,0.0002915787626989186,0.985732944200483,0.985732944200483,0.9997084212373011
example:9252,GPPATTPAPPIVVK,0.011033912189304829,0.9625922594232625,0.9625922594232625,0.9889660878106952
example:9253,INKSPS[UNIMOD:21]PPPTK,7.182381523307413e-05,0.9876915845179152,0.9876915845179152,0.9999281761847669
example:9254,GGS[UNIMOD:21]PQAR,0.005802955944091082,0.9727528921321902,0.9727528921321902,0.9941970440559089
example:9255,EEAAEAHAVIHR,0.015467960387468338,0.9530471632188615,0.9530471632188615,0.9845320396125317
example:9256,T[UNIMOD:21]PPPPR,0.035956595093011856,0.9116141049981975,0.9116141049981975,0.9640434049069881
example:9257,VPS[UNIMOD:21]EGS[UNIMOD:21]DDDDC[UNIMOD:4]GK,0.011169791221618652,0.9622528619852453,0.9622528619852453,0.9888302087783813
example:9258,GGS[UNIMOD:21]RT[UNIMOD:21]PRPPR,0.000332970404997468,0.9854902497388832,0.9854902497388832,0.9996670295950025
example:9259,QPAPPIT[UNIMOD:21]PVAIIIR,0.0002909226168412715,0.9857370974910942,0.9857370974910942,0.9997090773831587
example:9260,NTEVS[UNIMOD:21]PPIPVK,0.004348389338701963,0.9754623348590028,0.9754623348590028,0.995651610661298
example:9261,GIIPPEK,0.007934465073049068,0.96906734846254,0.96906734846254,0.9920655349269509
example:9262,GGDRDPSR,0.0011898521333932877,0.9822297973517058,0.9822297973517058,0.9988101478666067
example:9263,APAPAPAPGPAPFVPR,3.973096681875177e-05,0.9881023311346973,0.9881023311346973,0.9999602690331812
example:9264,DSIS[UNIMOD:21]PK,0.0016785812331363559,0.980948422816947,0.980948422816947,0.9983214187668636
example:9265,DS[UNIMOD:21]PPPPPPPPR,0.0010634125210344791,0.9825918199983766,0.9825918199983766,0.9989365874789655
example:9266,HEHISSDYAGK,0.00011646301572909579,0.9871528867773841,0.9871528867773841,0.9998835369842709
example:9267,THC[UNIMOD:4]PTGPPSK,9.484840120421723e-05,0.9874032839797094,0.9874032839797094,0.9999051515987958
example:9268,VINPSPK,0.005554102826863527,0.9732644321139038,0.9732644321139038,0.9944458971731365
example:9269,ERPPS[UNIMOD:21]PPAGPR,0.0001575416827108711,0.9867642110839159,0.9867642110839159,0.9998424583172891
example:9270,GQDAPGAPRPVGR,0.015532095916569233,0.95288101031196,0.95288101031196,0.9844679040834308
example:9271,PPPPPPR,0.012475669384002686,0.9597193950686582,0.9597193950686582,0.9875243306159973
example:9272,SPEEPPAEPPPPPKK,0.00821837130934,0.9684106550613808,0.9684106550613808,0.99178162869066
example:9273,AGHSENEEPS[UNIMOD:21]EEEEEPVHKK,0.0082974499091506,0.9682705438064478,0.9682705438064478,0.9917025500908494
example:9274,ASEDIVK,0.05951077863574028,0.8692451024488095,0.8692451024488095,0.9404892213642597
example:9275,APNHPSSPR,0.0013927718391641974,0.9816660848920267,0.9816660848920267,0.9986072281608358
example:9276,VINPSPK,0.009707404300570488,0.9654016742846493,0.9654016742846493,0.9902925956994295
