source	target	weight
AP1	CD69	1
AP1	FOS	1
AP1	JUNB	1
AP1	HSPA8	1
AP1	PDCD4	-1
AP1	CDKN1B	-1
BCELL	CD22	1
BCELL	CD79A	1
BCELL	CR2	1
BCELL	FCER2	1
BCELL	FCRL1	1
BCELL	FCRL3	1
BCELL	IGHM	1
BCELL	TNFRSF13C	1
IFN	DDX60	1
IFN	IFNGR2	1
IFN	SP100	1
IFN	SP140	1
IFN	STAT1	1
IFN	ZC3HAV1	1
MHC	B2M	1
MHC	CD74	1
MHC	HLA-A	1
MHC	HLA-B	1
MHC	HLA-C	1
MHC	HLA-DPA1	1
MHC	HLA-DPB1	1
MHC	HLA-DRA	1
MHC	HLA-DRB1	1
MHC	HLA-E	1
RIBO	RPL11	1
RIBO	RPL4	1
RIBO	RPL8	1
RIBO	RPS15	1
RIBO	RPS23	1
RIBO	RPS24	1
RIBO	RPSA	1
SMALL	CD44	1
SMALL	VIM	1
SMALL	NOTAGENE	1
