chr21	16570070	C,G
chr21	16570094	T,G
chr21	16570095	C,T
chr21	16570111	T,A
chr21	16570144	C,T
chr21	16570190	T,G
chr21	16570220	A,G
chr21	16570358	G,A
chr21	16570389	A,C
chr21	16570401	G,C
chr21	16570501	C,T
chr21	16570511	A,G
chr21	16570513	A,T
chr21	16570536	C,G
chr21	16570594	C,A
chr21	16570687	A,C
chr21	16570725	A,T
chr21	16570728	C,G
chr21	16570795	C,T
chr21	16570814	G,A
chr21	16570846	A,G
chr21	16570862	T,C
chr21	16570904	A,G
chr21	16570906	G,A
chr21	16570955	G,A
chr21	16570969	T,C
chr21	16571055	A,G
chr21	16571071	A,T
chr21	16571109	C,A
chr21	16571160	C,T
chr21	16571166	T,C
chr21	16571183	T,G
chr21	16571231	G,A
chr21	16571256	T,A
chr21	16571267	A,C
chr21	16571273	G,A
chr21	16571341	T,C
chr21	16571461	T,C
chr21	16571485	T,C
chr21	16571505	T,A
chr21	16571511	C,T
chr21	16571641	T,C
chr21	16571644	C,G
chr21	16571655	G,A
chr21	16571704	T,A
chr21	16571752	G,T
chr21	16571780	T,C
chr21	16571802	G,A
chr21	16571876	T,C
chr21	16571910	C,T
chr21	16572010	A,G
chr21	16572092	G,A
chr21	16572202	T,G
chr21	16572205	G,A
chr21	16572261	C,T
chr21	16572391	G,C
chr21	16572501	C,T
chr21	16572526	A,G
chr21	16572563	T,C
chr21	16572600	C,T
chr21	16572683	C,T
chr21	16572709	G,A
chr21	16572714	G,A
chr21	16572722	G,A
chr21	16572724	C,T
chr21	16572737	C,T
chr21	16572738	G,A
chr21	16572740	T,C
chr21	16572763	A,G
chr21	16572770	C,T
chr21	16572771	G,A
chr21	16572811	C,T
chr21	16572863	G,A
chr21	16572919	T,A
chr21	16572922	C,T
chr21	16572923	G,A
chr21	16572961	A,G
chr21	16572985	G,A
chr21	16573047	C,T
chr21	16573076	T,A
chr21	16573080	T,C
chr21	16573097	A,G
chr21	16573111	T,C
chr21	16573145	T,A
chr21	16573165	G,A
chr21	16573167	C,T
chr21	16573195	A,G
chr21	16573219	C,T
chr21	16573376	G,C
chr21	16573404	A,G
chr21	16573475	T,C
chr21	16573476	A,G
chr21	16573522	C,T
chr21	16573529	G,C
chr21	16573557	A,G
chr21	16573584	T,G
chr21	16573595	A,G
chr21	16573603	T,C
chr21	16573622	C,T
chr21	16573658	C,T
chr21	16573746	T,C
chr21	16573754	A,G
chr21	16573764	A,G
chr21	16573768	G,C
chr21	16573794	C,T
chr21	16573830	C,G
chr21	16573840	T,C
chr21	16573892	G,A
chr21	16573955	T,C
chr21	16574021	A,C
chr21	16574042	G,A
chr21	16574053	T,C
chr21	16574055	C,G
chr21	16574169	A,T
chr21	16574170	C,A
chr21	16574187	G,A
chr21	16574251	C,T
chr21	16574588	C,A
chr21	16574637	A,C
chr21	16574638	C,G
chr21	16574657	G,C
chr21	16574690	A,G
chr21	16574841	C,T
chr21	16574859	T,C
chr21	16574860	G,C
chr21	16574864	G,T
chr21	16574897	G,A
chr21	16574969	C,T
chr21	16574999	C,T
chr21	16575053	C,T
chr21	16575084	A,G
chr21	16575165	A,C
chr21	16575190	T,C
chr21	16575259	G,A
chr21	16575285	G,C
chr21	16575305	G,A
chr21	16575318	G,C
chr21	16575337	A,C
chr21	16575353	G,A
chr21	16575406	C,A
chr21	16575583	T,C
chr21	16575605	G,A
chr21	16575633	G,A
chr21	16575639	C,G
chr21	16575653	C,T
chr21	16575771	T,C
chr21	16575791	A,T
chr21	16576000	A,G
chr21	16576034	G,T
chr21	16576049	C,T
chr21	16576176	T,G
chr21	16576193	A,G
chr21	16576244	G,A
chr21	16576355	T,C
chr21	16576393	A,G
chr21	16576426	T,G
chr21	16576455	A,G
chr21	16576524	A,G
chr21	16576568	T,A
chr21	16576644	C,T
chr21	16576645	G,A
chr21	16576717	A,G
chr21	16576733	T,C
chr21	16576740	G,A
chr21	16576763	T,G
chr21	16576796	C,G
chr21	16576800	A,G
chr21	16576804	G,A
chr21	16576813	T,C
chr21	16576843	C,A
chr21	16576862	A,C
chr21	16576864	G,T
chr21	16576898	G,A
chr21	16577179	G,C
chr21	16577206	C,T
chr21	16577266	C,G
chr21	16577345	A,T
chr21	16577475	T,C
chr21	16577499	T,C
chr21	16577510	T,G
chr21	16577532	A,T
chr21	16577534	T,G
chr21	16577537	A,G
chr21	16577558	T,G
chr21	16577571	T,C
chr21	16577580	A,T
chr21	16577594	G,A
chr21	16577595	T,C
chr21	16577619	C,T
chr21	16577643	T,C
chr21	16577657	G,A
chr21	16577664	T,C
chr21	16577668	A,G
chr21	16577681	A,G
chr21	16577765	T,G
chr21	16577771	T,C
chr21	16577936	T,C
chr21	16578078	T,G
chr21	16578122	A,C
chr21	16578185	T,C
chr21	16578203	A,G
chr21	16578244	C,T
chr21	16578245	G,A
chr21	16578313	C,T
chr21	16578366	A,G
chr21	16578433	C,T
chr21	16578457	A,G
chr21	16578499	A,G
chr21	16578659	G,T
chr21	16578683	G,A
chr21	16578687	T,A
chr21	16578731	C,T
chr21	16578784	C,T
chr21	16578836	A,T
chr21	16578953	T,C
chr21	16578973	G,C
chr21	16579079	G,A
chr21	16579097	G,A
chr21	16579122	T,C
chr21	16579145	A,G
chr21	16579210	T,C
chr21	16579289	G,T
chr21	16579309	G,A
chr21	16579332	G,T
chr21	16579365	C,T
chr21	16579453	C,T
chr21	16579471	A,G
chr21	16579896	G,A
chr21	16580062	G,A
chr21	16580084	G,T
chr21	16580102	T,G
chr21	16580233	G,A
chr21	16580241	T,C
chr21	16580275	A,T
chr21	16580320	T,C
chr21	16580374	A,C
chr21	16580475	T,G
chr21	16580552	G,A
chr21	16580667	A,G
chr21	16580706	G,A
chr21	16580764	T,C
chr21	16580777	A,T
chr21	16580808	A,T
chr21	16580812	G,C
chr21	16580821	T,A
chr21	16580846	C,T
chr21	16580902	G,A
chr21	16581058	T,C
chr21	16581083	G,A
chr21	16581133	A,G
chr21	16581148	A,C
chr21	16581196	A,G
chr21	16581226	G,A
chr21	16581351	T,G
chr21	16581354	T,G
chr21	16581369	C,T
chr21	16581457	T,G
chr21	16581527	T,C
chr21	16581644	A,G
chr21	16581711	T,A
chr21	16581733	C,T
chr21	16581788	A,T
chr21	16581876	T,C
chr21	16581887	A,G
chr21	16581899	G,C
chr21	16582097	T,C
chr21	16582128	T,A
chr21	16582142	A,G
chr21	16582147	A,G
chr21	16582184	C,G
chr21	16582186	A,G
chr21	16582207	A,C
chr21	16582257	T,C
chr21	16582264	G,T
chr21	16582313	G,A
chr21	16582363	C,T
chr21	16582364	G,A
chr21	16582375	C,T
chr21	16582579	G,C
chr21	16582608	A,G
chr21	16582681	A,T
chr21	16582716	C,T
chr21	16582758	C,T
chr21	16582814	G,T
chr21	16582910	C,T
chr21	16582922	T,G
chr21	16582930	G,A
chr21	16583022	A,C
chr21	16583036	C,T
chr21	16583152	T,G
chr21	16583165	G,A
chr21	16583167	A,C
chr21	16583194	G,T
chr21	16583212	A,T
chr21	16583216	T,A
chr21	16583221	T,A
chr21	16583237	T,A
chr21	16583255	C,T
chr21	16583256	G,A
chr21	16583275	C,T
chr21	16583343	T,C
chr21	16583375	C,T
chr21	16583401	A,G
chr21	16583503	C,T
chr21	16583529	A,C
chr21	16583541	A,G
chr21	16583551	T,C
chr21	16583570	T,G
chr21	16583779	A,G
chr21	16583797	G,A
chr21	16583814	G,A
chr21	16583869	G,A
chr21	16583911	C,T
chr21	16583917	G,A
chr21	16584081	C,T
chr21	16584126	A,G
chr21	16584196	C,T
chr21	16584198	T,C
chr21	16584235	T,A
chr21	16584272	T,C
chr21	16584358	C,T
chr21	16584427	C,G
chr21	16584431	C,G
chr21	16584446	C,A
chr21	16584450	G,C
chr21	16584487	C,T
chr21	16584514	A,C
chr21	16584520	G,A
chr21	16584585	C,T
chr21	16584615	C,T
chr21	16584616	G,A
chr21	16584666	G,A
chr21	16584669	G,A
chr21	16584673	G,T
chr21	16584785	T,C
chr21	16584803	A,C
chr21	16584832	G,A
chr21	16584938	T,C
chr21	16585007	T,C
chr21	16585023	C,T
chr21	16585026	A,G
chr21	16585036	G,A
chr21	16585144	C,T
chr21	16585385	C,A
chr21	16585414	T,C
chr21	16585421	A,G
chr21	16585477	G,A
chr21	16585483	G,A
chr21	16585584	A,T
chr21	16585608	T,C
chr21	16585745	A,T
chr21	16585767	T,C
chr21	16585830	G,A
chr21	16585947	T,C
chr21	16586007	T,A
chr21	16586066	G,T
chr21	16586155	A,C
chr21	16586213	T,C
chr21	16586275	C,G
chr21	16586286	C,T
chr21	16586302	G,T
chr21	16586317	T,C
chr21	16586346	G,A
chr21	16586375	A,G
chr21	16586489	C,T
chr21	16586512	C,T
chr21	16586529	T,C
chr21	16586539	G,A
chr21	16586624	G,A
chr21	16586641	T,C
chr21	16586656	T,C
chr21	16586692	G,A
chr21	16586759	T,C
chr21	16586846	A,C
chr21	16586882	T,C
chr21	16587043	T,A
chr21	16587092	A,G
chr21	16587172	T,C
chr21	16587180	T,C
chr21	16587254	T,G
chr21	16587292	A,G
chr21	16587421	G,A
chr21	16587637	T,G
chr21	16587712	T,C
chr21	16587744	A,T
chr21	16587754	A,G
chr21	16587895	C,G
chr21	16587899	T,C
chr21	16588251	G,C
chr21	16588260	C,T
chr21	16588274	A,G
chr21	16588314	A,G
chr21	16588323	A,G
chr21	16588447	C,T
chr21	16588646	G,T
chr21	16588814	G,A
chr21	16588843	T,G
chr21	16588876	A,C
chr21	16588907	T,A
chr21	16589035	A,G
chr21	16589130	T,A
chr21	16589163	A,G
chr21	16589193	G,A
chr21	16589199	G,T
chr21	16589224	A,G
chr21	16589435	T,C
chr21	16589451	C,G
chr21	16589612	A,G
chr21	16589677	G,A
chr21	16589736	G,A
chr21	16589852	A,G
chr21	16590018	G,C
chr21	16590040	C,T
chr21	16590062	T,A
chr21	16590229	C,T
chr21	16590295	A,G
chr21	16590341	C,T
chr21	16590419	T,A
chr21	16590513	T,G
chr21	16590521	G,A
chr21	16590531	G,A
chr21	16590542	A,G
chr21	16590584	A,C
chr21	16590601	C,A
chr21	16590604	T,C
chr21	16590662	G,T
chr21	16590878	T,C
chr21	16590997	T,C
chr21	16591068	G,A
chr21	16591080	G,A
chr21	16591158	A,T
chr21	16591174	G,A
chr21	16591355	C,T
chr21	16591397	T,C
chr21	16591431	A,G
chr21	16591438	G,A
chr21	16591604	T,C
chr21	16591675	A,T
chr21	16591681	A,G
chr21	16591717	G,A
chr21	16591745	G,A
chr21	16591768	T,C
chr21	16591808	A,G
chr21	16591886	T,C
chr21	16591910	T,C
chr21	16592018	T,C
chr21	16592122	C,T
chr21	16592168	G,A
chr21	16592229	A,T
chr21	16592270	T,G
chr21	16592277	C,T
chr21	16592311	G,C
chr21	16592403	C,A
chr21	16592516	A,G
chr21	16592532	A,G
chr21	16592556	C,T
chr21	16592580	A,C
chr21	16592588	C,G
chr21	16592610	G,A
chr21	16592639	C,T
chr21	16592709	T,C
chr21	16592735	C,G
chr21	16592873	C,G
chr21	16592900	A,T
chr21	16592964	T,A
chr21	16592969	C,A
chr21	16593067	T,C
chr21	16593097	G,C
chr21	16593129	T,A
chr21	16593131	A,T
chr21	16593185	C,T
chr21	16593213	T,C
chr21	16593267	C,T
chr21	16593317	T,A
chr21	16593359	A,T
chr21	16593361	A,C
chr21	16593366	G,C
chr21	16593367	G,A
chr21	16593369	T,A
chr21	16593373	C,T
chr21	16593438	G,A
chr21	16593529	T,C
chr21	16593549	A,G
chr21	16593741	T,G
chr21	16593786	A,G
chr21	16593795	C,G
chr21	16593888	T,C
chr21	16594049	T,G
chr21	16594233	T,G
chr21	16594267	T,G
chr21	16594270	G,T
chr21	16594327	T,A
chr21	16594554	A,C
chr21	16594572	T,C
chr21	16594597	A,T
chr21	16594838	C,T
chr21	16594905	G,A
chr21	16594906	C,A
chr21	16595023	A,C
chr21	16595203	T,C
chr21	16595205	G,A
chr21	16595353	T,A
chr21	16595390	A,G
chr21	16595525	T,C
chr21	16595541	A,C
chr21	16595564	C,T
chr21	16595593	T,C
chr21	16595594	A,G
chr21	16595597	G,A
chr21	16595744	G,A
chr21	16595752	C,T
chr21	16595760	G,C
chr21	16595777	T,C
chr21	16595785	A,C
chr21	16595798	A,G
chr21	16595807	A,G
chr21	16595826	C,T
chr21	16595827	A,G
chr21	16595830	C,T
chr21	16595832	T,C
chr21	16595838	C,T
chr21	16595842	T,C
chr21	16595849	T,A
chr21	16595860	C,T
chr21	16595862	C,T
chr21	16595882	A,G
chr21	16595894	C,T
chr21	16595901	C,T
chr21	16595902	G,A
chr21	16595906	C,T
chr21	16595918	C,G
chr21	16595919	G,A
chr21	16595925	G,A
chr21	16595926	C,A
chr21	16595932	T,C
chr21	16595950	G,A
chr21	16596006	A,T
chr21	16596025	T,A
chr21	16596147	A,G
chr21	16596190	A,C
chr21	16596202	T,G
chr21	16596222	C,T
chr21	16596246	G,A
chr21	16596268	A,G
chr21	16596273	A,G
chr21	16596314	G,C
chr21	16596398	C,T
chr21	16596402	G,T
chr21	16596414	G,C
chr21	16596466	A,G
chr21	16596594	T,A
chr21	16596608	A,G
chr21	16596700	G,A
chr21	16596735	A,G
chr21	16596742	A,G
chr21	16596766	T,A
chr21	16596812	T,C
chr21	16597033	A,T
chr21	16597119	C,T
chr21	16597159	C,T
chr21	16597169	T,C
chr21	16597194	G,A
chr21	16597197	C,G
chr21	16597231	T,C
chr21	16597342	G,A
chr21	16597363	A,T
chr21	16597401	A,G
chr21	16597426	C,T
chr21	16597443	T,A
chr21	16597444	A,G
chr21	16597508	T,A
chr21	16597509	T,C
chr21	16597543	T,G
chr21	16597569	T,A
chr21	16597590	C,A
chr21	16597715	T,C
chr21	16597748	C,T
chr21	16597930	T,C
chr21	16598166	A,G
chr21	16598232	T,A
chr21	16598246	T,G
chr21	16598355	A,G
chr21	16598369	G,A
chr21	16598436	A,G
chr21	16598445	G,T
chr21	16598543	G,A
chr21	16598554	G,C
chr21	16598572	T,C
chr21	16598603	C,T
chr21	16598638	A,G
chr21	16598657	G,T
chr21	16598678	G,A
chr21	16598779	C,T
chr21	16598780	G,A
chr21	16598809	A,G
chr21	16598856	T,C
chr21	16598866	C,A
chr21	16598925	G,T
chr21	16598966	T,C
chr21	16599025	A,T
chr21	16599053	G,C
chr21	16599064	C,T
chr21	16599161	A,C
chr21	16599162	C,T
chr21	16599242	G,A
chr21	16599293	C,T
chr21	16599318	G,A
chr21	16599425	A,C
chr21	16599470	T,C
chr21	16599486	G,A
chr21	16599569	T,G
chr21	16599602	T,G
chr21	16599614	T,G
chr21	16599676	G,A
chr21	16599679	C,T
chr21	16599719	C,T
chr21	16599730	C,T
chr21	16599805	A,G
chr21	16599822	T,C
chr21	16599858	C,T
chr21	16599896	G,A
chr21	16599898	G,C
chr21	16599905	C,T
chr21	16599907	C,T
chr21	16599911	G,T
chr21	16600115	A,G
chr21	16600202	G,A
chr21	16600214	A,C
chr21	16600222	A,G
chr21	16600272	C,T
chr21	16600285	A,T
chr21	16600340	C,G
chr21	16600357	G,C
chr21	16600387	T,C
chr21	16600420	T,C
chr21	16600637	A,T
chr21	16600649	G,A
chr21	16600678	T,C
chr21	16600710	A,G
chr21	16600745	T,C
chr21	16600753	A,G
chr21	16600757	G,A
chr21	16600788	G,T
chr21	16600795	A,T
chr21	16600873	G,T
chr21	16600923	A,G
chr21	16600959	C,G
chr21	16601015	A,G
chr21	16601099	A,G
chr21	16601169	G,A
chr21	16601216	A,G
chr21	16601223	A,G
chr21	16601239	A,G
chr21	16601253	A,G
chr21	16601265	C,T
chr21	16601321	A,G
chr21	16601374	G,A
chr21	16601391	T,G
chr21	16601409	A,G
chr21	16601428	G,A
chr21	16601486	G,T
chr21	16601500	A,G
chr21	16601569	C,G
chr21	16601610	A,G
chr21	16601626	A,G
chr21	16601655	T,C
chr21	16601689	A,G
chr21	16601712	A,G
chr21	16601779	A,G
chr21	16601811	A,T
chr21	16601897	T,G
chr21	16601946	T,C
chr21	16601994	T,A
chr21	16602066	T,C
chr21	16602152	T,C
chr21	16602208	G,A
chr21	16602209	C,A
chr21	16602241	G,C
chr21	16602279	G,C
chr21	16602334	C,A
chr21	16602416	A,G
chr21	16602438	A,G
chr21	16602453	A,T
chr21	16602469	G,A
chr21	16602485	C,T
chr21	16602494	T,C
chr21	16602507	G,A
chr21	16602591	G,A
chr21	16602596	G,A
chr21	16602606	A,T
chr21	16602613	A,G
chr21	16602690	T,C
chr21	16602795	G,A
chr21	16602816	G,C
chr21	16602950	A,G
chr21	16603104	T,G
chr21	16603180	C,T
chr21	16603211	T,A
chr21	16603219	G,A
chr21	16603263	T,C
chr21	16603311	G,A
chr21	16603319	G,T
chr21	16603340	C,T
chr21	16603366	G,A
chr21	16603413	C,T
chr21	16603506	T,C
chr21	16603545	C,G
chr21	16603580	C,G
chr21	16603594	G,T
chr21	16603606	C,T
chr21	16603713	A,T
chr21	16604010	A,G
chr21	16604044	A,G
chr21	16604073	A,T
chr21	16604134	T,C
chr21	16604156	T,C
chr21	16604180	G,A
chr21	16604357	C,A
chr21	16604363	G,A
chr21	16604461	T,G
chr21	16604514	C,A
chr21	16604545	C,G
chr21	16604643	C,G
chr21	16604666	A,G
chr21	16604670	A,T
chr21	16604762	T,G
chr21	16604872	T,C
chr21	16604897	T,C
chr21	16604955	C,T
chr21	16604998	G,T
chr21	16605004	G,A
chr21	16605195	A,C
chr21	16605206	T,G
chr21	16605227	G,A
chr21	16605240	T,A
chr21	16605254	T,C
chr21	16605479	G,A
chr21	16605538	G,A
chr21	16605549	G,C
chr21	16605556	C,T
chr21	16605558	T,C
chr21	16605563	T,A
chr21	16605616	G,A
chr21	16605643	C,T
chr21	16605644	C,T
chr21	16605663	G,A
chr21	16605776	C,T
chr21	16605869	C,T
chr21	16605931	A,G
chr21	16605981	G,A
chr21	16605982	T,G
chr21	16605983	G,A
chr21	16605985	A,G
chr21	16606083	G,C
chr21	16606253	C,T
chr21	16606268	T,C
chr21	16606289	C,A
chr21	16606405	A,T
chr21	16606501	A,G
chr21	16606529	C,A
chr21	16606533	C,A
chr21	16606572	C,T
chr21	16606694	T,G
chr21	16606699	G,A
chr21	16606707	G,C
chr21	16606708	A,C
chr21	16606768	A,G
chr21	16606775	A,G
chr21	16606798	G,T
chr21	16606840	T,C
chr21	16606921	G,A
chr21	16606943	C,T
chr21	16606944	G,A
chr21	16607052	C,A
chr21	16607078	G,A
chr21	16607081	G,A
chr21	16607109	A,G
chr21	16607113	A,C
chr21	16607123	G,A
chr21	16607164	C,T
chr21	16607233	A,C
chr21	16607270	C,G
chr21	16607302	A,C
chr21	16607411	G,A
chr21	16607423	C,G
chr21	16607484	C,T
chr21	16607502	G,A
chr21	16607523	A,G
chr21	16607567	T,C
chr21	16607634	C,T
chr21	16607641	G,A
chr21	16607669	T,C
chr21	16607671	C,A
chr21	16607851	C,T
chr21	16607864	T,C
chr21	16607889	A,G
chr21	16607897	T,A
chr21	16607907	A,G
chr21	16607958	G,C
chr21	16608085	C,T
chr21	16608129	G,C
chr21	16608134	A,G
chr21	16608140	C,T
chr21	16608230	A,T
chr21	16608250	T,A
chr21	16608308	A,T
chr21	16608395	G,T
chr21	16608442	G,A
chr21	16608457	C,T
chr21	16608459	A,G
chr21	16608498	G,A
chr21	16608694	A,T
chr21	16608695	C,T
chr21	16608754	T,G
chr21	16608804	A,G
chr21	16608936	A,G
chr21	16609197	C,T
chr21	16609240	G,C
chr21	16609287	C,T
chr21	16609295	T,G
chr21	16609345	A,T
chr21	16609400	C,A
chr21	16609437	G,A
chr21	16609443	C,T
chr21	16609476	A,G
chr21	16609525	T,A
chr21	16609656	T,C
chr21	16609673	C,A
chr21	16609682	T,C
chr21	16609752	C,T
chr21	16609753	C,A
chr21	16609849	A,G
chr21	16609865	T,C
chr21	16609869	C,G
chr21	16609931	T,A
chr21	16609998	A,G
chr22	16570065	A,G
chr22	16570067	A,C
chr22	16570176	C,A
chr22	16570211	T,C
chr22	16570267	T,C
chr22	16570325	T,C
chr22	16570434	A,G
chr22	16570441	G,A
chr22	16570473	A,G
chr22	16570478	G,T
chr22	16570494	T,C
chr22	16570528	A,G
chr22	16570529	T,G
chr22	16570539	G,A
chr22	16570550	T,G
chr22	16570620	C,T
chr22	16570621	G,A
chr22	16570653	T,C
chr22	16570768	T,C
chr22	16570783	A,G
chr22	16570788	G,A
chr22	16570839	C,A
chr22	16570860	G,T
chr22	16570885	T,G
chr22	16570962	G,A
chr22	16571037	A,G
chr22	16571233	G,A
chr22	16571341	T,C
chr22	16571353	C,T
chr22	16571354	G,A
chr22	16571362	T,G
chr22	16571490	G,A
chr22	16571579	C,T
chr22	16571694	T,C
chr22	16571883	C,T
chr22	16571933	T,G
chr22	16571973	C,T
chr22	16571981	A,G
chr22	16572059	G,A
chr22	16572060	G,C
chr22	16572094	A,G
chr22	16572142	T,C
chr22	16572187	C,A
chr22	16572282	A,G
chr22	16572301	T,A
chr22	16572503	C,T
chr22	16572508	G,A
chr22	16572562	G,C
chr22	16572596	G,A
chr22	16572597	C,G
chr22	16572628	A,G
chr22	16572657	G,T
chr22	16572811	A,G
chr22	16572815	T,C
chr22	16572826	A,G
chr22	16572848	A,G
chr22	16572965	C,T
chr22	16573042	T,G
chr22	16573092	A,T
chr22	16573096	T,G
chr22	16573130	A,G
chr22	16573137	G,A
chr22	16573213	G,A
chr22	16573270	T,G
chr22	16573309	A,G
chr22	16573334	A,T
chr22	16573401	T,C
chr22	16573442	T,C
chr22	16573505	C,T
chr22	16573546	C,T
chr22	16573600	G,T
chr22	16573830	T,C
chr22	16573884	G,C
chr22	16573905	G,A
chr22	16573957	T,A
chr22	16574024	G,A
chr22	16574035	A,G
chr22	16574050	G,A
chr22	16574057	A,G
chr22	16574062	A,T
chr22	16574099	C,T
chr22	16574139	C,T
chr22	16574184	T,A
chr22	16574227	G,A
chr22	16574232	C,A
chr22	16574233	T,G
chr22	16574289	C,A
chr22	16574478	A,G
chr22	16574527	G,A
chr22	16574547	A,G
chr22	16574568	G,A
chr22	16574630	A,T
chr22	16574666	C,G
chr22	16574679	T,G
chr22	16574812	C,T
chr22	16574878	A,G
chr22	16574928	C,T
chr22	16574945	C,G
chr22	16574951	C,T
chr22	16575088	G,A
chr22	16575094	C,T
chr22	16575132	T,C
chr22	16575148	G,A
chr22	16575222	T,C
chr22	16575243	C,T
chr22	16575253	T,C
chr22	16575304	G,C
chr22	16575387	C,T
chr22	16575390	C,A
chr22	16575408	G,T
chr22	16575432	A,T
chr22	16575484	T,C
chr22	16575512	T,A
chr22	16575525	T,C
chr22	16575569	C,T
chr22	16575627	T,C
chr22	16575651	A,T
chr22	16575653	C,T
chr22	16575782	C,A
chr22	16575898	T,C
chr22	16575950	T,C
chr22	16576018	C,T
chr22	16576139	A,G
chr22	16576194	G,A
chr22	16576216	A,C
chr22	16576245	A,G
chr22	16576248	G,T
chr22	16576364	A,G
chr22	16576463	C,A
chr22	16576563	C,G
chr22	16576591	G,A
chr22	16576618	G,A
chr22	16576660	G,T
chr22	16576682	A,G
chr22	16576701	G,A
chr22	16576707	G,A
chr22	16576869	A,G
chr22	16576964	T,A
chr22	16576979	C,T
chr22	16577204	G,T
chr22	16577245	C,G
chr22	16577274	A,T
chr22	16577310	C,A
chr22	16577365	G,T
chr22	16577378	A,G
chr22	16577395	G,C
chr22	16577592	T,C
chr22	16577636	A,T
chr22	16577665	C,T
chr22	16577670	A,G
chr22	16577706	G,A
chr22	16577726	C,T
chr22	16577994	C,T
chr22	16578101	C,A
chr22	16578165	T,C
chr22	16578234	A,G
chr22	16578308	A,G
chr22	16578376	G,A
chr22	16578419	T,C
chr22	16578670	C,T
chr22	16578696	C,T
chr22	16578742	T,C
chr22	16578847	G,A
chr22	16578873	G,C
chr22	16578938	C,T
chr22	16578958	T,C
chr22	16579019	C,T
chr22	16579026	C,T
chr22	16579085	A,G
chr22	16579185	A,T
chr22	16579189	G,T
chr22	16579276	T,C
chr22	16579368	G,A
chr22	16579370	C,T
chr22	16579402	G,A
chr22	16579431	C,T
chr22	16579469	G,A
chr22	16579529	T,C
chr22	16579586	A,G
chr22	16579642	C,T
chr22	16579726	C,T
chr22	16579795	G,A
chr22	16579816	C,T
chr22	16579817	G,A
chr22	16579835	C,A
chr22	16579836	G,A
chr22	16579845	A,G
chr22	16579869	C,T
chr22	16579907	T,C
chr22	16579918	T,C
chr22	16580003	A,G
chr22	16580060	A,C
chr22	16580143	T,C
chr22	16580157	G,A
chr22	16580203	C,T
chr22	16580258	G,A
chr22	16580263	G,T
chr22	16580332	G,A
chr22	16580415	A,G
chr22	16580423	A,G
chr22	16580481	A,G
chr22	16580540	A,G
chr22	16580666	G,C
chr22	16580672	A,T
chr22	16580935	C,T
chr22	16580943	A,G
chr22	16581029	G,C
chr22	16581087	A,C
chr22	16581413	T,C
chr22	16581664	A,G
chr22	16581789	G,A
chr22	16581806	A,G
chr22	16581988	T,C
chr22	16582037	A,C
chr22	16582088	G,A
chr22	16582214	C,T
chr22	16582215	G,A
chr22	16582219	A,C
chr22	16582286	C,T
chr22	16582319	T,C
chr22	16582377	C,T
chr22	16582379	A,G
chr22	16582440	T,C
chr22	16582469	A,G
chr22	16582550	G,A
chr22	16582595	G,A
chr22	16582640	C,G
chr22	16582709	C,G
chr22	16582713	T,C
chr22	16582723	A,T
chr22	16582829	G,A
chr22	16582832	A,G
chr22	16582871	C,T
chr22	16582873	C,T
chr22	16582874	G,A
chr22	16582981	C,T
chr22	16582988	G,A
chr22	16583120	A,G
chr22	16583145	G,A
chr22	16583181	G,A
chr22	16583361	T,C
chr22	16583421	G,A
chr22	16583429	G,A
chr22	16583442	T,C
chr22	16583531	C,A
chr22	16583574	G,A
chr22	16583688	A,T
chr22	16583690	T,A
chr22	16583725	C,T
chr22	16583743	T,G
chr22	16583762	A,G
chr22	16583803	C,T
chr22	16583821	C,T
chr22	16583828	G,C
chr22	16583927	C,T
chr22	16583978	G,C
chr22	16583993	C,A
chr22	16583995	C,T
chr22	16584040	C,T
chr22	16584133	T,C
chr22	16584187	T,C
chr22	16584189	T,A
chr22	16584287	C,T
chr22	16584367	G,A
chr22	16584421	G,A
chr22	16584441	T,A
chr22	16584460	T,C
chr22	16584466	G,A
chr22	16584473	T,C
chr22	16584474	C,T
chr22	16584510	C,T
chr22	16584525	C,T
chr22	16584559	G,A
chr22	16584567	G,A
chr22	16584595	G,A
chr22	16584640	G,A
chr22	16584655	A,G
chr22	16584658	A,T
chr22	16584659	G,C
chr22	16584676	C,T
chr22	16584709	A,G
chr22	16584728	T,C
chr22	16584763	G,A
chr22	16584777	C,T
chr22	16584826	T,C
chr22	16584862	C,T
chr22	16584927	G,A
chr22	16585046	G,C
chr22	16585061	C,T
chr22	16585071	G,C
chr22	16585088	A,C
chr22	16585103	A,G
chr22	16585130	T,C
chr22	16585144	G,A
chr22	16585240	T,C
chr22	16585279	T,C
chr22	16585412	G,T
chr22	16585444	C,T
chr22	16585510	C,G
chr22	16585512	T,C
chr22	16585529	C,T
chr22	16585538	G,A
chr22	16585569	G,A
chr22	16585589	G,A
chr22	16585603	G,A
chr22	16585615	A,C
chr22	16585633	G,A
chr22	16585657	A,G
chr22	16585662	A,G
chr22	16585706	A,G
chr22	16585727	G,A
chr22	16585732	C,T
chr22	16585810	T,C
chr22	16585842	C,T
chr22	16585878	G,A
chr22	16585978	C,T
chr22	16586021	G,A
chr22	16586034	A,G
chr22	16586041	G,A
chr22	16586057	C,T
chr22	16586115	T,C
chr22	16586136	T,C
chr22	16586175	C,G
chr22	16586336	G,A
chr22	16586538	A,C
chr22	16586614	G,T
chr22	16586676	A,G
chr22	16586718	A,T
chr22	16586780	T,C
chr22	16586846	C,A
chr22	16586955	C,G
chr22	16586966	C,T
chr22	16587166	A,G
chr22	16587172	C,T
chr22	16587269	C,T
chr22	16587345	T,C
chr22	16587385	T,C
chr22	16587462	G,A
chr22	16587510	C,T
chr22	16587514	C,T
chr22	16587557	T,G
chr22	16587576	C,T
chr22	16587654	G,A
chr22	16587679	C,T
chr22	16587697	C,T
chr22	16587710	G,A
chr22	16587858	C,T
chr22	16587873	A,G
chr22	16587886	A,C
chr22	16588004	G,A
chr22	16588048	C,T
chr22	16588091	C,A
chr22	16588098	A,G
chr22	16588119	G,C
chr22	16588174	T,A
chr22	16588240	G,A
chr22	16588265	G,A
chr22	16588303	A,G
chr22	16588315	G,A
chr22	16588413	G,A
chr22	16588500	C,T
chr22	16588543	A,C
chr22	16588583	A,G
chr22	16588599	G,A
chr22	16588651	T,C
chr22	16588750	G,A
chr22	16588854	G,C
chr22	16588937	C,T
chr22	16588968	C,A
chr22	16589051	G,A
chr22	16589061	C,T
chr22	16589089	C,T
chr22	16589092	A,G
chr22	16589121	T,C
chr22	16589199	C,T
chr22	16589211	A,G
chr22	16589219	A,G
chr22	16589230	C,G
chr22	16589246	C,T
chr22	16589278	T,C
chr22	16589307	C,A
chr22	16589382	T,G
chr22	16589451	G,A
chr22	16589491	G,A
chr22	16589492	A,G
chr22	16589517	C,A
chr22	16589562	G,A
chr22	16589563	C,A
chr22	16589568	C,T
chr22	16589617	G,A
chr22	16589780	C,T
chr22	16589782	T,C
chr22	16589874	C,G
chr22	16589968	G,C
chr22	16590051	G,A
chr22	16590153	A,G
chr22	16590164	A,G
chr22	16590223	G,A
chr22	16590235	C,T
chr22	16590245	T,C
chr22	16590260	A,G
chr22	16590287	T,C
chr22	16590297	G,A
chr22	16590386	A,G
chr22	16590425	G,T
chr22	16590429	T,A
chr22	16590430	C,T
chr22	16590452	G,T
chr22	16590464	G,A
chr22	16590478	G,T
chr22	16590562	G,A
chr22	16590623	G,A
chr22	16590676	G,A
chr22	16590687	T,C
chr22	16590716	G,A
chr22	16590757	G,T
chr22	16590764	C,T
chr22	16590783	A,G
chr22	16590804	G,A
chr22	16590866	T,C
chr22	16590972	G,C
chr22	16591009	G,A
chr22	16591037	C,G
chr22	16591110	C,G
chr22	16591137	G,C
chr22	16591145	C,T
chr22	16591196	A,C
chr22	16591249	A,C
chr22	16591313	C,T
chr22	16591380	C,T
chr22	16591457	C,T
chr22	16591494	G,T
chr22	16591510	G,A
chr22	16591521	G,T
chr22	16591592	C,T
chr22	16591593	A,G
chr22	16591615	G,A
chr22	16591617	T,C
chr22	16591778	G,A
chr22	16591816	A,G
chr22	16591831	C,T
chr22	16591853	G,T
chr22	16591857	T,C
chr22	16591891	C,T
chr22	16591934	C,T
chr22	16591947	G,A
chr22	16591955	T,A
chr22	16592138	G,A
chr22	16592143	G,A
chr22	16592153	C,T
chr22	16592176	A,G
chr22	16592216	G,A
chr22	16592229	C,T
chr22	16592241	C,T
chr22	16592244	C,A
chr22	16592258	G,A
chr22	16592260	C,T
chr22	16592263	G,C
chr22	16592279	C,T
chr22	16592308	C,T
chr22	16592329	A,C
chr22	16592335	A,G
chr22	16592342	G,A
chr22	16592384	C,T
chr22	16592385	G,A
chr22	16592551	G,A
chr22	16592552	G,A
chr22	16592585	C,T
chr22	16592604	G,C
chr22	16592631	G,A
chr22	16592634	G,A
chr22	16592645	A,G
chr22	16592698	T,G
chr22	16592704	C,T
chr22	16592765	C,A
chr22	16592785	G,A
chr22	16592856	G,A
chr22	16592911	G,C
chr22	16592949	A,G
chr22	16592978	T,C
chr22	16593066	C,T
chr22	16593092	C,G
chr22	16593093	T,G
chr22	16593146	C,T
chr22	16593178	T,C
chr22	16593200	C,A
chr22	16593214	G,A
chr22	16593260	A,G
chr22	16593295	A,G
chr22	16593344	C,A
chr22	16593360	G,C
chr22	16593387	T,A
chr22	16593413	C,T
chr22	16593460	G,A
chr22	16593522	G,A
chr22	16593528	G,A
chr22	16593537	A,G
chr22	16593560	G,A
chr22	16593588	A,G
chr22	16593599	G,A
chr22	16593732	A,C
chr22	16593738	T,G
chr22	16593846	T,C
chr22	16593866	C,A
chr22	16593875	G,T
chr22	16593959	C,A
chr22	16594004	C,T
chr22	16594047	T,C
chr22	16594201	C,T
chr22	16594202	G,A
chr22	16594222	G,A
chr22	16594247	G,T
chr22	16594463	C,A
chr22	16594469	A,G
chr22	16594519	C,T
chr22	16594536	C,T
chr22	16594539	C,T
chr22	16594574	C,T
chr22	16594586	A,G
chr22	16594601	C,T
chr22	16594657	T,C
chr22	16594658	G,A
chr22	16594716	G,A
chr22	16594756	C,T
chr22	16594757	G,A
chr22	16594761	C,T
chr22	16594828	G,A
chr22	16594832	T,C
chr22	16594909	C,T
chr22	16595012	G,A
chr22	16595059	C,T
chr22	16595105	C,T
chr22	16595189	T,C
chr22	16595192	C,A
chr22	16595261	G,C
chr22	16595383	G,A
chr22	16595428	C,T
chr22	16595434	A,C
chr22	16595509	T,C
chr22	16595530	C,T
chr22	16595531	G,A
chr22	16595536	G,T
chr22	16595592	G,T
chr22	16595695	T,C
chr22	16595714	T,C
chr22	16595771	A,T
chr22	16595836	A,T
chr22	16595917	C,T
chr22	16595923	A,T
chr22	16595959	T,C
chr22	16595977	A,G
chr22	16595988	C,T
chr22	16596031	T,C
chr22	16596069	G,A
chr22	16596165	A,T
chr22	16596348	C,G
chr22	16596370	C,G
chr22	16596492	C,T
chr22	16596514	A,C
chr22	16596530	A,C
chr22	16596648	G,A
chr22	16596754	A,C
chr22	16596843	T,C
chr22	16596916	G,A
chr22	16596955	C,T
chr22	16597011	C,T
chr22	16597012	G,A
chr22	16597017	C,T
chr22	16597059	G,A
chr22	16597090	G,A
chr22	16597131	A,C
chr22	16597215	C,T
chr22	16597349	T,C
chr22	16597458	A,G
chr22	16597518	C,T
chr22	16597551	C,T
chr22	16597645	G,A
chr22	16597675	G,A
chr22	16597682	C,T
chr22	16597683	G,A
chr22	16597734	T,C
chr22	16597745	A,T
chr22	16597884	T,C
chr22	16597919	G,A
chr22	16597966	T,A
chr22	16597978	C,T
chr22	16598069	G,C
chr22	16598088	C,T
chr22	16598146	G,A
chr22	16598168	G,T
chr22	16598171	G,A
chr22	16598200	G,A
chr22	16598246	C,T
chr22	16598300	A,T
chr22	16598304	T,C
chr22	16598306	G,T
chr22	16598372	G,A
chr22	16598415	G,A
chr22	16598418	G,A
chr22	16598452	C,T
chr22	16598454	C,G
chr22	16598455	G,A
chr22	16598505	C,T
chr22	16598516	C,T
chr22	16598527	G,C
chr22	16598552	C,T
chr22	16598574	G,A
chr22	16598579	G,A
chr22	16598593	G,A
chr22	16598635	C,T
chr22	16598646	C,T
chr22	16598680	C,T
chr22	16598729	C,T
chr22	16598783	C,T
chr22	16598846	G,A
chr22	16598912	T,C
chr22	16598950	C,T
chr22	16598974	A,G
chr22	16599021	A,G
chr22	16599036	T,C
chr22	16599054	G,A
chr22	16599104	T,A
chr22	16599300	G,C
chr22	16599320	G,A
chr22	16599347	C,T
chr22	16599364	C,G
chr22	16599419	G,A
chr22	16599464	C,T
chr22	16599488	A,G
chr22	16599630	C,T
chr22	16599637	G,A
chr22	16599732	C,T
chr22	16599739	T,C
chr22	16599836	C,T
chr22	16599839	G,A
chr22	16599940	T,A
chr22	16599974	G,A
chr22	16600150	C,T
chr22	16600324	T,A
chr22	16600370	G,T
chr22	16600377	T,A
chr22	16600381	A,G
chr22	16600439	C,G
chr22	16600463	C,A
chr22	16600464	C,T
chr22	16600535	A,T
chr22	16600563	C,G
chr22	16600589	G,C
chr22	16600679	G,A
chr22	16600746	G,T
chr22	16600760	C,A
chr22	16600816	A,G
chr22	16600873	G,A
chr22	16601107	C,T
chr22	16601145	C,T
chr22	16601261	G,C
chr22	16601265	C,A
chr22	16601267	G,C
chr22	16601299	C,A
chr22	16601327	G,T
chr22	16601332	G,C
chr22	16601333	G,C
chr22	16601334	G,A
chr22	16601335	G,A
chr22	16601340	G,A
chr22	16601379	G,C
chr22	16601433	G,A
chr22	16601448	C,T
chr22	16601452	A,T
chr22	16601455	G,A
chr22	16601475	T,G
chr22	16601485	G,A
chr22	16601549	C,T
chr22	16601550	G,A
chr22	16601556	G,T
chr22	16601581	G,T
chr22	16601597	G,A
chr22	16601620	C,T
chr22	16601629	C,G
chr22	16601643	C,T
chr22	16601709	G,A
chr22	16601727	C,G
chr22	16601735	C,A
chr22	16601741	C,A
chr22	16601753	C,T
chr22	16601759	C,A
chr22	16601772	C,T
chr22	16601781	C,T
chr22	16601783	T,C
chr22	16601823	C,T
chr22	16601842	A,T
chr22	16601883	G,A
chr22	16601911	G,T
chr22	16601942	G,T
chr22	16602013	G,A
chr22	16602017	C,T
chr22	16602060	C,G
chr22	16602092	G,A
chr22	16602112	C,A
chr22	16602128	G,C
chr22	16602153	C,A
chr22	16602155	G,C
chr22	16602194	C,G
chr22	16602200	A,G
chr22	16602205	G,A
chr22	16602253	G,A
chr22	16602262	G,A
chr22	16602265	C,T
chr22	16602279	G,C
chr22	16602359	C,G
chr22	16602392	C,T
chr22	16602395	C,T
chr22	16602419	C,T
chr22	16602435	C,G
chr22	16602577	C,T
chr22	16602649	C,T
chr22	16602658	C,T
chr22	16602700	C,G
chr22	16602843	C,T
chr22	16602848	G,A
chr22	16602857	G,A
chr22	16602866	C,G
chr22	16602905	T,A
chr22	16603053	G,A
chr22	16603189	G,A
chr22	16603212	C,G
chr22	16603247	C,A
chr22	16603347	T,G
chr22	16603386	T,G
chr22	16603423	G,A
chr22	16603486	A,G
chr22	16603502	A,G
chr22	16603512	A,G
chr22	16603539	C,T
chr22	16603580	T,C
chr22	16603611	G,C
chr22	16603655	A,G
chr22	16603719	A,G
chr22	16603763	C,G
chr22	16603807	C,T
chr22	16603827	C,G
chr22	16603838	C,G
chr22	16603871	T,A
chr22	16604020	A,T
chr22	16604135	A,G
chr22	16604195	G,C
chr22	16604203	G,A
chr22	16604208	T,C
chr22	16604219	C,T
chr22	16604349	C,A
chr22	16604350	C,T
chr22	16604352	G,C
chr22	16604370	T,C
chr22	16604386	T,A
chr22	16604399	G,T
chr22	16604431	A,G
chr22	16604529	C,T
chr22	16604553	A,C
chr22	16604771	T,G
chr22	16604818	G,T
chr22	16604856	A,G
chr22	16604916	A,C
chr22	16604952	C,T
chr22	16604981	C,T
chr22	16605002	T,C
chr22	16605009	T,C
chr22	16605176	T,C
chr22	16605250	A,G
chr22	16605272	G,A
chr22	16605312	G,A
chr22	16605394	T,C
chr22	16605404	C,T
chr22	16605499	C,G
chr22	16605724	G,A
chr22	16605789	T,G
chr22	16605852	C,T
chr22	16605889	A,G
chr22	16605898	T,C
chr22	16605901	T,C
chr22	16605918	T,C
chr22	16605945	A,G
chr22	16605952	A,G
chr22	16605989	A,G
chr22	16606109	A,C
chr22	16606116	G,A
chr22	16606200	T,G
chr22	16606233	C,T
chr22	16606234	G,A
chr22	16606349	A,G
chr22	16606393	G,A
chr22	16606413	A,G
chr22	16606428	T,G
chr22	16606470	G,A
chr22	16606491	C,T
chr22	16606519	T,C
chr22	16606661	T,C
chr22	16606766	C,A
chr22	16606815	G,A
chr22	16606816	C,A
chr22	16606992	G,A
chr22	16607089	C,T
chr22	16607099	T,G
chr22	16607114	A,T
chr22	16607128	A,T
chr22	16607196	T,C
chr22	16607202	G,T
chr22	16607224	A,G
chr22	16607245	G,C
chr22	16607324	G,A
chr22	16607342	A,C
chr22	16607371	C,T
chr22	16607375	C,G
chr22	16607391	G,A
chr22	16607490	G,C
chr22	16607523	T,C
chr22	16607527	T,C
chr22	16607703	T,G
chr22	16607704	T,G
chr22	16607754	G,A
chr22	16607756	G,C
chr22	16607762	G,A
chr22	16607785	C,T
chr22	16607844	C,G
chr22	16607853	C,T
chr22	16607865	G,A
chr22	16607971	G,C
chr22	16607987	C,G
chr22	16608025	C,T
chr22	16608048	A,G
chr22	16608059	T,C
chr22	16608069	A,G
chr22	16608093	G,T
chr22	16608115	G,A
chr22	16608126	C,T
chr22	16608171	G,A
chr22	16608218	C,T
chr22	16608219	G,A
chr22	16608243	G,A
chr22	16608247	A,G
chr22	16608261	A,C
chr22	16608270	A,G
chr22	16608286	G,T
chr22	16608331	C,T
chr22	16608332	G,A
chr22	16608338	G,A
chr22	16608347	C,T
chr22	16608350	C,T
chr22	16608358	G,T
chr22	16608454	G,A
chr22	16608484	T,A
chr22	16608553	G,A
chr22	16608679	A,G
chr22	16608714	G,T
chr22	16608728	A,T
chr22	16608749	G,C
chr22	16608829	G,C
chr22	16608895	G,C
chr22	16608938	G,A
chr22	16608986	C,A
chr22	16608997	C,T
chr22	16609015	G,T
chr22	16609022	A,C
chr22	16609031	C,T
chr22	16609067	C,T
chr22	16609081	C,A
chr22	16609088	G,A
chr22	16609113	C,G
chr22	16609179	C,T
chr22	16609185	G,A
chr22	16609193	G,A
chr22	16609221	C,G
chr22	16609243	A,G
chr22	16609246	C,G
chr22	16609256	G,A
chr22	16609258	C,T
chr22	16609291	G,C
chr22	16609308	T,C
chr22	16609336	C,T
chr22	16609403	T,G
chr22	16609456	G,A
chr22	16609457	G,A
chr22	16609504	T,A
chr22	16609569	G,C
chr22	16609584	C,T
chr22	16609597	G,A
chr22	16609598	C,T
chr22	16609599	G,A
chr22	16609634	C,T
chr22	16609682	G,C
chr22	16609723	C,T
chr22	16609734	T,C
chr22	16609740	G,T
chr22	16609790	G,A
chr22	16609813	T,C
chr22	16609821	G,A
chr22	16609844	A,G
chr22	16609894	G,A
chr22	16609928	T,C
chr22	16609938	G,A
chr22	16609951	C,T
chr22	16609972	C,T
chr22	16609997	G,A
chr22	16609999	G,A
