"Feature","MS51-01","MS51-02","MS51-03","MS51-04","MS51-05","MS51-06","MS51-07","MS51-08","MS51-09","MS51-10","MS51-11","MS51-12","MS51-13","MS51-14","MS51-15","MS51-16","MS51-17","MS51-18","MS51-19","MS51-20","MS51-21","MS51-23","MS51-24","MS51-25","MS51-26","MS51-27","MS51-28","MS51-29","MS51-30","MS51-31","MS51-32","MS51-33","MS51-34","MS51-35","MS51-36","MS51-37","MS51-38","MS51-39","MS51-40","POOL2","POOL3","POOL4","POOL5","POOL6"
"valine-d8",805641492.1,774207448.6,806230116.4,799304083.9,765139228.3,780552870.8,802602347.9,831984796.3,822744518.1,805565866.8,841873509.1,825462964.5,805520323.8,786089937.4,755901042,756953269.6,856428143.7,796271826,782205039.8,802849590.5,816938427.6,885805000.7,811768249.8,759402911.5,758124731.9,788169982.6,799185819.6,820554772.1,807779396.5,790870942.7,832526017.9,826027977.6,799920789.8,778603996.2,775306804,848533964.4,803005108.4,780697869,892817858.2,779823686.2,807711721.6,778462015.3,780803463,772719165.8
"hipppuric acid-d5",3321879084,3156839072,3146255406,3251539624,3267418930,3127630257,3256031922,3308009345,3209731571,3297793480,3418515398,3218049751,3211192587,3161475388,3126242318,3072198214,3367225503,3215063853,3102504573,3172290033,3067962686,3477824009,3263829329,3116430899,3165068173,3096800265,3274297683,3250643290,3227322171,3089557414,3200593451,3197496501,3044023466,2988505785,3130454176,3483591395,3109702081,3099364502,3492780104,3124510042,3165200560,3182649291,3081192435,3147060332
"2-hydroxyglutarate",59258034.5,59888512.4,62571770,84786601.4,61308116.3,84950547,60753858.7,73718362.9,65933166.4,68183575.5,75941661.1,62100209.8,58682639.7,61019604.4,52571770.9,76125404.7,71136029.7,64936763.5,59686699.6,74752976.5,68238448.8,80382843.7,81046932.5,72724772.8,66494663.2,79382747,99831774.7,83021563.5,59927205.1,52213567,73271050,64991162.6,70419569.6,72721853.9,79213649.7,63960830,54479974.7,67156630.5,83122786.3,75894249.94,74234217.98,74752101.62,64717989.79,66786852.4
"2-ketoglutarate",48968066.1,46817213.1,50198996,55225678.6,53312264.6,169244158.5,151064766.8,171281531.4,112033043,170902743.7,215553005.2,195308040.4,195377536.9,182007804.3,179344618.6,219978652.4,209473799.4,189803753.4,197240316.9,205308841.9,222159728.9,243505704.4,254731697.4,242486561.2,127707338.6,135880374.9,140199832.6,126994354.3,125080684.4,105135958,113941684.6,121799603.2,112731646,126428499.5,157539644.8,137072106.9,126161593.3,134076543.2,137435583.9,146252919.9,154627525.3,152278248.5,154060566.8,157674891.8
"3-Dehydro-L-threonate",227832598.3,280825089.5,306775319.6,594910687,483838239.9,1807489245,695228423.7,791442406.7,315209588.7,615035216.5,501977089.1,484681098.8,446571332,438547322.2,385108767.5,565406728.2,547648446.5,484902071.1,473463357.7,601491116.1,415993490.6,544262967.5,554260354.7,500416354,298880607.8,350603467.6,463696962.4,407958465.6,313389407.3,251514868.7,347521655.3,374102936.1,376764019.8,356923471.3,457103931.9,377207339.7,306029267.8,355840497.2,408998389.8,526250065.5,476633982.1,503495291.9,412505640.2,456727029.7
"acetylcarnitine",55248207045,52738878296,55658379039,58868820184,55178166414,54032080308,56032173644,59327970232,59375351252,60276777690,52732836151,50323549596,50020458838,49629598692,48163345184,50950619956,52646176375,49801241726,49737954199,52849430291,49299016751,52959717010,55883003442,52586688505,53238790307,55434484390,57153182981,57264571365,55595142210,53396424709,53016467850,55610604726,53200322302,56137297532,52885164548,56788757494,56539677399,55327590211,61480066768,54188271620,53995739777,53017481890,53129593152,52531786925
"acetylcholine",45978493.6,43464861.8,48616509.9,49245040.3,48860981.6,45808205.7,48594963.5,53703951,54759909.6,54263289,48079313.9,43739146.8,44197934.8,41482401.2,40235584.7,43929606.6,44538175.8,42850017.1,41944973.5,44187686.9,42306083.8,47443979.9,47724857.2,44514871.8,45037734.2,49041642.1,50247072.1,48466905.1,49307216.4,45283599,49739067.1,52256776.2,48316480.4,51523354.7,43587166.8,48418988.4,48409831.7,49768832.6,53331567.6,44813939.11,47575109.8,46953233.81,45738496.93,45304736.39
"acetylornithine",214811100.5,225884478,228320055.6,229388105.1,224414510.2,212897802.4,207362283,208405496.3,202593557.7,203298897.2,212461726.6,207202272.3,206714796.5,204424088.9,199673443.2,204856661,203404080.5,195827029.6,205829945.8,208809253.7,199137822.8,202295858.8,209497829.2,205995450.3,203141933.2,212300566.4,223998951.5,218441972,214936346.8,210335765.4,218451385.9,219388424.3,220851727.1,213047613.2,216097127.2,207402760.5,203389532.6,211033628.9,206457993.2,215432614.1,212062862.6,212583325.5,208431463.7,212595569.8
"aconitate",12364498.4,14633131.7,13984217.2,29211848.6,34350199,183079315.7,51139344.2,46993297.8,46378883,48560946.5,32451144.9,25395391.3,25370518.6,27874978,23660147.4,24820868.5,23883934.9,22267994,21245156.1,23887148.2,30436801.2,34661900,35498271.5,27634463.2,22518276.2,20603008.2,26011877.5,22690518.2,21192234.1,27020186.1,26430369.9,29289090.8,25452936.3,25830061.6,28306172.8,24796689.1,22506241.3,23044907,27093228.8,44001025.74,33672327.67,29073405.64,27521324.44,25976553.98
"alanine",1136530033,1088917154,1184931394,1242663803,1130883173,1521980587,1601276191,1750535648,1667580217,1776040614,1330288479,1308122445,1298175649,1238057549,1180842249,1237619049,1324957049,1268467436,1257531834,1358540319,1302803176,1368433744,1406912192,1317015602,1160476542,1204630540,1286681910,1244424788,1230853787,1136562889,1217521231,1259549622,1195297089,1283063004,1192687194,1257280202,1257814744,1318920507,1371024864,1294595469,1309568508,1266307997,1276642985,1275572655
"arginine",3944670488,5340677097,5983983374,4744109260,4292455176,1498239499,3879343173,4372206817,2850886301,2962954824,3506551939,3727423144,3528586840,2499911375,3105172243,3780340084,3617736801,2484304995,3449591492,4014834006,2525877805,3815022333,4183411743,3968216620,4088669280,4520258189,4887626876,4636720271,4340555081,3008098815,4430532327,4867380776,4718688515,4750549012,3777294713,4012600766,2801782577,3755929222,3312438731,3261076151,4106241182,4475381184,3932291386,4313810608
"asparagine",192111544.4,187585153.6,204256682.9,212588566.2,199972392,167296774.7,172372005.1,179569916.7,151628812.1,178335775.8,155020311,153558006.1,154719396.9,148694666.1,145040920.8,161542965.3,164769986.8,161693252.8,156494489.4,168282438.5,176298432.1,201947702.4,209265313.5,195393961.8,182501118.1,189833535.4,199920578.2,204018560.8,192340021.3,189699625.8,200182783.7,206130542.1,194490759.7,212493791.9,143565827,161808550.5,151987964.8,158812768.3,171680608.5,171998280.5,176933820.2,177277729.1,173745937.9,179338278.6
"aspartate",143598431.7,152566879.2,163615186.5,195890135,165417780.9,293012346,240045864.2,262373457,232289786.1,246694680.4,177708059.6,181462817.2,167844328.3,174295683.4,155644314.5,155702600.7,151756205.7,140841620.8,144560985.8,160839038.4,116837731.2,143467142.1,153338998.8,145935806.9,158200011.4,175035917.4,190698780.9,190622478,164591729.9,185075660.2,215585041.1,226887494.6,215612088.7,226574472,101993264.7,96064860.3,76685882.6,85407424.4,102205585.6,178604791.8,173412373.6,183893906.7,164218976.1,181235426.8
"betaine",38033394163,37855491112,39718265952,41197778937,38885303836,39412051227,40364595952,42188539087,38997794233,43150016097,38838125160,37706922367,38566699053,36951237705,36673534103,38586423381,39299440548,37489201868,37704291764,39210576997,36721707751,39966285152,41111664477,38954574372,38826241515,40187530284,41271340956,41283050207,40034341797,39882609339,40349292210,41215907995,39876969924,41983255564,38558635091,40213381498,40514264467,40218950600,42310787132,39266195008,40086355540,38968710605,38528690672,39370822046
"butyryl-carnitine",70901186.3,70840584,73394442.9,79095436.3,76221559.9,131569271.6,136986545.2,152682066.2,156241362.1,155388389.3,112544150.4,102703197.8,109504914.4,105315752.1,102734773.4,110895977.6,118507848.4,105820211.3,108082743.4,105435803.3,92768743.7,105334488.1,111659455.5,104363364.4,94898806.9,108148810.1,110834892.4,112717413.4,104954245,146152462.8,151719938,163925877.3,147121443.7,169302303.5,90504030,98015472.3,96468608.6,95914311.5,109566883.8,111724679.2,112117438.6,112390430.9,111441032.1,110857709.8
"carbamoyl phosphate",91359322.8,90804052.9,91476725.1,97199758.1,93964828,88579131,93982657.5,98313622.8,99040113.7,97429796.2,89608496.5,85847131.1,87274090.2,85979149.7,86435590.4,87788453.9,91117171.4,89822044.5,86350597.5,90352774.3,86239503.9,90094063.6,92308760.2,89866924.4,92824230.9,90962548.7,95957944.4,94883489.3,90302597.8,93403678.1,91371849.7,94972666,91034487.6,97920556.5,88611910,94646329.6,91465451.1,90228034.6,97820412.2,91241863.28,91512976.9,91113550.69,90741078.4,92263514.45
"carnitine",10728959214,10203163695,11202759575,11540885654,11149648183,11018240799,11449165943,12775041529,12177406927,12748889808,11773504413,10842695356,10995767594,10486271985,10311579650,10924265616,11227152554,10380031539,10356869331,11286509541,9945161849,11439698362,12121106943,11181348126,11541906983,12033031322,12661041846,12490580243,12301249406,13545649396,14219947670,15347851463,13924160847,15540213582,10353561860,11643834500,11125100948,11074963166,12528088383,11406254217,11707290709,11548725525,11441163299,11677473080
"citrulline",2305209376,2255874339,2370299918,2505875960,2288559576,2334499135,2435965248,2784601775,2654327417,2642021698,2389828746,2255688646,2241377485,2165494044,2027442082,2107063030,2251679838,1976525172,1969206993,2183746254,1870272646,2150898615,2217696706,2079667371,2367874082,2494522832,2679136463,2614422607,2412049546,2399094572,2539147956,2589604856,2476018755,2547474436,2309170992,2423555416,2283757130,2328088540,2564241380,2329015865,2292313305,2307479679,2201607850,2282713582
"creatine",24973958548,24515930103,26321202617,27260611727,25459680509,24847788373,25960158537,28240146918,26635642516,27741946103,26477949712,26294975878,25895112020,24988629169,23608328145,25045218347,26064301017,25399376557,25095919321,26968481823,24873827474,26839426533,27385107022,25632153417,24966879270,26092339767,28205105757,27221610854,26847188031,25236293619,26625202663,27250408570,26462694600,27950369230,25088607907,26246827360,26862281600,27923435827,28932702727,26080475039,26641495219,25449145899,24978983847,25457264500
"creatinine",19167838361,18845866884,19922496362,20535572643,19379264970,18780555872,19406466883,20514476565,19671152946,20799080722,19269293056,18070923937,18551795541,18134448426,16973586595,17824211910,18537614654,18213863319,17669949563,18984662914,17809447262,19015601132,19583049859,18023478366,18515625277,19126091434,20146923584,19826956291,19582949134,19613097124,19333151788,20181152765,19255746107,20870231450,18072304577,19547431346,19423217508,19679298757,20969672379,19122336315,19410319741,18962811892,18508787539,18722486643
"cystine",256322867.8,248848188.9,284166746.4,349536457.6,307125906.4,355704687.9,265707616.2,283534200.5,360745784.1,275992415.7,251386490,237685074.1,226510286.2,228096740.9,215976478.2,249099024.1,239893518.6,221321919.6,229461240,250604055.1,220272229.9,252083133.9,270221979.7,260676240.5,229018301,243614311.2,267971575.4,256185038.1,230096113.2,260474266.8,292613052.5,308127563.2,290186664.8,307193894.3,182540806.3,189321800.2,168758502.4,169135107.2,206128760.1,257075560.6,245133814.3,256705907.6,238816274,256147883
"dihydroorotate",0,0,0,70239.9,0,1139253.4,912064.7,986659.6,953187,1319266.2,1190391.1,1192619.4,1306953.1,1077073.6,1199223.1,1309853.8,1162463.1,1339403.9,1108413.7,1373550.6,834058.9,935370,871025,962766.3,729256.2,751209.7,624097.3,560981.1,516433.2,377263.9,524132.2,576631.6,526166.7,652527.5,1867187.9,2132997.3,1875783,1983651.2,2172769.8,1044427.724,1021377.382,995655.9779,1090462.526,973745.0171
"fumarate",17796110.4,20718101.2,23680767.2,43188054.1,35860433.9,131512804.2,52290882.9,60336727.7,24559583.2,47323262,38760035.5,37287183.1,34302403.7,34262503,30443143.6,43600653.2,41562913,37441459.4,36975098.9,46072000.3,32361822,41215227.6,42841086.4,38306806.8,22410155.7,26451054,35080051.6,31014085.8,23996532.7,19254753.1,26371678.7,28146196.8,28436893.9,27150801,33811932.4,29050206.5,23693097,27930607.4,31079566.7,38683337.54,36491213.3,38415736.88,31719344.14,34813945
"gluconate",255610803.6,225400139.6,311796674.4,342661153,296909443.2,641093572.3,301076804.9,327816553.6,290758407,327454491.2,464901305.5,229140704.1,203237175.4,198257954.5,178684851.5,243260995.7,211903364.3,212373777,181369068.2,390277975.5,181976576.7,228987003,223929713.7,203699751.3,347784773.9,240073415.8,276733326.1,270088238.4,238292126.3,228954392.3,310734533.5,261937881.8,250132075.6,263630816.7,266179698.4,261181383.7,261734682.9,280017175.3,299458423.1,276856816.6,260109195.5,264188911.7,249646660.5,242008685.5
"glucose",1112472626,1135364663,1140800422,1198102648,1113280462,668896272.6,715252191,791681947.8,796912405.7,767360622.4,639387353,613247406.4,585832863.9,603194400.9,575238481.2,542845212.6,570749294.9,536380186.3,532007226.5,570010315.6,554867909.8,624557296.3,617602679.8,591444606.1,654986358.6,697769018.9,736225732,740752808,716564696.9,812453354,820026770.3,828743503.1,810500190.7,825460705,549773137.1,613487517.7,608292380,586097470.6,649380546.6,719145256.8,729901220.6,711931494.6,689958832.4,687874897.2
"glutamate",1478132586,1470089182,1594872759,1668311047,1558742270,2306000638,2282253912,2444381506,2212296297,2324835155,2214431444,2133938060,2139546081,2088547978,2048173808,2065630821,2122212796,2002448347,2041571771,2152582870,1989345980,2328696871,2407558814,2270108145,1952689510,2098495996,2188728011,2187315215,2088319557,1989313169,2154009231,2222937633,2099137896,2257312295,1710033832,1916119542,1780104500,1874747046,2044034238,2051726489,2065921670,2082084776,2019290974,2095234779
"glutamine",4290913673,4166284607,4489884285,4646887376,4412860812,1228630673,1420518040,1445989429,1319743300,1398934440,2205809072,2207685458,2149690250,2104362978,2079516399,2078127142,2174725174,2035627539,2044601678,2145128519,1846146821,2225669815,2259602400,2164433498,3048146703,3264833170,3390843129,3422143259,3303123009,3329497638,3496333200,3575650013,3431817268,3651389159,2835666323,3203910773,2952742735,3077868135,3314744244,2704799868,2795402011,2753324535,2712313143,2779045910
"glycerylphosphorylcholine",310816585.5,299457400.3,323468708.6,341024419.8,297450855.5,354950363.5,348014352.1,413332115.4,381745660.9,395363945,374587670.2,351474112.6,342492878.2,341280666.2,304494543.5,318967568.7,343515758.4,326429147.3,304863104.9,341258954,392423796.6,412355334,423687003.1,386916851.3,336851835.8,355417653.4,401199662.6,377775444.5,359462008.7,319698955.2,343925849.9,355703570.5,326360024.3,344168020.1,330995045.2,349706680.6,352815867.2,368795101.4,393169997.5,351504038.6,359125910.7,338511037,329378850.4,337884709
"glycine",17165395.5,16480728.9,19447125.6,20048407.6,18866422.8,18766182.8,18968504.2,20602672.8,19083750.2,20434728.5,17732830.7,17362598.7,16616608.5,16953118.3,16207764,16340977.3,17164619.7,17680842.3,16258969.7,17673571.4,16046275.9,16815505.4,17348286.1,15053900.2,16031454.9,17554560.8,18457971.5,17191243.9,18278263.9,16995820,18819962,19077946,18099885.9,18769423.5,16334330.3,17884888.9,16687852.8,16124441.2,18641437.2,17077791.28,18287002.26,17851923.73,15370061.94,16209895.17
"histidine",15910015185,15530693401,17050621370,17713915659,16415969270,14570268473,15106131962,15826527241,14935916482,15819213599,14012092505,13868930005,13508033939,13178386091,12669477722,13340062361,13664980117,13089646876,12951546021,13969809103,12379204813,14026731402,14620037893,13760916843,14096733201,14874765379,15820956884,15550653737,15211240544,14437770618,15413696861,15930835895,15351687530,16088845058,13704229969,14503068596,13901076678,14459577002,15401270588,14596257360,14573152735,14508346887,14207579268,14648644136
"hydroxyphenyllactic acid",23076913,22501712.1,24819930,25719281.9,24619366.4,22880347,23738961.8,26309463.7,25178558.2,26704817.7,22772798.4,20911344.7,20725516.3,21216355.8,20302877.2,20072262.5,20517977.2,20898755.3,21843783.8,21291806.6,21014372.5,22359102.2,24265764.5,22800102.3,23733976.9,26190840.6,27721799.6,26254785.3,25495443.9,25567132.6,24680171.1,27004765.7,24960304.6,27706393.6,22495262.3,24527384.9,23496939.6,23611427.1,27049136.5,23345812.55,23420915.08,21051217.26,23131085.14,22181730.54
"hydroxyphenylpyruvate",0,0,0,0,0,1785590.5,1571598.7,1823988,1944010,1866460.4,902188.7,899008.8,922086.8,926441.5,861511.9,771926.3,912499.3,832858.6,781458.4,759551.4,1008169.3,1062451.3,795544,934991.5,949789.7,976873.6,947401.4,1076874.9,911545,869527.1,1020515.2,1084472.4,1002471.9,953260,812391.6,772684.7,816212.8,780568.2,674830.6,934751.0375,943951.4481,923689.6071,829822.412,928054.962
"hydroxyproline",1552568381,1541336653,1650855227,1642719104,1637137516,1216383578,1346180997,1365892376,1381529085,1463985782,1160228639,1182798017,1130253598,1173990129,1077501458,1125742749,1154354641,1158563573,1025984987,1197877380,1115566560,1261053790,1146622671,1170116118,1211861110,1277496401,1406076879,1321850478,1339889355,1416759489,1491002792,1519545541,1423412468,1506409310,1201235412,1266756766,1295148435,1291817456,1305657282,1265863409,1295104854,1253697049,1188621752,1275682209
"hypotaurine",181580.8,157258.9,247020.7,282781,259863.9,183255.7,204033.6,213940.8,139521.6,273114.2,170302.2,147722.3,211514.2,130116.5,228488.7,132301.9,107936.3,180553.8,193016.8,145920,99716.3,169225.9,243708.8,0,170204,145996.5,226791.1,199442.1,224977.1,200462,201209.3,272190,237684.2,180238.1,89924.8,127245.7,133184.5,191554.1,126658.3,137510.4898,213883.1081,243518.5749,228937.2831,233647.342
"hypoxanthine",741406691.4,744918929.4,755399001.6,776921616.4,723190722.6,3069743.2,2754310,2880626.8,3722028,3764521.5,3258249.6,3658103.2,3234948.2,3075319.6,2791067,1569739,1206282.6,1392823.7,1598800.8,1192468.4,2291899.1,2822131.8,3332097.9,2907348.4,2395396.2,2175970.6,2637919.4,2273120.9,2364026.5,3867689.9,3808243.6,3763894.8,3588909.2,3999981.1,3273590.1,4153962.7,3929920.7,3436489,4025467.3,109004428.7,109671947.3,107503573,104193730.3,109798446
"isovalerylcarnitine",26770734.2,26254533.6,27242378.2,29691294.2,28996102.7,25244945.9,27703409.2,30404404.1,31563538.8,30199665.5,21939658.1,23050144.5,24621373.3,25136000,23058728.6,24401264.1,27086445.6,24486766.1,23414353.1,21441036.2,25289836.8,27916460.7,29787521.5,27070874.1,21564716,27363176.2,30471654.1,30117557.3,27709453.3,26869611.3,24994627.8,29503511.3,27169055.3,27856534.3,26263875.6,29199549.3,27589258.3,27682611.3,32864561.3,28153153.14,27322201.95,27273847.34,27415679.59,27986175.74
"KMV+KIC",5580540.5,5901533.5,3627544.3,7070256,22349689.5,122339722.1,129407209.2,142450050.3,180715377.5,139559513.6,150932216.2,132378677.7,139004915.4,134576792.9,134993105.1,131612115.7,129756419.8,124366435.3,124342265.2,136168028.7,175790187.2,188622207.7,200215676,185621722.6,86566524.6,87469388.7,89719196.4,89715377.1,86425684.1,67759327.8,73181950.1,80153117.8,71463107.4,76502874.4,127556955.1,133422337.9,133743900,128930096,139369287.7,116644775.5,114426591.5,112966768.8,115059636.1,113620433
"lactate",2443304873,2395122744,2510921596,2672971128,2659033513,11979038635,12308920746,13651466081,16343109765,13904583451,12227091612,11035459612,11245841576,11302957075,10745793653,12744358021,13533920380,12689715546,12434211788,13211934190,12374668241,12823439956,13268051583,12396758325,12269920803,12442080257,12456849057,12587497904,11724867278,9005579329,9777891298,10414366765,9420831978,10349643384,14186243808,15309398195,15750691954,15584573874,16622257303,11112960460,11335256356,11091705347,10937120988,11075556630
"leucine+isoleucine",8230182424,8130664875,8668739836,9035469746,8607847474,5992996788,6216336828,6759779708,7273417161,6691230212,5558374223,5333547413,5222610545,5075854614,5023098036,5170582030,5402566433,4934141194,4972918735,5359862676,4871463567,5418713263,5578104227,5345672785,6290604767,6702270107,7002005672,6947483502,6592263339,6843896634,7042893061,7278479144,7049653282,7398376035,5772607587,6407405025,6180639865,6183511937,6786794490,6185412261,6353952743,6261097951,6139466595,6246517298
"linoleic acid",5888280.4,5312425.2,5744964.5,6067014.8,5649820.9,729381.4,933893.5,1007465.4,1107985,1089241,618907,677407.1,624440.5,628132.7,586203.4,361976.6,491543.7,323387.1,388311.4,459486.3,375337,442429.3,482996.9,524499.6,883582.1,846279.1,1011255.2,983657.8,1044278.9,741759.6,793825.4,876230.5,814128.7,884939.1,1000816.5,1062017.2,1037676,964429.6,1163127.4,1489831.882,1733825.884,1490087.897,1474169.903,1428211.835
"lysine",1580568176,1795359420,2008521265,1601743743,1373298239,906663913.9,1502455179,1789629423,1393651103,1527164498,1506733849,1464986547,1346268484,1218590111,1281443544,1416907812,1459914828,1160719337,1365902826,1574928649,1136559466,1502988534,1573478783,1527238408,1575317799,1748374046,1937664707,1867376775,1671797617,1427352774,1715735999,1871952361,1770792493,1888211038,1540750377,1635781256,1396289646,1551817580,1642936710,1419063957,1595720996,1664998049,1513798760,1629497887
"malate",242817279.1,296821524.8,320363113.9,606259250,495359272.5,1827918710,706022745.2,801434320,361913657.9,625085226.8,520291962.2,497030459.1,460051774.2,453126010.9,394429788.1,581744434.2,562919862.8,497807870.8,486620800.2,614242968.2,426584001.5,557764439.6,568225805.1,513274569.4,311073567.9,365712626.7,481617698.7,421960478.6,324087351,262362373.5,360247053.1,386694378.9,390258343.4,369083170.4,473343576.1,389093668.8,317072012.1,369246566.1,423620264.2,541777477.7,493329052.6,521796508.3,427097334.3,471525465.7
"methionine",1779789324,1778867588,1913498235,1987017240,1876558435,978799600.8,1040161829,1148112708,1159091139,1121210520,833939988.1,797453445.9,784753219.3,757982785.8,753983842.1,740784853.4,785526411.6,698452910.1,701523939.4,769533814.9,756227167.5,864465653.5,908167949.7,864152279.8,825118295.5,907221061,993662197,1003015965,965944149.8,1061951751,1052655716,1098453835,1070561631,1100978742,756848909.8,883966527.8,804499240.2,818306535.6,934958054.4,975443948.6,1029435090,1007562238,985558086.3,1005860558
"methylarginine",66638500,98193216.7,113525146.8,68324508.5,66231652.8,42040627.5,100744755.3,121631030.3,47633583.6,75011253,101353836.9,110674855.1,102715956.1,68430382.4,89323819.3,105819113.2,98065661.5,65465184.1,95307443.9,108936162.1,57958815.4,97203954.4,109329503.3,100133204.1,103292351.5,115934811.6,121774353.7,121621102.1,107926538,65609668.1,109607703,123516389.9,114120934.4,114776720.4,99189270.8,107854586.4,68227598.1,100323757.4,85208266.1,75619393.04,97540188.92,111837391.3,98010091.16,109613158.2
"methylaspartate",1487032387,1479205007,1609695297,1685314272,1572185170,2318709914,2297734998,2459718667,2229706002,2335899676,2232803605,2150826048,2156216235,2101112268,2062109483,2077776378,2144696079,2014621227,2054220374,2171118411,2001491389,2349894062,2425683239,2284597095,1964466089,2110932568,2205997191,2205474402,2104052253,2001086019,2170896090,2240475423,2116617496,2272420725,1724521575,1934132144,1792061445,1896115984,2060388704,2063470829,2085296510,2097839005,2033874635,2107322222
"myo-inositol",202530975.3,199144574.5,214168344.8,194639581.2,193537528.8,128830737.4,181708496.8,182278489.6,81592160.2,189094355.8,163639053.7,168046368.3,169410344.9,160544721.6,168255717.6,154272245.4,171391225,165635647.9,174243057.7,167553007.2,155708087.1,164877324.4,173676437.4,167261449.4,189298522.7,179995294.9,168315911.7,185354963.4,194835933.7,177421095.2,176015429.3,178484213,166027526.6,182832670,145280855.1,200992998.7,202376892.2,212369332.8,206628927.8,168222623.7,178888784.7,169649351.8,177614806.8,176197033.2
"N-acetylaspartate",7042795.1,6922902,7195780.2,8697477.1,7567083.1,307355322,245092193.1,292623253.2,304683409.6,277801958.2,19893757.8,17480496,17147134.3,17201243.3,14827459.3,11517659,10653072.6,9138061.8,9181825.8,10859315.8,8821943,11763520.4,11627243.5,11192591.5,9198193.6,11102816.9,12510936.5,11612881.9,9841284.3,9074233,11509979.7,12353842.5,11529294.3,11826724.5,48855818.5,40779850.5,33166118.2,35579630.5,40249320.1,48103770.92,46391528.38,47394540.32,43081002.75,47289491.04
"N-acetylaspartylglutamate",0,0,0,180838.2,74619.3,2383839,1166087.7,1339854.4,1534533,920238.3,0,0,0,0,0,0,0,0,0,0,0,0,0,0,0,0,0,0,0,0,0,0,0,0,453622.1,172336.5,165441.9,183243.6,250664,178748.2445,91646.94398,51285.48402,50302.57742,35559.62671
"N-acetylglutamate",2769452.8,2411632.2,2655859.2,2687007.9,2531944.4,11742840.7,11540044.7,13147486.8,11676316.2,12677831,7123106.1,5965770.2,5603213.8,4537987.2,5140676.1,5071210.2,5702205.2,4485840.7,4761903,5420390.7,4484634.1,6775176.4,6452781,5576865.4,3533648.1,4774616.7,5416759.7,5825006.7,5190402.7,4192835.1,5789029,5814804.4,5586295.2,6026110.7,6490146,7639706.3,7023428.9,7812433.2,8663527.8,6379096.437,6056876.017,6946989.994,6213268.905,6897670.004
"N-acetylneuramic acid",49635128.4,54200907.6,49082764.3,53038401.3,48808527.6,36413269.5,34211563.3,40419592.7,41583422.7,38346135.3,38188252.5,34551648.6,32747261.8,35210770.8,31920482.3,34832776.9,33221232.7,32791102.6,31372880.8,33056330,31648172.8,36893103.7,36513591.9,34485595.8,37036815.3,38782555.5,44544657.3,43317881.7,41629110.6,41976370.3,43969930.8,44098194.9,43548834.9,46231851.2,38316919,39135403.6,39565446.7,39221733.3,43772024.8,40954918.76,39003799,38528011.49,37739100.13,37697669.78
"oleic acid",37401338,44799645,42326515.9,39888597.3,35764835,18082832.7,20089608.2,22110245.4,31448495.1,26411914.6,11411527.2,11977253.9,14431978.4,11110895.6,10412779.3,8451766.7,14309106.9,7594840.8,7941062.8,8332801.8,9319179.9,10744219,9673318.1,7780882,13333462.9,15946834.1,16935978.4,15249065.5,15004293.7,13859207.2,14113536.1,15784634.8,14733216.6,15739736,13806506.2,17460760.4,13090962.2,14696886.2,18512706.5,17843271.06,17099932.49,17555796.19,17597315.03,16704820
"ornithine",64911293.7,122876277.2,137169541.9,37947901.4,30800145.9,60916965.4,139403856.5,254415933.6,207230675.2,158433641.5,88696982.1,96074420.2,88221498.3,60710418.8,75204483.8,100914880.2,93922906.3,59634658.4,88936843.1,110654921.1,45920964.2,92969963.2,94734942.1,80786736.2,107637578.1,132170467.6,179410422.2,160154263.6,123044409.6,49374789.7,109091986,118718533.6,121971649,106586879.6,104298053.8,106237314.2,63190685.9,110603296.1,96638205.6,73666047.02,128967626.3,158149138.8,114696129.7,132098719.7
"orotate",690709.5,884493.5,563478.8,636513,549118.2,10090578.7,9400699.8,9846673,10928836.8,10363828.2,16754494.4,16995348.3,16110273.2,15750356.4,16342462.8,21369789.1,21565327.8,19505325.7,20328288.7,21237377.5,13976211.3,14811879.7,15398239.7,14565773.7,5822133.3,6212768.5,5785267.7,5722426,5302897.1,8876163.7,9916624.1,9411322.4,9679152,9886982.7,7326492.4,7494433.4,6787381.6,7393706.8,7458714.7,10599681.18,11126397.75,11132715.17,10703731.68,10820001.11
"palmitate",74557555.1,52482562.1,64627654,63946335.1,53337277.7,44462160.5,43827083.1,45428554.6,64847265.1,52921310.1,29009993.2,28687639.2,31976599.9,17302155,19272307.4,17206539.2,22048366.4,17531185.7,15068206.9,26392885.6,19218641.1,23033861.9,16355253.1,14986799.2,38485221,34742290.8,33974994.8,33726286.6,29606123.5,33881565,40522626.6,35464706.3,33060452.3,34470816,38653287.1,46509606.4,37954296.9,41407867.9,52580743.4,74594998.8,75497727.88,72514511.59,71986652.11,70851390.86
"pantothenate",697350073.1,683317094.1,743785043.4,786392516.9,727213767.2,690155739.3,718366282.6,777815444.1,684997705.6,776641574.2,689599993.1,633679990.5,642864489.2,619128478.2,602450618.1,647561250.5,677358927.3,631687192,619252542.8,696152597.1,589423826.1,691480352.4,715234128.9,670547245.5,705242473.9,706073203.9,752008296.8,754545779.1,720784538.8,692371901.5,720526891.2,757922037.6,709534858,763365410.1,648899696.4,713693975.4,693014221.9,706429900.2,788403261.8,690231752.2,689400768.4,684038160.4,679244997.4,673588471.1
"phenylalanine",4348751366,4326929772,4548593596,4591614157,4520256385,3386236213,3611907384,3904743523,4377969593,3806176654,3179090711,3092149272,3068522133,2907686640,2888409461,3051841020,3017205641,2860176112,2873683764,3059346816,2965292655,3274465864,3465003116,3394821480,3529758604,3577290015,3923649074,3872557183,3762307132,3711781337,3880092781,3960843631,3839430414,4113314739,3373598970,3548361528,3597147034,3437086552,4061207936,3525781331,3586556657,3542155626,3522910987,3508800790
"phosphocholine",360942.3,294794.2,391787.8,528296,562293.9,45807497.9,33062789.2,38049553,35578956.7,37391148,17352404.9,14422984.9,13924738.1,14304669.7,12060756.9,8938528.6,9154451.1,7843080.1,8356353.1,10731666.8,10627172.1,13465464.8,14035600.3,12400361.8,21594735.1,24564446.3,26177584.4,26079525.3,21824511.8,31488505.7,34017732.7,34716147.2,32073748.5,30334637.7,36663756.9,37334395,37149865.5,38576180.6,43200972.1,21748440.17,19697509.5,19260270.83,19313680.65,18028271.63
"proline",28075039315,28085279027,29755925792,31158657805,29439052067,29375396637,30093973389,32173992908,30662834896,31625145520,28382359014,28120757118,28158107678,27021210080,26486319840,27926295415,28934890169,27281381400,26993049838,29049993596,26746630012,28753859687,30233247668,28212169118,28106243311,29163116997,30545596816,30803607575,29545503771,27953085949,29994709176,30719532321,29359886365,31030775282,27667862646,29222855901,28528055053,29250735528,31537796901,28868659721,29288632188,28384597123,28088590888,28597936433
"propionylcarnitine",133655599.8,124531448.8,137361309.7,139530388.5,141033450.4,150608220.3,160421008.6,167459274,177052291,172720800,149794263.2,134207385.1,137673381.8,134345487.5,130172053.5,131491266.5,139004237.1,133113447,131377819.6,142217746.7,128695935.4,146059955.9,153984397.8,144218402.7,135260024.7,148520655.7,155141207.9,157776897.6,148516759.4,170500172.5,167909188.4,185906798.1,170890274.2,188830115.6,141540480.2,152871803.2,151520743,150456196.5,169507845.9,150478104.4,149582442,150173789.4,146489854.2,149209304.1
"pyroglutamic-acid",4968674473,4907042599,5429506357,5675098897,5409202601,4124678755,4455154724,4767968641,4874570880,4688531722,4417117489,4211124296,4237552763,4042157593,3972046109,4171450642,4240673887,3922866226,4026966124,4191917618,3789224275,4374337723,4555338425,4274735053,4606845393,4819062129,5060933153,4970261280,4938870910,4797137450,4975994274,5302069484,4996513700,5365916342,4478618868,4949728073,4582768759,4773221058,5228013850,4335336751,4462781859,4391903577,4355951184,4299235806
"pyruvate",162123067.6,156855100.3,171007840.6,176869723,170610796.8,435608979.1,452485929.6,482492916.5,613040557.5,484391367.5,614831346.6,532129639.8,556655941.3,563406022.6,535031120.8,554821897.9,548266873.8,506428184.2,533643610.6,555545380.3,499678228,530486161.9,572663340.7,560811030.8,348974332.1,350804702.3,356950638.2,351595865.2,330521885.2,477287541.2,540015496.9,568975573.4,513516064.3,593225415.3,176963526.5,195883733.7,188463791.4,189292012.6,204849130.8,416017502.5,423446218.5,433392957.3,412852221.7,412929463
"S-(2-succinyl)cysteine",0,0,0,1095680.2,1071620.3,4187857.2,158864.2,0,601721.3,0,177952.1,157810.3,208392.4,0,0,264998.8,231470.7,181197.2,181052.8,169195.3,138232.1,0,186005.8,303451,313503.7,332759.6,228623.1,288211.2,312692.7,191115.7,349358.9,292713.3,253324.5,358215.2,432085.2,356961,114857.7,213991.2,282389.1,449130.9768,213149.6513,319571.6323,280681.2454,205046.6535
"serine",125910831.7,120268194.4,134592578.5,140904763.4,132571514.4,89105912.2,87610317.1,98414517.9,96282259.7,98131037.8,60827835.3,60323863.8,56873918.8,56972170,54824038.6,59257667.9,62759620.1,57886196.1,55576551.2,62687305.3,63421717.4,75017137.3,76556470,70191141.2,86408853.4,92936598.6,106034117.8,96473380,92781558.2,93921565.4,98842239.2,98933977.6,97476633.5,105585878.6,78187642.7,87385923.7,77731990.1,75091988.7,91600747,84967617.07,86184270.99,82737890.22,79674296.76,83829163.56
"stearic acid",52623109.1,42674705.1,57699893.3,56030798.7,43305774,33833514,32915780.1,31475208.7,50262134.7,45011642.6,22463471.4,21825521,32034621.9,11046656.1,13853987.6,11805106.6,16837935.2,12353534.3,13929818.7,22824069.6,18429178,15891493.8,14679442.2,11889447.6,19189093.4,15513640.8,18603179,19955622.2,15837430.7,11804800.1,21196848.5,13623244,14679435.7,16816930.2,14918039.9,20086294.4,13486400.1,17420406.6,26015403.1,40757227.17,40789546.72,40478835.03,38388151.47,38209090.76
"succinate",255961116.1,252047474.1,270724497.7,283727138.6,250136519.4,256645887.4,267260059.4,296230097.2,269236744.7,297438161.4,246984702.6,228858901.2,228551852.6,227392437,211783066.6,221430415.1,247576529,230213549.6,218103224.5,243102583.1,215335938.8,245036916.5,256254989.9,228780809.9,298461633.5,313563865.4,317002948,321781495.9,307613555.7,279247466.6,297933185.1,312638884.3,284135827,320015634.5,225045660,259429337.6,249303291.1,267297767.9,294437640.7,263966083.7,272677894.5,254989828.5,258568304.5,260472705.9
"succinyladenosine",918952.8,980684,1408582.9,1353742,976704.1,1706957.3,1181679.6,1491200.7,1948004.8,1687854.6,1241196.6,1062152.5,1106473.1,1086769.7,1316461,1134250.5,1332887.6,1143763.4,1104057.3,1283493.3,1021605.3,1144467,1264215.8,1258137.8,1237951.7,1872925.7,1643591.3,1243677.3,1082056,1011489.3,1516344.1,1700150.9,1313844.6,1425304.4,1341589.9,1445971,1354210.2,1259158.8,1795463.7,1250991.096,1348487.283,1226700.604,1355999.713,1014742.311
"taurine",6108324769,6311598940,6343434959,6491251151,6131800475,4798209991,5382958316,5394643876,5120059281,5289654862,5014451683,4863144434,4541221150,4668155892,4585902349,4526162004,4691188528,4421890349,4458550182,4842491026,4273926841,5122168137,5103864529,4737931365,4981090572,5047822584,5479764032,5540811508,5444444148,5152911807,5628871286,5650747103,5640465349,5684977062,4512004399,5033945175,4733776043,4904472222,5018996902,5188277753,5340659135,5230834630,5173834430,5075082482
"threonine",2923552325,2834060880,3076625551,3314864651,2970036046,2199199185,2290193381,2479941444,2542279337,2458845880,2085203049,2032578427,1998874981,1937186458,1809407451,1876448130,2029346261,1795969756,1819205257,2008123253,1791788216,2090988385,2236223340,2032596866,2196533806,2446154163,2537811276,2478076729,2428205274,2382726002,2515328173,2581775711,2478198063,2717708870,2093949033,2219295642,2070517674,2106028639,2447552986,2283930013,2303066175,2390221762,2196250308,2271099651
"tryptophan",4885231251,4741368309,5286688798,5588317377,5207531243,4654187792,4867176521,5380281756,5488855786,5301456623,4468333767,4171355250,4141940616,4002111260,3974896715,4266715701,4372091334,3997148245,4022461318,4356609157,3929817363,4428196906,4751285783,4472231165,4673711114,4959890239,5161757046,5111636616,4949625642,4741504594,4929322918,5259924882,4991469020,5377965640,4518947234,4971561143,4742558654,4784856309,5395997187,4524172509,4703310531,4679197464,4595666439,4655081399
"tyrosine",4427836128,4250462957,4605554865,4755239987,4498491846,3586520873,3716490960,4392890591,4244907903,4310392797,3545766198,3306357432,3254945379,3289395144,3060495727,3247903611,3423311958,3195128051,3109524746,3417793611,3143481047,3605480887,3681263995,3417183858,3688737694,3886948433,4192694569,4136262477,3957227645,4013198975,4066215881,4378484290,4009270689,4376199067,3546105780,3904930971,3811566422,3850328407,4364634208,3798251982,3795973701,3734048513,3656441164,3700293240
"uric acid",7002358535,6786220885,7436538388,7828474797,7351518696,6971512208,7203164364,7982958401,7556412367,7607817886,6974613301,6757963156,6658533439,6361994365,6448189781,6649782125,7162509829,6236767300,6583281917,6896489371,5909729188,7240057488,7340372097,6827997655,7221034788,7427264749,7639780386,7626084331,7359836674,6774983785,7476654573,7676879372,7150496133,8060416354,6856988585,7594669261,6548735435,7059176098,7919530328,6968785584,7065455678,6965919467,6924434067,7106126732
"valine",4431083199,4228049995,4833375882,4980125635,4716485196,3858392325,4092012320,4343595827,4417582171,4310641312,3659458392,3572452611,3579060173,3383454364,3317329636,3436696353,3661773048,3312615512,3347391594,3599163644,3275919999,3777262400,3928074076,3687439372,3936660166,4245012878,4483773111,4415327240,4313675898,4137196991,4307919675,4637353228,4392447947,4632494515,3796228124,4170955138,3879421799,4046838822,4390691487,3845065488,4079439912,3921498082,3944107939,3884786862
"xanthine",400899078.6,359410525.9,396474359.6,408044974.5,379730778.9,364060806,385829890,406902217.2,304926222,416357172.8,374118125.8,364624657.3,368368682.9,379398647.6,348205640.4,350072192.6,380239247.8,374367101.3,354380114.2,380561127.3,340523470,394537356.8,399481437,371047318,390701082.7,384960894.5,401562086.9,408929777.9,404474152,423582101.9,415361755.7,435101967.6,418782924.5,450213783.3,326227302.4,383332689.3,370976743.7,376698533.5,425527535.8,388382145.8,379985524.7,376727929.3,369318337.5,367535865.9
