pipeline_param	minimized_file_path	original_size	minimized_size	notes
fasta	https://raw.githubusercontent.com/nf-core/test-datasets/raredisease/reference_sliced/minimal_reference.fasta	3.1 Gb (full genome)	226,852 B (222,577 bp real sequence)	Phase 3.5: genuinely sliced, local per-contig coordinates, original contig names kept
fai	https://raw.githubusercontent.com/nf-core/test-datasets/raredisease/reference_sliced/minimal_reference.fasta.fai	9,001 B	188 B	regenerated via samtools faidx (Phase 3.5)
sequence_dictionary	https://raw.githubusercontent.com/nf-core/test-datasets/raredisease/reference_sliced/minimal_reference.dict	2,970 B	1,115 B	regenerated via samtools dict (Phase 3.5)
bwamem2 index	https://raw.githubusercontent.com/nf-core/test-datasets/raredisease/reference_sliced/minimal_reference.fasta.{0123,amb,ann,bwt.2bit.64,pac}	16 GB (full genome index)	1.23 MB total	built via bwa-mem2 index (Phase 3.5); not a pipeline param, but required alongside fasta
input (samplesheet fastq paths)	https://raw.githubusercontent.com/nf-core/test-datasets/raredisease/fastq/<SAMPLE>/<region_id>_R1.fastq.gz + _R2.fastq.gz	n/a (full WGS FASTQ)	17 MB total, 27 file-pairs	9 regions x 3 samples; MT (01_chrM) downsampled to 150x, all other 8 regions unchanged; concatenate per-sample across all 9 region_id files before feeding the samplesheet if a single FASTQ pair per sample/lane is required; no coordinate dependency (pre-realignment reads)
target_bed	https://raw.githubusercontent.com/nf-core/test-datasets/raredisease/resources_remapped/beds/target_bed.remapped.bed	6.6 MB	1.28 KB (75 rows)	remapped to local coordinates, 0 rows dropped
sambamba_regions	https://raw.githubusercontent.com/nf-core/test-datasets/raredisease/resources_remapped/beds/sambamba_regions.remapped.bed	52 MB	7.0 KB (91 rows)	remapped to local coordinates, 0 rows dropped; column 4 (chrom-start-end-encoded name) refreshed to match new coordinates
manta_call_regions	https://raw.githubusercontent.com/nf-core/test-datasets/raredisease/resources_remapped/beds/manta_call_regions.remapped.bed.gz	4 KB	110 B (7 rows)	regenerated directly from the new fasta.fai (0..contig_length per contig, MT excluded) rather than remapped row-by-row -- confirmed to exactly match the sequence dictionary, the earlier Manta-crash risk is resolved
manta_call_regions_tbi	https://raw.githubusercontent.com/nf-core/test-datasets/raredisease/resources_remapped/beds/manta_call_regions.remapped.bed.gz.tbi	-	-	generated alongside
par_bed	https://raw.githubusercontent.com/nf-core/test-datasets/raredisease/resources_remapped/beds/GRCh38_PAR.remapped.bed	280 B	0 B (0 rows)	CONFIRMED empty is correct: none of our 9 blocks' real sequence overlaps a PAR interval (SOX3 sits between PAR1 and PAR2 on chrX), verified programmatically rather than assumed
variant_catalog	https://raw.githubusercontent.com/nf-core/test-datasets/raredisease/resources_remapped/variant_catalog/grch38_expansionhunter_variant_catalog_remapped.json	36,705 B	1,990 B (5 loci)	remapped to local coordinates (e.g. RILPL1 -> 12:38721-38756); SOX3, RILPL1, NOP56, XYLT1, CSTB only, none with OfftargetRegions
mobile_element_references	https://raw.githubusercontent.com/nf-core/test-datasets/raredisease/resources_remapped/mobile_elements/mobile_element_references_remapped.tsv (-> 4 remapped.bed files)	94 MB (4 BEDs)	~9 KB total (321 rows)	remapped to local coordinates
mobile_element_svdb_annotations	https://raw.githubusercontent.com/nf-core/test-datasets/raredisease/resources_remapped/mobile_elements/mobile_element_svdb_annotations_remapped.csv (-> 4 remapped.vcf.gz files)	9 MB (4 VCFs)	~19 KB total (53 variants)	remapped to local coordinates; source files still have the malformed header noted in Phase 3 (FORMAT column declared, 0 sample columns) -- remapped via plain-text filtering, not bcftools; not tabix-indexed
svdb_query_dbs	https://raw.githubusercontent.com/nf-core/test-datasets/raredisease/resources_remapped/svdb/svdb_query_dbs_remapped.csv (-> grch38_gnomad.v4.1.sv.sites.no_cnv.remapped.vcf.gz)	1.6 GB (gnomAD-SV alone)	203 KB (229 variants)	remapped to local coordinates; 265->229 variants (14 BND records with an unmappable translocation partner dropped per your decision, 22 more dropped whose own start fell just outside a block boundary)
svdb_query_bedpedbs	https://raw.githubusercontent.com/nf-core/test-datasets/raredisease/resources_remapped/svdb/svdb_query_bedpedbs_remapped.csv (-> 2 remapped.bedpe files)	2.4 MB	119 B total (5 rows)	remapped to local coordinates AFTER fixing a Phase 3 field-index bug (bedpe is chrom1,pos1,chrom2,pos2 -- 7 cols -- not chrom1,start1,end1,chrom2,start2,end2 as Phase 3 assumed); real count is 3+2 rows, not Phase 3's buggy 228+345
vep_cache	SUPERSEDED -- see vep_gtf/vep_fasta below	24 GB	n/a	cache format can't be remapped or rebuilt from a custom GTF with modern tooling; replaced with VEP's own --gtf/--fasta mechanism. Phase 4 wiring note: ENSEMBLVEP module needs --gtf + --fasta params, not --cache/--dir_cache
vep_gtf (new param, replaces vep_cache)	https://raw.githubusercontent.com/nf-core/test-datasets/raredisease/resources_remapped/vep_gtf/minimal_reference.sorted.gtf.gz(.tbi)	n/a (Ensembl release-110 full GTF, 54 MB gz)	24 KB (661 GTF records)	built from scratch at local coordinates, functionally verified (chr12 local pos 37,218 correctly annotated as intron_variant in RILPL1). Standard Ensembl annotation only, not production's merged Ensembl+RefSeq set
vep_fasta (pair with vep_gtf)	https://raw.githubusercontent.com/nf-core/test-datasets/raredisease/reference_sliced/minimal_reference.fasta	-	-	same fasta as the `fasta` param above; VEP needs it explicitly when using --gtf instead of --cache
vep_plugin_files	https://raw.githubusercontent.com/nf-core/test-datasets/raredisease/resources_remapped/vep_gtf/Plugins/LoFtool_scores.txts/LoFtool_scores.txt + https://raw.githubusercontent.com/nf-core/test-datasets/raredisease/resources_remapped/vep_gtf/grch38_gnomad_pli_per_gene_-r4.1-.txt	3.6 MB	3.6 MB (unchanged)	gene-keyed, not coordinate-dependent; copied as-is
vcfanno_toml	https://raw.githubusercontent.com/nf-core/test-datasets/raredisease/resources_remapped/vcfanno/grch38_vcfanno_config_remapped.toml	n/a (hand-authored)	3 annotation blocks	rewritten to reference the 3 remapped files below by their new paths
vcfanno_resources (gnomAD SNV, nuclear)	https://raw.githubusercontent.com/nf-core/test-datasets/raredisease/resources_remapped/vcfanno/grch38_gnomad_reformatted_merged_r4.1.remapped.vcf.gz	9.4 GB	684 KB (43,044 variants)	remapped to local coordinates across all 8 nuclear contigs; 1 variant dropped (unmappable position)
vcfanno_resources (MT: gnomAD-MT + genbank haplogroup)	https://raw.githubusercontent.com/nf-core/test-datasets/raredisease/resources_remapped/vcfanno/{grch38_gnomad_genomes_mt_-r3.1-.vcf.gz, grch28_grch37_genbank_haplogroup...vcf.gz}	5.0 MB + 52 KB	unchanged (5.0 MB + 52 KB)	no remap needed -- chrM coordinates were never sliced (whole molecule kept, 1-16,569); relocated out of the stale-renamed directory into resources_remapped/vcfanno/ for consistency
gnomad_af	https://raw.githubusercontent.com/nf-core/test-datasets/raredisease/resources_remapped/vcfanno/grch38_gnomad_af.remapped.tab.gz	4.1 GB	300 KB (43,044 rows)	remapped to local coordinates, re-tabixed with -s1 -b2 -e2 matching the pipeline's own TABIX_GNOMAD_AF convention; 0 rows dropped
skip_tools	(unchanged: "germlinecnvcaller")	-	-	inherited from production params, out of scope for this phase
mt_subsample_reads	(unchanged: 18000, pipeline default)	-	-	MT FASTQ downsampled to 150x (~8,230 pairs) directly, well below the pipeline's own 18,000-read subsample target -- SUBSAMPLE_MT_READS will pass our data through unchanged at runtime since it's already under the target
