gene_id	SRX8042381	SRX8042382	SRX8042383	SRX8042384	SRX8042385	SRX8042386
ENSMUSG00000023978	4.10552601	2.79431737	2.16239716	4.01832338	10.83702478	2.83915007
ENSMUSG00000030324	7.91436924	4.67975386	2.81175524	6.05558584	13.4188005	4.66145713
ENSMUSG00000031450	4.96467697	3.17508436	1.6706013	3.41316173	10.14241916	3.49528794
ENSMUSG00000056055	6.10341467	3.12602459	2.71225133	5.20516816	11.7256749	3.75416377
ENSMUSG00000025900	4.76599895	3.19424277	1.87160944	3.10158791	9.373497	3.04478036
ENSMUSG00000026834	4.07180316	3.31512848	6.78394341	3.86888599	4.10245916	4.10194394
ENSMUSG00000025386	3.63904615	4.05772345	1.70286179	3.27642104	9.52119081	4.7728329
ENSMUSG00000059991	3.02561974	3.50274552	6.78509571	4.94894452	4.03499392	4.5773557
ENSMUSG00000056043	4.76842512	3.29938127	2.71931187	2.90332533	8.93462442	2.79336949
ENSMUSG00000029491	4.99032483	4.8962629	2.82154005	3.542804	10.22859526	3.94077893
ENSMUSG00000035456	3.16527847	3.04981222	5.13556478	3.28892461	2.63098724	3.38472143
ENSMUSG00000062082	6.39681939	3.29846638	1.67404021	2.87686546	3.16379404	2.37187921
ENSMUSG00000020713	7.32973451	11.19844597	2.29731569	6.84641012	3.86677514	4.4894723
ENSMUSG00000053963	6.37803515	6.03556199	9.54668756	7.85242378	6.35893482	7.54284381
ENSMUSG00000062372	4.80997217	3.07616134	4.14124567	7.23218774	3.24403998	5.07770065
ENSMUSG00000068037	4.53895946	3.35944172	6.22585045	4.77292729	2.6609649	3.91108782
ENSMUSG00000020907	3.3839341	3.05959538	2.29241592	3.16284206	8.18375911	3.9640844
ENSMUSG00000037446	4.06716431	4.51135451	2.43009464	3.93425797	8.94609701	3.6754546
ENSMUSG00000031789	3.34481537	4.826273	3.22573174	3.26892052	9.25539115	3.64827004
ENSMUSG00000078816	5.21880829	6.71957661	8.87014889	7.70716168	6.15319507	6.6514332
ENSMUSG00000057715	4.3724225	3.91359237	7.14902936	6.0684629	3.58491837	4.68862073
ENSMUSG00000025582	6.39961036	6.63625605	9.53008038	8.12907268	6.65359499	7.93073079
ENSMUSG00000026841	4.1863595	3.37160638	5.35109936	3.44295233	3.56237973	4.07423027
ENSMUSG00000038255	2.98500438	4.04416013	6.94059416	5.83072005	3.1899366	5.52929389
ENSMUSG00000029335	4.68500676	4.881069	6.8321855	5.04872256	4.25557106	5.59509544
ENSMUSG00000029151	3.8721564	4.37287593	7.67384751	6.61896798	4.21974527	4.12838143
ENSMUSG00000048087	6.322614	4.74360713	6.49421859	2.96289335	4.36525629	4.16643551
ENSMUSG00000029819	3.6961611	3.85515922	6.29558614	4.97646393	3.81419614	4.66699572
ENSMUSG00000090675	6.00286577	3.06359719	1.70136727	1.84188971	3.22732882	4.1899008
ENSMUSG00000032174	4.42033302	4.99912686	8.59609471	7.74225248	4.12377637	6.98620537
ENSMUSG00000050600	4.53866533	3.57899502	6.38417008	4.48688264	4.85067011	5.43879729
ENSMUSG00000074575	4.40986613	3.17687329	6.24645767	5.00566869	3.1578937	5.09264951
ENSMUSG00000046999	2.53091057	3.47727787	5.25504627	3.85177454	3.24755094	3.09115078
ENSMUSG00000048483	2.53445143	3.76564348	4.90818705	3.71764105	3.30639464	3.03404652
ENSMUSG00000027270	3.1840657	4.89567028	6.53542521	5.26675004	4.76289457	5.15482089
ENSMUSG00000070570	7.17139701	6.86925847	10.79531096	10.17364336	9.74005329	8.89334599
ENSMUSG00000024575	6.0444691	5.78330943	2.41377098	5.00710156	10.19829831	5.39632034
ENSMUSG00000059003	6.8125335	7.46423261	9.98009053	8.60909827	5.93343391	8.5174869
ENSMUSG00000029054	3.07517059	4.57099045	6.25882741	5.29418837	4.35875074	4.1764204
ENSMUSG00000027849	5.03572773	5.99816127	4.49657486	7.51265703	5.31079049	4.97882062
ENSMUSG00000034796	5.36922345	4.31930477	6.97135707	5.7749336	4.52200369	5.43563174
ENSMUSG00000028222	6.4187142	5.26628965	7.07915694	4.80761914	5.60074208	6.2016636
ENSMUSG00000053025	7.58388133	7.27351144	10.27237123	8.69771788	8.54548689	8.48936044
ENSMUSG00000047935	4.91517781	4.20075107	4.00228141	6.83105268	2.6644511	5.26076297
ENSMUSG00000035033	4.86866405	3.31800571	7.51344143	6.87936775	3.56680159	5.94241224
ENSMUSG00000026163	6.20597718	6.54934221	8.97529597	7.95519617	4.85792756	6.86385471
ENSMUSG00000030209	8.79510616	8.52402712	11.33437514	10.10776537	6.21473825	9.69032669
ENSMUSG00000053310	7.0823455	5.9335501	9.15974796	7.91140058	6.61042579	8.07969275
ENSMUSG00000060371	6.80468817	7.87846012	9.29144272	8.29688795	3.86276877	7.41553307
ENSMUSG00000036480	4.38800841	4.5607092	5.85665975	3.00956253	3.35131442	5.82730013
ENSMUSG00000027978	4.31251027	3.06978323	5.98314331	4.68962946	3.59240732	5.37313509
ENSMUSG00000099016	2.40788785	6.09385475	2.14750674	1.87078995	3.33143118	2.18160055
ENSMUSG00000026514	4.56703641	5.34159301	7.13195197	6.1194848	5.22327803	5.55879711
ENSMUSG00000059213	7.08162548	8.07720362	11.10494026	10.54597909	6.77860455	9.65601688
ENSMUSG00000030905	5.03164648	5.32047352	6.99260456	6.31193871	5.06178036	4.70614192
ENSMUSG00000021255	5.5459076	3.80516822	2.02717213	2.3524073	8.63781306	2.15329658
ENSMUSG00000026090	6.18817378	6.66748225	9.21098384	8.50758115	6.42466546	7.23286199
ENSMUSG00000010803	5.04185185	5.99098967	8.46476313	7.60567718	4.56172531	7.25437668
ENSMUSG00000061762	3.80522008	4.99397878	4.50391143	7.05879968	5.41666325	5.37732314
ENSMUSG00000057132	4.24093403	5.89816739	3.54013411	4.33073738	9.77421213	5.07247616
ENSMUSG00000027296	4.48822476	4.82293076	7.19947193	6.51872647	3.85565911	5.55284983
ENSMUSG00000030376	6.50593827	7.31873324	9.15442489	8.21450204	6.35989794	7.63630103
ENSMUSG00000034452	6.53880036	6.03913859	2.74247373	4.00522155	9.58056564	5.13137778
ENSMUSG00000098051	2.92288269	3.56895884	4.80049657	4.2346602	2.73620556	3.11460469
ENSMUSG00000033316	4.61999661	4.03587495	6.06093223	4.89021533	3.57957323	5.55214373
ENSMUSG00000039058	6.23788552	6.94470255	8.39507604	7.19060074	6.81577706	6.66825903
ENSMUSG00000024008	4.13098515	5.57185462	7.3118261	6.81554273	3.55749445	5.15428108
ENSMUSG00000051726	5.67037694	5.05239102	8.09441107	7.34007968	5.71743427	6.75342466
ENSMUSG00000024617	9.09980484	8.94592429	12.21657553	11.16719092	8.47330839	10.97960124
ENSMUSG00000029436	6.7869944	7.23810536	8.68882281	7.6436966	6.56244724	6.99862154
ENSMUSG00000041014	4.84715241	5.10366361	7.05362879	6.36734029	4.70368678	5.29126198
ENSMUSG00000027350	7.86766814	7.93957131	9.03710616	8.24043786	7.10530732	7.33727171
ENSMUSG00000029712	4.13520498	4.45672421	6.29030246	5.6739701	4.49446129	5.58756074
ENSMUSG00000044216	3.60052205	4.82615982	8.11125628	7.79007273	3.85482825	6.49584761
ENSMUSG00000032936	6.86247504	7.39684297	8.93945078	8.3059469	5.23986529	7.92107459
ENSMUSG00000022218	8.03967202	4.19557977	2.83127983	3.82652833	5.34242006	5.96147258
ENSMUSG00000026358	7.83335573	4.45079898	2.63729842	3.04753071	4.59213969	5.90813849
ENSMUSG00000103129	4.85459828	2.44793744	2.46213233	1.81727707	2.58580664	2.30929171
ENSMUSG00000056158	6.32004323	4.23531008	7.11473225	5.93728501	4.67169271	5.74142195
ENSMUSG00000021313	7.44231266	7.52935982	9.41150717	8.55022264	7.37318489	7.91133845
ENSMUSG00000052301	4.05562825	3.77298982	5.43970938	4.69636887	3.95465209	3.94599033
ENSMUSG00000044288	6.57241915	7.03527615	8.71792731	7.35115716	6.86110952	7.54202864
ENSMUSG00000096351	3.91253337	3.86943185	2.49413319	3.41987025	7.65302378	2.89828579
ENSMUSG00000039106	4.21457797	4.4426985	5.58179663	4.32645646	5.00678508	3.58661093
ENSMUSG00000055078	4.27743307	4.77652902	5.87351182	4.90836447	3.84990396	4.21647307
ENSMUSG00000055540	5.59145778	5.1282426	7.50165959	6.64851801	6.29565795	6.05555179
ENSMUSG00000020436	5.7179201	6.15847996	7.71888321	7.13308925	4.36383246	5.77675074
ENSMUSG00000047495	5.5508846	5.11275679	7.3956993	6.68600123	5.10073104	6.06557124
ENSMUSG00000041911	5.83689793	4.66149365	6.01664048	3.87319754	4.28251459	5.53725242
ENSMUSG00000025876	6.18915983	6.09001149	8.13137942	7.00114449	7.30464802	6.24957446
ENSMUSG00000104210	2.94270153	2.74614874	4.24169403	2.95265297	4.35822708	3.38290231
ENSMUSG00000058248	4.99356917	5.70436066	7.8338213	7.46343451	5.56839178	6.40339811
ENSMUSG00000022421	10.06259728	9.60984946	11.13711591	10.4233261	10.27841439	10.12324479
ENSMUSG00000070695	5.1180571	5.76914032	7.6873547	6.83852552	5.69640411	5.44434369
ENSMUSG00000026344	5.83174576	7.18969663	7.52756397	5.76031186	6.66805118	6.63172148
ENSMUSG00000035864	8.74045412	8.46405869	10.93981022	10.41611536	8.59780639	9.42288614
ENSMUSG00000004110	8.30465943	8.14533037	10.21404097	9.55003408	6.78705359	8.46503372
ENSMUSG00000045733	5.73593765	6.68815437	8.24353938	7.17373647	6.82280762	7.10129716
ENSMUSG00000028838	6.10540549	4.60699834	6.94542826	5.80017005	6.22983717	5.95613382
ENSMUSG00000022015	8.00373019	4.6683314	1.88615828	4.03484869	5.06113951	6.46959225
ENSMUSG00000067889	7.72188514	7.68803872	10.36802694	10.23912485	7.31039091	9.06445469
ENSMUSG00000027971	5.37779374	6.45147134	8.72656575	8.13106827	6.2287573	6.9943296
ENSMUSG00000025020	7.25375509	6.17290196	7.56634471	6.32512086	4.97677813	6.10811194
ENSMUSG00000054459	7.74972806	7.1565418	9.00700776	7.8706567	6.56078915	7.94588882
ENSMUSG00000038020	6.3901231	6.88096838	8.81691441	7.98180154	6.69688162	7.49872048
ENSMUSG00000037579	4.02572519	4.48164441	7.59646462	7.45008867	2.66133481	6.44313979
ENSMUSG00000045174	4.5205632	3.07103524	5.68479263	4.8991434	5.12849762	4.08717206
ENSMUSG00000007944	4.64619342	4.95109338	7.13208026	6.68438556	4.98577101	6.27439339
ENSMUSG00000046182	4.75102771	4.44369465	6.72948433	6.24836283	4.24836166	5.3976013
ENSMUSG00000041708	6.67436243	5.57068706	7.7279111	7.2998582	6.22076037	7.47652684
ENSMUSG00000027834	6.00464829	6.36718039	8.18805029	7.80593397	6.42311284	6.88563639
ENSMUSG00000022212	6.39670231	5.78877144	8.12113466	7.55457421	5.64900929	6.39879024
ENSMUSG00000050164	2.94688446	3.41582232	5.14035116	4.76265115	3.85824959	4.34327316
ENSMUSG00000045903	5.10402389	4.64355377	6.13960937	5.10616039	2.64214277	4.70950102
ENSMUSG00000040794	5.1127555	4.93608159	7.16649186	6.55522677	6.40421534	5.62490499
ENSMUSG00000009216	4.08698211	5.40937882	7.72311661	8.36311028	3.3622885	5.87348739
ENSMUSG00000029420	7.21232957	7.0902362	8.29138317	7.42387985	6.40949552	6.75183253
ENSMUSG00000062593	8.57796113	6.28867044	3.3821735	4.25727643	6.66132324	6.4492007
ENSMUSG00000025576	6.3921248	6.87327731	8.33988892	8.01230013	5.87006061	6.78792841
ENSMUSG00000035653	6.38732546	5.13938342	6.93404964	5.71771113	5.45086483	5.94495046
ENSMUSG00000024064	5.30876727	3.73865651	5.75460075	4.54793114	4.53215556	4.60263369
ENSMUSG00000046093	8.84264658	8.87638701	10.21550727	9.48748988	8.61456496	9.19916753
ENSMUSG00000022454	8.50504653	8.52141793	9.90268984	8.92067865	8.96893023	8.78729151
ENSMUSG00000031376	6.15391128	5.21658719	7.54870032	6.35208203	6.05052043	6.07335711
ENSMUSG00000044933	4.0566956	4.69603082	5.84064325	4.77869159	5.38439037	5.16459958
ENSMUSG00000006711	5.42660901	4.66172412	6.36971845	5.3807122	4.47742006	5.25711412
ENSMUSG00000028785	5.75245239	7.48597839	8.47217043	7.98928261	5.3312003	6.45983672
ENSMUSG00000024041	4.81363363	2.35344311	1.71653802	2.42135081	2.61198274	3.4566225
ENSMUSG00000039809	8.31043239	7.53097715	8.87732629	7.78692333	6.70032325	7.49931169
ENSMUSG00000086719	2.56638402	5.62435485	2.18538137	2.08229974	3.75082014	2.90340258
ENSMUSG00000034997	4.64909017	4.22329356	5.88024199	4.95034413	4.72521805	4.79592931
ENSMUSG00000025189	5.41784662	6.03355757	7.53472589	7.02830631	5.62721494	6.06757449
ENSMUSG00000040125	6.17342611	6.88828373	9.04942482	9.70071614	4.84507713	7.33854937
ENSMUSG00000032452	6.18171079	6.63479052	7.5682771	6.49681529	6.0253938	6.10953097
ENSMUSG00000021680	3.76155206	5.25535207	4.55312544	2.10837453	4.55607769	3.43839259
ENSMUSG00000028289	6.50792257	6.4915608	7.85860265	6.9415616	6.68420557	6.31356135
ENSMUSG00000037428	6.5798513	5.76925912	7.97391285	7.80267788	4.83295006	6.69638529
ENSMUSG00000028033	6.06051855	6.15919037	6.83730763	6.87074733	5.22916305	5.63484934
ENSMUSG00000042078	6.38645409	6.22060786	7.70683026	6.93875119	6.10922944	6.4959861
ENSMUSG00000030134	7.0671429	7.05833108	8.66261238	7.95640999	7.30037556	7.46226011
ENSMUSG00000024672	8.41066711	5.27166352	3.89739368	4.43502657	5.46609162	5.85335324
ENSMUSG00000022357	6.08025577	2.88780507	2.23890689	2.44052249	4.6265444	3.52284349
ENSMUSG00000032355	4.59299185	4.09450488	6.60773317	6.3694516	4.78209471	6.12190742
ENSMUSG00000036264	3.46560869	4.59073435	5.7310765	5.74561616	3.17137058	4.03525657
ENSMUSG00000039059	5.45862889	6.40930239	7.42521814	6.72521323	5.11015455	5.95032808
ENSMUSG00000000632	7.66848853	8.25944484	9.21544071	8.38179906	7.17863925	7.57309522
ENSMUSG00000000861	5.21628254	5.92832922	7.42266724	7.30013964	5.01458622	5.79822255
ENSMUSG00000000560	5.32946574	5.28143217	6.66276496	5.94342676	5.47422976	5.32911544
ENSMUSG00000017740	8.16613067	7.91225676	9.73917201	8.9695904	8.14442421	8.71112956
ENSMUSG00000027489	3.70956481	5.282701	6.26943277	5.572065	4.62084482	5.31603609
ENSMUSG00000026959	7.75214712	7.74971094	9.2837829	8.69119201	7.2618613	8.03766681
ENSMUSG00000068696	5.27553098	6.29791961	5.34214773	7.54212725	3.61675016	6.13112015
ENSMUSG00000064193	9.27345557	4.69555608	3.55729676	3.63167124	5.55667879	9.7348571
ENSMUSG00000065922	2.92019361	3.8869761	2.04150035	3.17298951	7.24456049	4.14186673
ENSMUSG00000004961	5.44537004	6.12384386	7.42802956	7.10274883	5.87870369	6.12384112
ENSMUSG00000029878	5.40523875	6.16938229	7.04686917	6.28733881	3.74932346	6.03865765
ENSMUSG00000042388	7.02133075	6.50810845	9.23164981	8.90794555	6.40358901	8.5084932
ENSMUSG00000064065	6.6475358	7.08871697	7.47467332	6.48468286	6.46045924	6.43155141
ENSMUSG00000007653	6.3624172	6.36618945	7.90099282	7.5351353	5.9628486	7.25214091
ENSMUSG00000054013	6.0177805	5.51454925	7.23014223	6.93229289	5.34443992	5.28984196
ENSMUSG00000056972	6.54054424	3.88670948	3.16726491	3.13624338	3.17042337	3.17715149
ENSMUSG00000040907	10.5756185	9.40569415	11.85889901	11.22521786	10.29982908	10.42851053
ENSMUSG00000096146	2.26755	3.32972569	4.33145837	4.20917809	3.21480096	3.57914439
ENSMUSG00000023033	7.91601423	8.36014669	9.67020585	8.98820941	7.93543247	8.5562801
ENSMUSG00000052087	5.04454968	4.91729704	6.6657021	5.86753752	6.48080357	5.71731985
ENSMUSG00000030137	4.15689048	3.50967881	4.49028771	3.05873658	4.5759092	3.76069634
ENSMUSG00000028176	6.30291317	7.20095704	8.43302173	8.12937659	5.90776762	7.60905584
ENSMUSG00000022577	7.11807906	6.60589482	7.54061701	6.54828993	5.9313256	6.13762826
ENSMUSG00000018865	6.88793767	6.92717119	8.60832449	7.99329691	6.71661853	7.95044009
ENSMUSG00000059040	9.55884023	5.51853431	3.15978902	4.27392054	5.99994145	9.86560633
ENSMUSG00000061751	8.06913306	8.16327181	9.71638361	9.45422392	8.08348396	8.59593293
ENSMUSG00000069227	6.79163459	6.13364906	8.14033682	7.79705826	6.8740283	6.56585071
ENSMUSG00000034145	4.61429364	5.24275905	6.01667559	5.20364484	4.86330842	5.26275743
ENSMUSG00000062296	8.56691913	8.38219937	10.00659071	9.80275666	6.65020789	8.12311152
ENSMUSG00000058624	7.5397096	7.35576629	9.1589879	8.37102547	8.58163906	8.28297255
ENSMUSG00000031932	4.06254532	3.94314651	5.49798573	5.49712775	3.59537723	4.49416274
ENSMUSG00000058360	4.05029244	2.30653762	1.7181071	2.04156224	2.67738266	2.4252125
ENSMUSG00000039037	6.86277621	5.93168658	7.63559788	6.91293576	6.86346034	7.15945569
ENSMUSG00000046699	6.54105552	6.05700316	7.12304337	6.06451944	4.91568885	5.92577962
ENSMUSG00000084890	4.54104058	5.40666136	5.85178283	6.94012879	2.65339921	4.49171708
ENSMUSG00000055958	2.2518671	2.82178391	3.44139193	3.47699309	2.66868054	2.3564121
ENSMUSG00000016150	6.98161478	6.37630201	7.62319793	6.9717008	5.76784545	6.37388541
ENSMUSG00000045349	5.14837222	6.4590601	6.88246812	6.10269254	5.61391789	5.93318076
ENSMUSG00000078591	4.72721553	3.97167204	5.75149349	5.48912433	2.74899801	4.84954615
ENSMUSG00000094626	6.28890014	5.82478106	6.34254309	6.04703667	5.8268009	5.76389119
ENSMUSG00000090061	5.00175728	3.03961749	6.22193029	6.40969201	4.35927332	5.07021348
ENSMUSG00000089672	7.53154022	3.59250631	3.87087071	3.91754404	4.88127228	5.13369297
ENSMUSG00000078307	5.22641511	6.39308487	7.45416467	7.22995366	4.70636924	6.63288121
ENSMUSG00000032532	6.00831257	7.06564473	8.10216187	6.65576484	7.27706974	7.30766105
ENSMUSG00000022416	6.07047239	5.11501118	7.62664654	8.30622052	5.64403101	6.37340722
ENSMUSG00000071567	5.05497707	5.11075315	6.49686796	6.20809602	6.0601051	5.36053728
ENSMUSG00000008658	6.5532015	7.53772085	8.46070295	7.90561021	7.0915086	7.35293221
ENSMUSG00000060257	2.78457792	3.67748223	4.9913719	4.79995116	3.16685369	5.02711555
ENSMUSG00000090071	6.25482992	6.61393901	8.72747015	8.55473592	7.60416542	8.36402707
ENSMUSG00000060212	6.76931697	6.53975016	7.74607755	7.21421855	6.56990857	6.91033121
ENSMUSG00000016346	8.07580243	7.66073386	9.45908118	9.00728475	6.81740368	8.2200178
ENSMUSG00000027220	7.87767334	7.07461085	8.35490022	7.19119013	7.0484443	7.55756184
ENSMUSG00000041380	5.3580096	3.46904864	6.25290198	6.20556907	4.20061407	4.32465875
ENSMUSG00000040424	5.43791995	4.83436845	6.2079566	5.5411818	4.48129099	5.94657882
ENSMUSG00000057897	8.79331871	9.3693499	10.35732564	10.09892374	8.97886844	9.26932308
ENSMUSG00000035226	6.18718195	3.85491827	6.78396805	6.45762507	4.12606725	6.04218594
ENSMUSG00000063193	6.80003551	4.48350134	2.43597221	3.64924396	4.6433739	4.46693804
ENSMUSG00000024873	6.40872706	6.74288231	7.99886807	7.23259601	7.16588607	7.22924096
ENSMUSG00000053395	5.64002417	5.4505763	7.11854316	6.66842707	5.77810899	7.20123071
ENSMUSG00000044071	6.66788259	6.15562686	7.4830113	6.99436185	5.69389019	5.85383544
ENSMUSG00000027895	5.34996668	5.3383354	6.9375239	6.57416309	5.89615514	6.32844598
ENSMUSG00000019146	4.6135314	4.44524052	5.77495818	5.46788801	3.24663201	5.5241034
ENSMUSG00000028965	7.28210718	3.52653216	2.84604145	3.32721371	4.50430337	6.2253097
ENSMUSG00000049583	7.55328219	7.74225307	8.81717636	8.04666641	7.8703001	7.96597228
ENSMUSG00000026141	3.72692321	3.35158548	5.00425436	4.23835422	5.50851634	4.29873475
ENSMUSG00000104597	6.88356841	7.19065705	8.40449334	7.79941011	6.03702878	6.89634721
ENSMUSG00000041710	5.69627861	4.58528507	5.56858414	4.05798595	3.44716102	4.24747698
ENSMUSG00000052373	5.28103521	4.89191813	6.46170274	6.23335909	5.20990716	5.46873093
ENSMUSG00000027419	7.49466608	7.62111108	8.71928876	8.2890525	7.82981322	7.97373522
ENSMUSG00000052981	6.73979251	7.00570513	7.9924782	7.43760314	7.38980795	7.22086447
ENSMUSG00000045912	4.63935599	4.27997904	5.2078792	4.42233922	3.20381865	4.21633469
ENSMUSG00000055409	5.46466992	5.18268796	6.22274262	5.99394074	4.90434619	3.48151852
ENSMUSG00000046550	2.64276637	3.06354633	3.24389898	2.44711919	3.59054118	2.38875449
ENSMUSG00000021062	6.11216997	7.26002246	7.78602161	7.72488723	4.32939486	7.39892996
ENSMUSG00000036306	6.37243269	6.61452547	8.14376034	7.84814775	6.855819	7.4425081
ENSMUSG00000074923	5.88371719	5.88146896	7.23160081	6.96134283	5.8630871	6.88992894
ENSMUSG00000027965	3.17244724	4.73564977	4.9397035	4.75479647	3.23942408	3.82034966
ENSMUSG00000047658	5.30790243	5.39245421	6.52411667	5.73843356	6.27343148	5.79056201
ENSMUSG00000076613	2.26334073	2.31795056	1.68598306	9.36898555	11.68291189	9.29852648
ENSMUSG00000064293	6.12571787	6.26365452	6.84664827	5.7557034	6.02930553	5.82129376
ENSMUSG00000020990	3.29542423	3.51370605	4.47463877	4.59114275	3.50807283	3.21316309
ENSMUSG00000038738	9.89550702	9.41386629	11.00117116	10.44777197	9.1261795	10.50582178
ENSMUSG00000051062	4.05473212	2.32538411	5.0479538	4.66151582	3.58024841	5.02021605
ENSMUSG00000027273	9.71084786	9.47730258	10.73208601	10.23805263	9.73112928	10.01525121
ENSMUSG00000030302	8.62636325	8.6439655	10.17179699	10.14611113	8.2529315	9.31612112
ENSMUSG00000032564	2.23164762	4.98309688	5.85285451	5.84374386	4.98145625	5.37285192
ENSMUSG00000030789	10.09270541	7.10523701	4.65582674	5.96076848	7.93048251	7.99753694
ENSMUSG00000040452	4.24874749	3.52499213	4.80827327	5.40079085	2.69957086	3.40225142
ENSMUSG00000021478	5.13028388	5.25028936	4.37630955	6.69098078	4.20494225	5.33973191
ENSMUSG00000034891	7.30981163	6.72066246	8.35890839	8.69042383	7.73142619	7.60710298
ENSMUSG00000030350	5.87705497	5.02507182	7.36731463	7.18113987	5.79496919	6.89878595
ENSMUSG00000107226	4.15565448	3.30765566	3.72427724	2.53071	3.33992862	2.34976234
ENSMUSG00000034818	8.06262732	8.06712503	8.57529548	8.28156364	6.67012789	7.86323859
ENSMUSG00000050069	5.47570624	5.57628936	5.91658276	5.8066895	5.13076038	5.71947286
ENSMUSG00000105983	2.25607864	4.11999052	4.36389666	5.25877589	4.68415476	2.80013953
ENSMUSG00000020684	7.60651835	7.08184615	9.17631043	9.45397257	7.588974	8.84137633
ENSMUSG00000036800	6.05530303	5.5726589	6.80109972	5.84462049	5.8201164	6.22665011
ENSMUSG00000027347	8.80386467	8.67382383	9.40605367	9.00095436	7.17919675	8.76656422
ENSMUSG00000061298	4.54202061	4.13450488	4.9473496	4.27722072	2.68803271	3.74827717
ENSMUSG00000078235	4.64019747	3.52164521	4.81577834	4.48673193	3.67335814	4.21747667
ENSMUSG00000107105	5.13781876	3.05343976	2.44932234	1.83486932	2.63040153	2.74144231
ENSMUSG00000086040	6.871459	7.87969102	8.78784618	8.08625243	7.74642439	8.25123581
ENSMUSG00000038179	8.29986131	5.69504475	3.42106522	4.60679589	5.80697806	6.26734114
ENSMUSG00000020848	6.20842997	5.84150955	6.77732746	5.94066043	6.52384673	5.7865752
ENSMUSG00000020297	7.66256055	8.43345546	9.22041295	8.65775848	8.06632371	8.57795201
ENSMUSG00000029754	2.28121451	3.6497847	2.85534499	4.10500348	3.35428614	2.80496697
ENSMUSG00000027500	7.36881124	7.55768869	8.00741149	7.69720364	7.36046285	8.06645284
ENSMUSG00000106775	4.2321126	6.65006528	2.15497245	3.39240782	3.85512132	4.46885816
ENSMUSG00000022288	3.02548071	4.61390995	2.31544106	1.80975188	2.72619384	2.34945033
ENSMUSG00000036422	5.46585989	6.61293672	7.18505316	6.34788017	5.7519363	5.3954958
ENSMUSG00000050963	4.78335094	3.71369619	5.58280519	5.85004843	3.57274055	4.5559326
ENSMUSG00000036185	5.7262925	2.7358594	1.88163794	2.72279862	3.57465494	4.79165361
ENSMUSG00000051401	4.10647264	4.41434166	5.79285263	6.14000125	4.75339131	4.49803796
ENSMUSG00000102697	5.12890928	5.33022026	6.85918519	6.49520454	6.49371859	6.40582906
ENSMUSG00000075318	8.7512281	8.76464175	9.70170896	9.22188661	8.36392997	8.86403568
ENSMUSG00000090063	3.12327358	5.18379043	5.89139046	6.2048195	4.10667882	5.62183533
ENSMUSG00000085800	4.96397311	3.06625309	1.88209316	2.09127848	4.06545976	2.85610942
ENSMUSG00000021647	7.91048993	5.71544579	8.97869673	5.25719722	7.05165623	9.75661341
ENSMUSG00000066108	6.39759815	3.7450048	2.15146274	3.30201796	4.79612707	4.49653607
ENSMUSG00000058153	7.94771722	7.86555011	8.80071225	8.16102214	7.97075515	8.21135164
ENSMUSG00000106106	14.07676437	13.10338189	10.6374024	13.67860682	17.64836113	15.17007149
ENSMUSG00000032739	2.24301399	3.07322802	2.84387812	4.38891867	3.55412382	3.75664628
ENSMUSG00000029211	6.43259335	6.47891588	7.31541511	6.53002824	6.41555788	6.43921297
ENSMUSG00000024245	4.44580821	6.19806021	6.18225648	4.68474563	6.49183973	5.8733161
ENSMUSG00000063354	6.39093572	3.76540415	2.62565853	3.07747496	5.15150753	3.95462007
ENSMUSG00000068129	8.70856192	5.31381249	4.13091359	5.47249884	5.71387707	7.7654926
ENSMUSG00000025468	6.06751387	5.5229103	6.74149837	6.40278955	5.92870385	6.13752492
ENSMUSG00000032589	9.75191005	9.73867551	10.89714049	10.42964647	10.1019754	9.98118683
ENSMUSG00000031293	5.89944303	6.81607953	4.22230913	4.77418353	10.01650849	6.32173534
ENSMUSG00000031883	3.83160412	3.73364864	4.58021762	3.81415398	4.69358002	4.08318203
ENSMUSG00000042532	5.76965891	5.30631948	7.1556754	6.62228149	5.9307096	7.03880636
ENSMUSG00000097914	5.27049108	3.49482456	2.53127508	2.28700398	2.67155462	3.06927341
ENSMUSG00000007207	6.97465136	7.70490288	8.03734161	7.1939783	6.54274508	7.47912411
ENSMUSG00000043301	6.61220584	5.77589698	6.92599692	6.12955514	6.40747112	5.80200386
ENSMUSG00000029544	6.98769726	5.99879223	7.75655391	7.79511081	6.18908357	6.80340434
ENSMUSG00000026204	9.16823171	8.69751097	9.22771679	9.29670785	8.71313463	8.69927542
ENSMUSG00000076609	6.99839496	4.53091566	2.59020876	10.85603125	12.42773761	13.21499186
ENSMUSG00000067149	4.43122543	3.38327249	2.40156631	8.81882861	9.89869878	10.96415923
ENSMUSG00000023828	4.37173315	3.33782814	1.89189697	4.05652258	3.56652721	2.40475858
ENSMUSG00000015568	10.5395349	7.18385813	5.69260741	6.80026523	7.96983368	8.22040251
ENSMUSG00000102876	3.34422599	3.1426035	1.90927301	3.47641946	2.67206805	2.35293076
ENSMUSG00000025885	5.62406696	4.72196714	6.38633662	5.94445918	4.69667256	5.84000479
ENSMUSG00000096847	7.17387775	6.48179403	7.96477731	7.6733838	6.69187707	7.81842756
ENSMUSG00000104159	5.19875405	3.36457987	2.03999894	2.73452364	4.10493261	2.35565392
ENSMUSG00000048251	6.55634766	7.47212641	8.40584245	8.21849532	7.44514727	7.74966409
ENSMUSG00000030162	5.97801957	3.86352034	2.28061897	3.33873686	3.56022602	3.35670635
ENSMUSG00000045038	9.31222935	9.12268787	9.78450451	9.36496052	9.23022689	9.38679492
ENSMUSG00000047013	6.83928145	6.8386579	7.85872893	7.51111872	7.07015922	7.3694972
ENSMUSG00000085830	2.23720402	4.70449788	4.61770085	4.76820402	4.44527176	2.89691817
ENSMUSG00000021708	7.30044833	6.82673863	7.83242773	7.17760315	7.95952408	6.75378968
ENSMUSG00000020431	9.34262175	9.95513203	10.65129644	9.9947606	10.43580518	10.04593004
ENSMUSG00000025422	9.71292253	10.13041355	10.9735537	10.77303815	9.79006858	10.59394654
ENSMUSG00000024261	7.22664581	6.39396295	7.67819117	7.03506289	5.67200341	6.80916011
ENSMUSG00000103201	2.26927198	4.48887748	3.8229518	3.04327822	2.91586248	4.06414213
ENSMUSG00000032988	6.34213634	2.85230909	2.61437682	3.49630279	5.57593295	3.635784
ENSMUSG00000080736	5.1518362	3.26348726	2.02228577	2.51679063	2.76892939	3.43005341
ENSMUSG00000047842	7.71787559	7.39496387	8.5051316	7.9202533	7.47388928	8.02789551
ENSMUSG00000045036	2.9403038	2.37324182	2.0532669	3.62397816	3.8334438	3.1588793
ENSMUSG00000071265	4.86206656	5.74112411	5.9365457	5.28906864	5.05746467	5.44154726
ENSMUSG00000040035	8.73712906	8.55367241	9.19397768	8.41896953	8.15002187	8.33073172
ENSMUSG00000030000	7.43228628	7.68377547	7.81856541	7.30101314	6.36215915	6.66868462
ENSMUSG00000044667	8.19500268	7.92759291	8.55729105	8.29543178	8.07124298	7.82560978
ENSMUSG00000019785	4.90195451	4.21774581	5.32416639	5.51054929	3.86530384	4.50544381
ENSMUSG00000079657	4.52424466	5.81796487	5.81023176	5.00204767	5.41511126	5.40924188
ENSMUSG00000044912	5.00768043	6.03418454	6.4772504	6.04901711	5.69570038	6.35184938
ENSMUSG00000025427	6.15331036	6.57316364	7.79265122	7.58428737	5.96811069	6.99567235
ENSMUSG00000024268	8.41335694	8.39685078	9.53579036	9.15369565	8.15087753	9.01329726
ENSMUSG00000020734	5.25207061	3.76907577	6.19087568	6.75685146	5.00982825	5.96659843
ENSMUSG00000032503	8.0474242	8.61578928	9.41304325	9.35282363	7.09578402	8.27893113
ENSMUSG00000039628	2.22608788	3.17851607	2.40160189	4.06328791	4.88335701	3.13629454
ENSMUSG00000095079	6.02799911	4.04736754	3.16803063	9.43181389	10.5456684	10.71356309
ENSMUSG00000036815	6.09422752	5.6824053	7.28144535	6.92838175	6.23540955	7.19338305
ENSMUSG00000019906	5.92116609	6.4537306	6.91595841	6.54537911	6.28521965	6.35674726
ENSMUSG00000031097	5.95821316	2.15103257	2.47287199	3.28283838	3.37406398	3.97161087
ENSMUSG00000033981	9.25621212	9.7241472	10.32024225	9.82282051	9.07011345	9.14205742
ENSMUSG00000085599	2.9618303	5.88723814	2.09867317	2.55281408	2.88739427	2.94762693
ENSMUSG00000102958	2.61863808	5.52921292	2.54309489	1.8131193	3.64124354	3.5450922
ENSMUSG00000086503	15.69064528	7.68091998	12.48496265	2.73866595	5.04321992	15.12100842
ENSMUSG00000106018	2.59336573	2.37615738	3.12699348	3.07006663	2.70223005	2.7999665
ENSMUSG00000000982	7.86402818	4.32333118	3.05805491	4.12270181	5.47656426	6.84426542
ENSMUSG00000027748	6.086579	3.9943717	5.21254667	4.40255857	3.20520737	3.98551102
ENSMUSG00000087516	3.30856069	5.67847243	2.74952902	2.67443336	3.21086815	2.38191052
ENSMUSG00000040026	4.22143123	4.03431995	4.18844267	3.09654766	3.1988238	2.86421077
ENSMUSG00000027438	8.86868993	8.65229526	9.42289749	8.97674292	8.63995365	8.48048654
ENSMUSG00000030222	3.42647509	4.96273491	3.27217995	5.41372414	4.83202794	4.37761948
ENSMUSG00000078117	5.13059205	3.34609207	4.45166674	3.32326184	3.18020446	3.7579106
ENSMUSG00000090291	4.26863828	5.12634377	4.14956883	6.18016624	3.89074084	4.43101697
ENSMUSG00000032511	4.79041315	3.98136478	5.22850681	6.32433157	5.83698045	4.73008513
ENSMUSG00000052581	5.84738875	6.40392227	6.89918683	6.8120272	6.10180177	5.89855429
ENSMUSG00000086712	3.66533846	3.55161135	2.08030605	3.95555948	2.6861588	3.62894924
ENSMUSG00000082163	5.73375796	4.35795305	2.02529385	2.45238016	4.4734079	3.79788506
ENSMUSG00000049741	2.34402684	4.54337362	1.82495526	1.87663768	4.33135923	3.0403756
ENSMUSG00000067219	2.25462908	2.33937638	2.03183101	2.11046344	5.37094529	3.36003393
ENSMUSG00000045034	4.53100887	4.24769881	5.07090119	4.0578958	4.80566247	5.2563197
ENSMUSG00000095134	6.71236902	5.28914801	6.37025506	5.34397093	5.96191602	5.02822031
ENSMUSG00000088576	3.4689429	5.91914118	1.67676012	2.97894983	4.88039946	3.67501061
ENSMUSG00000008489	6.68402545	6.18283519	6.76062526	5.58967222	5.66223818	6.59599008
ENSMUSG00000020950	6.51636686	5.81425932	7.22431117	7.26603454	5.9628596	6.63944197
ENSMUSG00000051054	3.66915747	2.8179588	3.09234467	2.05852568	2.62908302	2.37661651
ENSMUSG00000040640	7.95516945	7.83425278	8.65169375	8.23012963	7.60193567	7.67237613
ENSMUSG00000028003	7.26970076	4.86756628	3.56788526	3.12298073	6.39499841	4.37426778
ENSMUSG00000036564	10.22717331	10.69279419	11.29528833	11.0066765	10.57031631	10.49763803
ENSMUSG00000105526	2.63970862	4.25905738	3.8508258	3.19497717	3.92462245	3.09793239
ENSMUSG00000097072	4.49711507	5.86956579	2.59457858	1.83170883	3.87008294	2.83346734
ENSMUSG00000031144	9.84006772	9.57063036	10.70693404	10.07477155	10.08783163	10.28274226
ENSMUSG00000009394	9.24149192	8.89031874	9.55652036	8.97109531	8.6974065	8.79903442
ENSMUSG00000021700	8.11946725	7.54270669	8.81998966	8.84773148	6.63137699	8.75733471
ENSMUSG00000045573	5.87407703	6.9500158	7.33157677	7.35402946	5.3293744	7.17260949
ENSMUSG00000024479	6.72934296	6.63857101	7.61829116	7.24377679	6.58165939	7.15901436
ENSMUSG00000054976	5.89347358	6.36965658	6.39099426	5.34454632	5.76548477	5.76608102
ENSMUSG00000006435	7.57018735	7.83863964	8.69196693	8.36967119	7.67257526	8.70640474
ENSMUSG00000084235	2.22104913	4.72097255	1.69821295	2.09518427	2.64488692	4.2850485
ENSMUSG00000031137	6.75717578	5.75129258	7.08939111	6.32158346	6.00667998	6.74807744
ENSMUSG00000030518	5.89765043	6.07783278	6.78843157	7.22870148	6.36979353	6.47085708
ENSMUSG00000102902	2.24515928	3.07982655	2.31234901	3.32182347	2.65599533	2.35855843
ENSMUSG00000047485	5.15093214	5.24781729	6.02825743	6.35500391	4.71347616	5.66526177
ENSMUSG00000036062	8.25242333	8.06309959	8.91460517	8.60184895	7.77797553	8.6643932
ENSMUSG00000025658	8.33095135	8.29484172	8.98591656	8.48054666	8.53963269	8.04826259
ENSMUSG00000019992	2.98454238	4.90438725	2.37117558	2.10199128	2.67986678	2.77491112
ENSMUSG00000023903	4.08710818	3.7249174	2.37622774	4.43260551	3.58014979	3.62376599
ENSMUSG00000061911	8.14833439	8.02834838	8.76794002	8.5301189	7.75494331	7.96612582
ENSMUSG00000063388	4.06723565	3.18238495	1.65471627	2.13385411	5.97375772	3.38763559
ENSMUSG00000032500	4.81439113	6.4161406	6.09686589	7.49634987	7.07997765	5.8060785
ENSMUSG00000075478	6.98808245	7.66917627	7.85812024	7.15425021	7.4221809	7.25415526
ENSMUSG00000052479	2.82209823	2.71013491	3.73044267	3.11432801	3.53945896	3.54122276
ENSMUSG00000105663	5.06924533	3.46563611	4.48080909	4.65183281	2.56766698	2.97218947
ENSMUSG00000029055	6.27315278	5.28384434	7.6836976	7.87873829	7.88627034	7.23042134
ENSMUSG00000024353	3.34952808	3.07012934	2.30904513	3.04891404	5.63261468	6.2974634
ENSMUSG00000031870	5.61879871	4.9781549	5.22594157	4.55129531	4.74497367	3.90511444
ENSMUSG00000104851	3.83643277	6.76450586	3.04271398	3.36050551	4.82176214	3.9526181
ENSMUSG00000027297	5.49940267	4.72116071	5.39287167	4.24234949	5.12978525	5.13125922
ENSMUSG00000037771	6.09330723	5.21532256	6.27565012	6.48805614	4.72966648	5.5336609
ENSMUSG00000105620	3.50860785	4.68549243	4.37775988	4.8124256	3.60607582	2.80958483
ENSMUSG00000057060	4.59253152	4.18648363	5.34767768	4.95856488	4.74085432	5.56703138
ENSMUSG00000021268	12.24934317	12.05328441	12.448486	12.11100118	10.58749495	11.3077389
ENSMUSG00000056553	7.85068384	8.13479583	8.60376825	8.19932603	8.19147109	7.52116362
ENSMUSG00000102241	4.93217591	3.70888209	2.04241426	2.29953547	3.54372254	2.86221016
ENSMUSG00000070880	7.86204943	7.07639283	8.29070309	7.97682222	6.86903073	7.88838531
ENSMUSG00000021301	5.97175985	6.67670459	6.84615312	6.26336627	6.69448529	6.5323334
ENSMUSG00000044703	2.71434713	2.74909568	2.40042903	2.51140499	3.60279299	5.31501555
ENSMUSG00000033578	6.44636593	5.57283888	6.53964499	5.98083276	6.21242409	6.00690683
ENSMUSG00000033060	7.98669982	8.28694542	8.6735577	8.17162726	8.10292278	8.20713783
ENSMUSG00000028039	4.59550844	4.10453818	5.88618571	5.71325007	5.57969661	5.99684124
ENSMUSG00000028836	3.536111	3.06583459	3.59581232	2.68449815	4.0764555	2.84156547
ENSMUSG00000029361	6.36221195	6.81038159	7.63590486	6.63715424	7.2499686	6.84711321
ENSMUSG00000023473	7.19690874	7.45444985	8.03755822	7.77739995	7.84015253	6.70663873
ENSMUSG00000034829	4.51594315	4.40158361	1.67003516	2.82928647	6.92123693	3.37223235
ENSMUSG00000000318	4.60167157	4.06640497	2.19058312	4.48582856	3.84762046	3.57759647
ENSMUSG00000032338	4.2810791	3.47011292	3.82543726	4.82909347	2.5969695	3.47937521
ENSMUSG00000032053	2.92284741	3.08647939	2.03746796	4.05448207	5.22716861	6.3465607
ENSMUSG00000105971	4.17690693	6.43226819	2.52325697	2.99691839	4.14071091	3.98279481
ENSMUSG00000035277	5.18216725	3.1385463	4.56606206	3.40363743	2.67652024	5.04660312
ENSMUSG00000042604	5.09871349	5.71852635	6.27800254	6.34140887	4.55364064	5.65157579
ENSMUSG00000033615	8.07154217	8.43397382	9.1036799	9.23663917	8.59075976	8.67331779
ENSMUSG00000064339	10.34746599	8.64912874	7.84812124	9.63108222	13.8267303	10.7406208
ENSMUSG00000038128	7.38890816	7.4550065	8.13403917	7.88581229	6.62026347	7.67104585
ENSMUSG00000035270	4.34200552	4.14757701	3.09708194	3.1873992	7.59752938	4.62973362
ENSMUSG00000034917	6.27558212	3.51930214	2.36873299	4.10535817	5.20081795	3.18977633
ENSMUSG00000097532	4.51592413	5.91238733	2.1527908	2.80271358	3.20212575	3.63140836
ENSMUSG00000063239	4.16776447	5.12265909	5.92500942	5.9557421	5.36978816	6.05600286
ENSMUSG00000030729	8.40158883	8.43683229	9.06897347	8.06106671	8.50587194	8.38877398
ENSMUSG00000067028	3.40232892	4.57081534	4.557166	5.21861905	4.44030169	3.86149156
ENSMUSG00000097497	2.99475845	5.05509492	2.81025563	2.06145346	3.25728976	2.3595565
ENSMUSG00000044067	6.20683679	6.66040039	6.50933538	5.48842161	6.01802233	6.09166855
ENSMUSG00000025867	9.99330894	10.39340207	11.05504931	11.53701146	10.39449211	10.74490331
ENSMUSG00000097444	2.99264566	4.59289382	2.06256061	2.28371493	2.63811847	2.34246684
ENSMUSG00000019828	5.34367509	5.24647784	6.28429549	6.57695159	6.01045622	6.02049133
ENSMUSG00000038692	4.77832971	3.1079719	2.04982246	1.82852668	3.96838391	3.55059802
ENSMUSG00000005892	5.82536043	3.5686254	2.27930473	3.09945931	3.00267738	4.19631553
ENSMUSG00000049281	6.60501374	7.41869005	7.71027306	7.39965837	7.0293797	7.29971147
ENSMUSG00000040972	6.11831959	6.80186383	7.29520835	6.77118263	7.07518418	7.09977111
ENSMUSG00000098318	3.67517514	2.33112634	2.17433708	3.64133259	2.68258976	3.45514705
ENSMUSG00000103301	4.27557919	5.07701518	1.68241417	2.09171285	3.19295801	3.10328278
ENSMUSG00000059456	9.76799938	9.13304717	10.03429914	9.44468099	9.6675107	9.78369738
ENSMUSG00000107148	5.18776582	2.34116683	2.62350283	3.6060502	3.19688749	2.31333037
ENSMUSG00000025221	5.06797877	5.49931777	6.01945787	6.1676651	4.15542268	5.96239252
ENSMUSG00000051111	6.38848214	6.77986265	6.54476954	7.75995385	5.96505449	6.80047008
ENSMUSG00000007021	6.74475157	6.25597186	7.35093744	7.15091911	7.17210692	7.0128477
ENSMUSG00000030854	7.10766673	7.12341585	7.62439897	8.09746491	5.4121315	7.102314
ENSMUSG00000036760	5.34253868	4.58768238	4.68591548	4.68566367	2.63864163	2.38470828
ENSMUSG00000085816	4.63473165	2.32607981	2.05833141	2.06448203	2.66953905	4.40853128
ENSMUSG00000021852	3.25695176	4.74446163	4.83273942	4.60361595	5.28773674	3.0218614
ENSMUSG00000055567	8.73852123	8.50503607	9.27590778	9.16444195	8.52709128	8.89085128
ENSMUSG00000037126	7.75146073	7.16894588	8.51745681	8.63912891	8.2190673	8.11714088
ENSMUSG00000004933	7.36469394	7.59152895	7.66909038	7.21239746	7.16969814	6.79638093
ENSMUSG00000021730	5.41312986	5.06271199	6.18675239	5.59867291	7.4913259	5.93754247
ENSMUSG00000032495	2.6559749	4.98059055	2.81919885	5.18958388	6.21546701	4.12288125
ENSMUSG00000059187	5.57459697	5.24936502	5.9414011	5.8429771	5.65989049	4.86376948
ENSMUSG00000027584	6.03742294	5.67499104	5.82473759	5.30571496	5.69358404	4.39279906
ENSMUSG00000079157	6.63632545	6.47064184	7.31718075	7.12720105	7.27438309	7.22743001
ENSMUSG00000016179	4.46666107	4.5197821	4.36360786	3.72886289	2.68639029	3.91558848
ENSMUSG00000036095	8.14060641	8.28614131	8.45412077	7.93394054	7.806537	8.09430619
ENSMUSG00000102992	3.34674423	5.58219996	2.79866531	2.0727844	4.48957278	2.38453721
ENSMUSG00000035681	6.43211899	6.16274135	6.7701323	5.96332696	6.24788523	6.68896714
ENSMUSG00000027568	4.02543063	2.73801503	3.45032642	2.8022726	2.67194286	3.40324212
ENSMUSG00000102257	4.1537092	5.61432797	2.75153819	2.10800048	2.67226388	3.58086054
ENSMUSG00000097545	6.965425	7.33796147	8.18793314	8.44936666	9.64435311	7.1028892
ENSMUSG00000038917	5.42607372	4.07683181	2.26658458	2.57609178	3.21025021	3.77422623
ENSMUSG00000079550	5.09450068	5.2837561	2.99352264	4.25118828	8.05730624	4.04208667
ENSMUSG00000063142	7.97841309	8.38813301	8.76228829	8.52819791	8.36394814	8.36238487
ENSMUSG00000103596	5.94188963	3.78798392	2.98434204	3.45886453	3.57958984	3.10380346
ENSMUSG00000073008	2.82102529	4.3930048	1.94131009	3.0459094	2.8432762	2.397002
ENSMUSG00000030226	7.86410842	8.54178963	8.94356221	8.74379601	8.5606924	8.06791583
ENSMUSG00000102508	3.62509072	3.93546973	2.88667573	4.34071223	2.78861411	3.85374606
ENSMUSG00000002068	4.28737061	4.77961757	5.02467866	4.40324464	4.38184199	5.47398475
ENSMUSG00000047692	2.27565721	4.96453809	1.67895995	2.77311674	3.90755556	3.42477087
ENSMUSG00000071753	6.39620354	5.69148506	5.80014977	5.30465739	4.59845678	4.10923973
ENSMUSG00000097672	4.54510383	5.51582324	2.2751318	1.81182738	2.63619147	3.81771629
ENSMUSG00000105542	5.13443982	3.76344648	2.0611598	2.57420049	3.17506272	3.80247238
ENSMUSG00000103613	3.25190005	4.96262681	2.26004606	2.23354843	2.61207094	3.28806173
ENSMUSG00000105461	4.5271168	4.19084824	1.72473508	2.14472484	3.47971609	2.34580103
ENSMUSG00000074968	5.78651934	6.3534832	6.37466104	7.23088556	5.95200949	6.05220551
ENSMUSG00000019775	6.71183854	6.40714477	6.92496124	6.50562655	6.26651218	6.29433881
ENSMUSG00000029304	12.03155096	9.08858368	6.69985772	9.126181	10.44065737	10.15389335
ENSMUSG00000031391	7.74608335	7.70010905	8.03058256	7.65570599	7.83103694	7.55427223
ENSMUSG00000060924	8.05495276	8.43427047	8.4487791	8.11318497	7.30359952	7.8022856
ENSMUSG00000104708	5.22847359	3.45991858	2.01710876	2.94912329	2.48749354	2.42087122
ENSMUSG00000048758	7.50379922	7.61971053	7.87094306	10.07853933	11.28481872	7.81556995
ENSMUSG00000058925	5.45465665	3.69798246	2.04049899	3.49703115	3.82402811	2.33907085
ENSMUSG00000085201	2.97020497	2.3474688	1.88807258	3.11062433	2.63990239	2.81203785
ENSMUSG00000048895	8.56667376	8.50037649	8.97511265	8.53014337	8.70345046	8.43816231
ENSMUSG00000027221	8.65114923	8.33627248	8.9631853	8.21240883	8.90713973	8.84288336
ENSMUSG00000064147	4.59589573	3.53698607	2.31624307	4.10612029	3.539398	2.33738183
ENSMUSG00000105708	2.237463	3.75372816	1.69241423	3.62884595	4.09803012	3.39848028
ENSMUSG00000064330	3.11155296	3.84705255	2.13031695	2.45185094	6.07870878	2.3212556
ENSMUSG00000046167	8.81562316	5.88245053	4.4667565	4.70020052	6.7950446	7.95452669
ENSMUSG00000004031	7.458758	7.70260092	7.72006177	7.25256901	7.11509122	6.8595172
ENSMUSG00000044641	3.60121374	2.30329971	4.030287	5.25747817	6.48684513	4.3492276
ENSMUSG00000031409	5.55224155	5.77465999	6.00451741	4.88320241	6.10327608	5.87374078
ENSMUSG00000043498	5.96442871	5.44735904	6.35043389	6.70927608	5.5579742	6.38929792
ENSMUSG00000086495	4.93976692	3.72358091	2.05380555	3.79660374	2.64921936	2.35578613
ENSMUSG00000090118	2.29631041	5.11358813	2.70655042	2.78500633	3.13067968	2.75919077
ENSMUSG00000039372	5.218429	5.76046309	5.32212361	4.98458747	3.65148767	4.02368236
ENSMUSG00000068428	5.77814148	4.17489485	2.49485825	2.86219902	4.33664882	3.96312741
ENSMUSG00000017723	4.42781757	3.43471941	1.68846774	2.38722738	2.65267342	3.19595004
ENSMUSG00000003872	5.26316007	5.39126047	5.28975762	4.8326408	5.10468832	4.02878624
ENSMUSG00000070304	7.94159818	8.84754881	8.64392183	8.575635	8.34611026	8.9423514
ENSMUSG00000022375	3.88991427	3.42114727	4.02106688	2.70626703	2.77464448	3.88843473
ENSMUSG00000094840	3.40194608	3.26747484	3.27984877	4.22792122	3.60013846	3.43135971
ENSMUSG00000008193	2.179528	3.79880606	3.1676031	4.51979274	4.48656141	4.35806236
ENSMUSG00000024673	2.20978013	3.18543326	1.67967749	3.09571961	4.23486987	2.36684112
ENSMUSG00000084088	4.1204581	2.3677251	2.3701443	1.84536802	2.61973364	3.04687049
ENSMUSG00000029755	2.22921722	4.11429983	3.18908637	3.60486666	2.71203909	2.46045748
ENSMUSG00000037541	8.25365325	8.41407948	8.96476987	8.90691212	8.43966169	8.41890636
ENSMUSG00000024524	8.06270525	8.4185389	8.7862974	9.04105263	8.65975003	8.54639575
ENSMUSG00000034799	8.97974902	8.99454637	9.3391277	9.09726873	9.08739474	8.90135098
ENSMUSG00000022829	6.85553861	7.29615941	7.62725639	7.36926613	7.55008387	7.26592594
ENSMUSG00000082931	5.12583801	3.8692122	2.4734741	2.06922115	3.25746588	3.44020974
ENSMUSG00000044024	7.00909197	6.77286172	7.27811831	6.8816432	7.12188099	6.6635462
ENSMUSG00000039717	6.1130253	4.73014252	5.68580718	5.14875678	4.88855231	5.61780808
ENSMUSG00000099759	5.51291598	4.32595617	1.90406156	4.27969468	4.16698813	2.78388123
ENSMUSG00000049148	4.97595989	5.54064628	5.55416199	6.08681178	4.72439484	5.17725748
ENSMUSG00000034584	4.68249822	3.0782006	4.17719519	3.46032296	3.84543566	4.26436089
ENSMUSG00000087624	4.41085015	3.13193542	1.69801704	2.3976264	3.1878925	2.81589844
ENSMUSG00000026787	7.32293263	7.32878393	7.90766086	8.0244083	5.74889507	7.52143976
ENSMUSG00000064329	7.00688712	7.2613133	7.28092798	8.06299909	6.61480055	7.2580807
ENSMUSG00000003469	8.44935202	8.32015254	9.70788305	8.29397612	8.6740843	9.41848502
ENSMUSG00000040412	6.50594819	6.47349689	6.52525986	6.4273273	4.34944452	5.72274311
ENSMUSG00000040797	8.48827418	7.52053247	8.36373642	8.14643482	7.83862644	8.33138422
ENSMUSG00000083856	2.22727101	4.22576757	1.9303382	2.64321685	2.64234502	2.43541897
ENSMUSG00000034472	5.68757063	6.85193931	6.50372898	7.46201062	5.7781358	6.62560704
ENSMUSG00000045009	5.32988014	5.95387678	5.88352938	5.79032599	5.21010493	6.48137603
ENSMUSG00000106905	4.32567422	2.74236217	3.99762092	4.9796148	4.5164307	4.12679825
ENSMUSG00000034098	5.50078073	5.47058708	5.62644527	5.05622741	5.3059926	4.99046811
ENSMUSG00000038026	7.49679999	6.35512258	7.31993232	6.75762912	6.62493813	6.55174299
ENSMUSG00000043388	8.68521972	7.70241535	8.03487285	7.59060526	6.29361704	7.26738576
ENSMUSG00000064337	10.6404273	8.28168668	7.56841781	9.11711719	14.3050983	10.13422901
ENSMUSG00000027559	4.85200802	5.18461863	2.82766527	5.26699608	5.46390634	3.06560458
ENSMUSG00000103092	4.68273352	5.24078246	4.02821219	5.2454974	4.58323386	2.38198487
ENSMUSG00000046480	5.89406828	6.91036261	6.49064058	7.58892457	6.62499924	6.33083167
ENSMUSG00000021613	4.03112884	4.58192393	5.12511074	5.10782714	4.45422876	5.14920916
ENSMUSG00000014813	4.17333205	4.73297298	3.7865036	2.74347725	3.19116398	2.7707522
ENSMUSG00000021848	6.04359782	2.78102028	2.7808066	2.88483463	6.2360476	3.58508632
ENSMUSG00000091002	4.61471298	4.36691306	3.90020217	5.23961233	3.85263923	4.184153
ENSMUSG00000001986	9.10392857	8.63284601	9.34261583	8.46338312	9.16391004	8.24609496
ENSMUSG00000090293	6.48867213	3.87658132	3.04574124	3.03753973	4.90910372	5.02022321
ENSMUSG00000028546	6.6895999	6.48357597	6.83114359	6.84509673	6.23528478	6.53744455
ENSMUSG00000083183	4.96022527	5.97096512	2.44913044	2.59533109	4.15977015	3.16579101
ENSMUSG00000029245	6.99329306	7.35486316	7.57712562	8.24132301	7.52690594	8.30248526
ENSMUSG00000102359	4.39986475	3.05845725	2.04946966	1.81424323	3.25981914	3.15207848
ENSMUSG00000083796	6.7278795	5.65780782	2.73486391	3.46495052	4.29723068	3.71454257
ENSMUSG00000058975	7.85848646	7.28131523	7.86643087	7.52207105	6.96981281	7.58299292
ENSMUSG00000075316	6.68651247	5.00202314	3.29180712	2.43457835	4.36246539	3.28073319
ENSMUSG00000035202	10.85951474	10.84197443	8.21998982	10.11920669	14.48914049	11.81940564
ENSMUSG00000097929	5.550045	4.69329089	5.29841399	4.57842375	4.52152117	4.7567402
ENSMUSG00000022269	3.68255622	4.30151736	3.7180664	3.05844336	3.32400417	3.06126351
ENSMUSG00000024403	8.1375423	8.31277093	8.74496871	8.26417934	8.8881438	8.46585584
ENSMUSG00000025855	9.66066173	9.23081472	9.7520965	9.14470006	9.60928235	9.95379632
ENSMUSG00000025738	9.31098804	9.87746558	10.30639875	10.25153924	10.10860884	10.07684238
ENSMUSG00000037492	5.63001076	3.84749154	5.42168827	5.7071216	4.74813693	5.2505546
ENSMUSG00000031138	5.36740604	3.2006023	1.99449939	2.46752836	4.69853918	5.2088909
ENSMUSG00000097399	5.33602472	3.38869161	1.90302789	3.0636936	4.44039893	3.85210859
ENSMUSG00000072688	3.97760054	4.12418587	1.91641262	3.9621917	2.68426393	3.65598563
ENSMUSG00000073779	3.83353399	4.01217179	3.90691733	4.5467667	2.69047654	3.78722684
ENSMUSG00000086499	4.86077379	3.702347	2.05607672	2.08548785	4.50414025	2.36628916
ENSMUSG00000050377	4.88560397	4.97436532	2.52032562	4.87503707	4.35960883	3.10875076
ENSMUSG00000042425	3.52848422	2.3205551	3.26261259	3.53731719	2.71165865	3.10139399
ENSMUSG00000062393	5.34774031	4.59523776	3.01912957	2.06998375	3.06922967	2.30048944
ENSMUSG00000104200	4.4414706	5.14800685	1.68230037	2.93934953	2.62863597	2.38678278
ENSMUSG00000094226	3.35179528	4.99183782	1.68704794	3.71410094	3.23192421	3.16883868
ENSMUSG00000084390	6.84702215	6.15349247	3.21869175	3.56440983	2.69060917	4.58306396
ENSMUSG00000098202	4.66973905	4.61956384	4.53354577	4.58791513	2.64071933	3.95598058
ENSMUSG00000092103	6.28393621	5.1138533	2.88699836	2.84914083	4.34630354	4.19586219
ENSMUSG00000099472	5.00829906	5.52199758	1.91036889	3.00242347	3.09114876	2.32796656
ENSMUSG00000035504	5.82961481	4.87443866	4.41871186	5.32043405	9.36922462	5.5726104
ENSMUSG00000022054	6.72249426	7.0527986	7.6026559	6.69849466	6.29221159	7.35069812
ENSMUSG00000037474	4.25895412	5.08489731	4.88035823	4.95013585	4.74760912	4.05027441
ENSMUSG00000078144	3.45066505	5.68112824	2.54842168	2.67231538	3.91178711	3.92779196
ENSMUSG00000072672	4.76673788	3.33959537	5.41668516	5.16432922	6.73245651	5.23200726
ENSMUSG00000051452	2.59360797	2.89312601	1.68120045	3.12266728	2.68666535	3.79695575
ENSMUSG00000027073	4.3225649	4.36075134	2.0417159	5.30549108	6.47725316	7.33525824
ENSMUSG00000106710	5.11704499	2.31507708	1.70735595	2.97590329	4.50208271	3.76884726
ENSMUSG00000087579	3.80536725	3.73607977	3.28634146	4.9108096	5.48820913	4.2290034
ENSMUSG00000045441	4.0468766	3.72019554	4.32060116	4.56869918	4.32504732	4.09342373
ENSMUSG00000048355	4.12185675	4.07519267	5.18485073	5.65344177	5.86176774	5.58940467
ENSMUSG00000022362	5.10965994	4.17919642	2.80565926	5.19134978	4.35095492	5.10315324
ENSMUSG00000074817	5.69439768	4.74774957	2.33486188	2.89948649	4.00398492	3.17704767
ENSMUSG00000026825	10.27366287	9.89736383	10.37724558	9.93434618	10.46089027	10.23472999
ENSMUSG00000004113	8.16988692	7.64144425	8.11571785	7.98948716	7.55497291	7.94206661
ENSMUSG00000026312	6.21301269	4.34678524	5.65965865	4.60585348	5.46737767	5.44319746
ENSMUSG00000071716	5.38611922	3.33098005	2.29610012	2.66653766	4.83980302	3.38438348
ENSMUSG00000042750	7.38959062	6.8943261	7.5522728	7.43241506	7.13687002	7.12042483
ENSMUSG00000040364	4.46314021	3.83094961	2.77930456	4.81035521	4.80363269	4.6843011
ENSMUSG00000066677	6.87247919	3.31557422	3.01045048	2.82214391	6.03591942	5.88680647
ENSMUSG00000056643	4.6206653	2.79155195	2.29245755	4.09170772	3.88888185	3.58911511
ENSMUSG00000097915	2.99809523	3.67983901	4.21350995	4.21109767	5.18720818	4.29082502
ENSMUSG00000034687	6.84805049	7.47945941	7.50109091	8.14346372	7.48085264	7.23233
ENSMUSG00000006235	4.02168629	4.30097712	4.1632222	4.25953999	4.46953251	2.79050179
ENSMUSG00000028931	8.38590265	8.61048543	8.92346416	8.77042717	9.12202392	8.93752201
ENSMUSG00000105500	5.2406942	4.89281598	2.14630983	3.05183916	2.66030076	3.83204009
ENSMUSG00000055629	6.7385561	6.27743851	6.64603682	6.16424371	6.0655219	6.67675058
ENSMUSG00000062961	5.24844256	5.23320392	5.55266464	5.61854912	6.11815313	5.05692232
ENSMUSG00000103738	2.29150413	5.19284849	2.38545779	3.19524815	2.69074762	3.57923831
ENSMUSG00000025983	4.4949051	2.33201587	2.4329803	2.0733651	4.08431312	2.35436182
ENSMUSG00000107358	4.50716891	5.01982539	2.36927375	1.84341034	2.69153409	3.15876777
ENSMUSG00000026202	8.57393631	8.63185072	8.97987475	8.48305208	8.75532125	9.34351536
ENSMUSG00000052026	6.5152268	6.97170958	6.86025212	5.98209378	6.28381925	6.70881588
ENSMUSG00000076617	9.52283989	8.74199702	6.0059752	9.91148176	11.08700636	12.5183801
ENSMUSG00000104178	4.24253488	3.51142882	3.99416232	3.28774218	3.17793481	4.22797268
ENSMUSG00000042200	4.1898218	3.2841642	2.7272902	4.16849631	3.42036183	3.41408054
ENSMUSG00000031343	7.57413944	6.60537706	7.53884298	7.36501799	7.72271348	7.31999197
ENSMUSG00000008932	3.14737185	4.15369707	2.03475054	2.47140445	6.14623038	3.08013859
ENSMUSG00000094286	3.10471591	3.42615921	2.43316619	3.47635945	2.63319498	2.46104304
ENSMUSG00000093628	2.96912041	4.70707329	2.27574867	2.26265597	3.23705737	2.35378993
ENSMUSG00000022756	6.79024689	7.10264079	7.19548162	6.64358832	7.44318422	7.26103378
ENSMUSG00000072621	6.46586656	4.23620163	3.20068238	2.68931972	5.02416799	4.87165813
ENSMUSG00000045318	5.21523628	4.98899406	5.08304755	6.08528976	5.3539136	5.12401198
ENSMUSG00000039252	6.76858927	7.23135833	7.01268778	7.81953051	6.63793461	7.09294004
ENSMUSG00000106133	2.28128025	3.29141164	2.70290792	1.81518795	2.65977383	3.44978285
ENSMUSG00000053693	6.95599807	7.0684352	7.12551594	6.57745931	6.90167146	6.9678797
ENSMUSG00000080937	2.27088462	4.29618083	2.06171349	1.81629393	4.08265114	2.36557048
ENSMUSG00000048001	3.89777785	5.02223818	4.61248828	5.31527845	3.67982884	4.96482697
ENSMUSG00000021596	7.44267269	6.83035174	7.45485832	7.37734609	7.51051289	6.85665349
ENSMUSG00000048834	6.62876463	6.90987587	6.69880121	6.29955164	6.62303329	5.37949958
ENSMUSG00000021194	7.09980229	6.56816528	7.21481221	7.43742112	7.19473264	7.01459794
ENSMUSG00000018930	6.31299712	3.06457309	2.47040562	3.51019644	4.97331486	5.62404684
ENSMUSG00000041141	6.98918195	6.73329674	6.93579437	6.54210454	6.41356848	6.33606209
ENSMUSG00000048304	7.05276359	8.28825743	7.43898891	6.97374319	6.84406514	6.71478601
ENSMUSG00000097391	6.43760904	6.84123845	6.59969074	6.56568064	6.20789154	5.15890388
ENSMUSG00000073514	5.58162345	5.77677538	6.20824352	6.43551144	5.94468959	6.44645851
ENSMUSG00000031722	2.24204848	5.45835716	1.70771854	3.71047222	5.23652829	2.87147635
ENSMUSG00000032528	5.41564231	5.27564108	5.40279459	5.33785415	4.47892281	5.03937076
ENSMUSG00000104581	5.00137631	2.76690379	2.62815513	3.58358742	3.25601393	2.3783693
ENSMUSG00000103999	5.08305871	4.86826942	1.70606711	2.67556792	3.18919959	3.67765855
ENSMUSG00000032011	9.50155739	9.40480709	9.63886361	9.12822198	9.61006329	9.56424216
ENSMUSG00000056427	6.6702463	6.81360669	6.81679609	7.20355846	7.70066032	6.50198723
ENSMUSG00000090255	2.61950858	3.87220009	3.33871099	3.18466542	3.23960979	2.78698413
ENSMUSG00000102665	2.61591657	4.36698587	3.01862544	2.07996186	2.71955882	3.09096132
ENSMUSG00000090066	4.84721023	2.32970049	3.54527947	2.97586369	3.61893246	3.4091476
ENSMUSG00000023345	5.74371912	4.84822052	5.0766398	7.03919191	7.59978584	5.80524796
ENSMUSG00000046204	7.00265909	7.11499162	7.14827106	6.55853205	7.18131628	6.99124932
ENSMUSG00000044556	3.48435215	5.15703232	2.06513613	2.83121976	3.51035981	3.06333422
ENSMUSG00000035576	5.0016262	4.21851995	4.33708129	4.51885747	2.78554878	4.12137752
ENSMUSG00000056812	8.03143508	7.20109615	7.45837628	7.14708061	6.34666121	6.50321252
ENSMUSG00000032773	8.36909295	8.35214631	8.58890043	8.17824902	8.47768983	8.4370163
ENSMUSG00000032776	6.13255911	4.95756018	4.53360086	3.3473116	4.49880456	3.82856327
ENSMUSG00000080731	3.81614748	5.81942087	2.49031376	2.6748331	4.51259862	2.85954808
ENSMUSG00000103694	4.4764136	6.03857366	5.29233471	5.80167067	4.31795957	4.43246681
ENSMUSG00000083359	3.38870383	2.31392914	1.90643441	3.04846337	3.24425207	2.37705766
ENSMUSG00000054034	5.53477037	5.58732904	5.75417049	5.1546557	5.8686331	5.78772175
ENSMUSG00000083104	5.85313017	4.90442969	2.63170989	3.29369525	3.55066615	2.89823419
ENSMUSG00000026725	3.22191041	4.53160415	1.88737962	2.10680946	3.17613988	2.77435665
ENSMUSG00000086496	4.6929186	3.06415109	4.23479888	4.72304344	3.83997036	4.34378358
ENSMUSG00000030500	4.87317766	4.88588778	5.06309968	4.31699623	4.26863685	5.49588962
ENSMUSG00000022518	2.6239565	5.42957728	2.34483987	2.81427537	4.99495492	2.79965376
ENSMUSG00000022696	6.18499426	7.78535678	7.08006503	6.83577739	7.79044722	5.57562736
ENSMUSG00000030043	4.27548188	3.0591426	3.72096301	3.48566992	3.20789445	3.4333815
ENSMUSG00000095040	2.72835816	2.63012088	2.67245573	2.15461625	3.57981976	2.37192195
ENSMUSG00000089663	4.58342703	4.85067197	3.30529239	1.80323127	2.72985257	2.38416669
ENSMUSG00000015340	11.06362351	8.43639858	6.65560037	7.53927843	8.73398072	9.58531792
ENSMUSG00000028137	7.95319449	7.65628995	7.91122603	8.02996318	7.46547366	6.86395062
ENSMUSG00000063626	7.30837142	4.68564528	6.56812084	6.00235276	6.39584848	5.86619563
ENSMUSG00000057378	6.81225215	7.19614802	6.99874221	7.70092805	6.69889058	6.99867598
ENSMUSG00000038115	3.12981097	4.07320165	3.68573121	3.48567156	6.92583598	2.35161838
ENSMUSG00000043592	2.28445431	2.32098309	2.28341273	3.21725843	3.52718584	2.79015717
ENSMUSG00000041986	7.67187832	7.01550887	7.77139399	7.48113679	8.0629986	7.62665168
ENSMUSG00000095306	5.35364843	3.8772796	2.68444153	2.41786464	3.60682125	3.38715875
ENSMUSG00000003279	9.59022679	9.8302633	9.91952029	9.59226475	10.07049677	9.93092999
ENSMUSG00000030525	4.44484271	4.04064562	4.83510261	4.14107126	5.52945077	4.76356083
ENSMUSG00000022129	5.82035851	3.37371332	2.66448775	3.16319555	5.93979183	2.81623664
ENSMUSG00000083849	3.36623458	4.16692968	2.7452766	4.1096654	2.65753191	3.81246835
ENSMUSG00000085218	5.1684433	3.65241261	2.5033987	2.80856755	3.90289632	3.30452683
ENSMUSG00000059857	5.63142014	5.17398732	5.32657052	6.23871412	4.83052598	5.50882555
ENSMUSG00000020673	5.09868479	3.12645487	1.88043061	2.38988333	5.7602231	3.30740495
ENSMUSG00000020264	5.21828064	4.93307994	3.0629831	5.05163955	4.79799642	3.41866241
ENSMUSG00000026527	5.98527437	6.92023579	6.88975086	6.6042948	6.95008203	7.36426969
ENSMUSG00000081816	2.24517111	4.9872392	2.98713484	1.84070837	2.69333884	4.52504502
ENSMUSG00000102312	2.97797586	3.7745848	3.84239374	3.96840022	3.534962	4.20773558
ENSMUSG00000045967	7.9209158	7.91522869	8.01158111	7.91871514	7.15999268	7.74335402
ENSMUSG00000104493	5.30529499	4.49424662	2.34299502	2.02853387	2.71911529	4.49526287
ENSMUSG00000086739	3.58769503	5.10205528	4.57286482	4.77253342	4.27160106	4.56778768
ENSMUSG00000097767	10.27373274	10.13778146	10.12926272	9.75061756	9.96114103	9.40241969
ENSMUSG00000103320	2.65971884	4.22516248	2.41394707	3.908312	3.89278617	3.0843475
ENSMUSG00000041923	6.46115622	6.83686489	7.01874709	6.59862348	6.93001835	7.2220853
ENSMUSG00000086997	4.19028287	2.37912691	2.70909276	2.25661463	3.23764177	2.335211
ENSMUSG00000100929	4.22925691	2.30420131	1.67055871	2.2987868	4.86960088	2.92307027
ENSMUSG00000064225	6.69405283	6.64623278	6.99784527	6.28778636	6.93579292	6.97859721
ENSMUSG00000058755	5.90450531	4.42029605	2.43304917	3.00525592	5.06336448	2.78427565
ENSMUSG00000022221	5.85394733	3.98267542	2.50759744	2.89200194	5.10681852	3.93334651
ENSMUSG00000040118	9.12561392	9.2509314	9.34974952	8.78060388	9.61315968	9.14288019
ENSMUSG00000105789	2.26133374	3.35834089	2.15456475	3.16077822	3.22424155	2.36136636
ENSMUSG00000057074	4.76520655	2.75142594	1.90164968	2.1019166	4.5078224	3.93075004
ENSMUSG00000003948	7.98778372	8.48534274	8.06543712	7.63916844	8.71573795	9.11279224
ENSMUSG00000039539	3.59007459	3.09274493	3.37353014	3.72989781	3.56141064	2.77115445
ENSMUSG00000103255	5.79008092	5.04184082	4.48184779	2.78178121	2.70129473	4.78356185
ENSMUSG00000102816	4.33048212	4.76227215	3.82520913	4.7166654	2.70802483	3.53302329
ENSMUSG00000026610	4.78550503	4.95471627	5.28845583	5.55390373	5.43445449	5.21483052
ENSMUSG00000039629	6.4356576	7.49262372	7.08339416	7.58830931	6.59648637	6.67027595
ENSMUSG00000070336	5.29048251	3.06102553	2.80359096	2.29836955	4.46443505	3.80265387
ENSMUSG00000103751	4.87535787	4.90056084	2.07644705	1.8268304	4.49784019	2.75989242
ENSMUSG00000050321	6.71656462	7.43631544	7.07058866	6.7709832	7.34005652	6.67126991
ENSMUSG00000052516	7.46085178	7.54998274	7.82525939	8.48007972	8.15781775	7.85292566
ENSMUSG00000102619	4.61244346	3.80031004	2.38388722	1.83176091	2.60556741	3.43486079
ENSMUSG00000048142	8.91563542	8.69462367	9.06356408	9.07218651	9.05659257	8.90920324
ENSMUSG00000086356	2.96456121	4.03047713	2.38189598	3.80453689	3.86385885	2.79462691
ENSMUSG00000106004	5.34876252	3.84298671	2.17317942	1.76560823	3.41873209	3.69216735
ENSMUSG00000082154	2.95040079	2.32325532	2.76866668	2.41797295	2.68499878	2.85201745
ENSMUSG00000028834	3.58624262	2.78714897	2.17299462	3.73180421	4.8908751	3.5909856
ENSMUSG00000085779	4.33355012	4.15666395	4.0973875	4.63273955	3.55688604	4.33642756
ENSMUSG00000104874	3.948432	6.05438882	3.08898722	2.99115626	3.23782626	3.9522476
ENSMUSG00000047428	5.21631939	6.13188537	5.43697099	4.3741224	4.64127215	5.59490763
ENSMUSG00000105717	4.55714147	5.22973921	2.05826648	2.82722522	3.21596567	2.77326998
ENSMUSG00000024793	4.32114966	3.44872944	3.56828667	2.90219738	3.09083317	3.59871536
ENSMUSG00000106290	5.2391038	4.09910161	2.05633109	3.3060519	3.88853739	2.36254017
ENSMUSG00000028488	7.9358172	8.60369421	8.69560564	8.13070188	8.15784331	7.79646399
ENSMUSG00000078129	3.1499008	3.13168449	3.18062726	3.76633488	3.61477921	3.09147033
ENSMUSG00000047904	5.1401407	3.53583752	4.77639849	3.97158731	4.55553853	5.15611643
ENSMUSG00000087439	4.0521691	3.33907627	1.70094222	2.28586523	2.67036901	2.81004127
ENSMUSG00000087593	2.87776556	2.32701997	3.00374454	1.84280958	3.85510834	4.38772623
ENSMUSG00000104122	5.25407227	4.77827897	2.56607866	3.06958037	2.61507083	2.41629262
ENSMUSG00000106943	4.85922758	6.51096792	3.16857882	2.67224963	3.79862692	4.93287707
ENSMUSG00000055214	2.9150447	3.92386257	3.07156473	4.24872841	2.69927786	4.74768631
ENSMUSG00000092268	4.33508591	3.46287212	1.61635919	4.23449662	3.55471966	4.75027038
ENSMUSG00000037217	9.08193566	9.60654749	9.61523329	9.3760958	9.71257081	9.56523031
ENSMUSG00000028351	7.31761627	8.25547835	7.97827984	8.28933999	8.26261082	8.01976021
ENSMUSG00000081104	3.34286761	5.50851669	2.1480095	2.33036374	4.90940409	3.10250906
ENSMUSG00000082686	4.32191473	4.14211433	1.72025197	2.62412531	2.74541276	2.76029665
ENSMUSG00000034413	6.73346345	7.51996027	7.61749982	7.54285915	6.76220793	7.89768383
ENSMUSG00000027016	3.56553953	4.41290647	4.7850843	4.73376685	5.64388668	5.57576796
ENSMUSG00000033419	8.37799813	9.23820969	8.99133128	8.20869799	9.10291038	8.81479032
ENSMUSG00000020808	2.24591414	3.12892086	3.15671903	2.78868779	2.66627104	4.66603808
ENSMUSG00000106646	4.23686366	4.15572775	2.61882177	4.54393839	3.89849083	3.02621584
ENSMUSG00000105826	4.65404454	2.80064084	1.89980285	3.26936322	3.23983849	3.60598812
ENSMUSG00000032373	7.54428629	5.19285866	5.22301984	3.94122055	5.601606	5.54912793
ENSMUSG00000102037	7.02566667	4.03983437	3.07911271	4.3196917	5.73928074	4.30341075
ENSMUSG00000024675	6.13158945	4.20811908	4.21536949	2.92376629	4.32277436	4.76919338
ENSMUSG00000010592	4.50815379	2.9896371	3.0532371	2.28340367	3.24525566	2.20146496
ENSMUSG00000039883	2.22687401	3.79111209	2.76199203	4.33531293	5.2641123	3.70059762
ENSMUSG00000103403	3.16810033	3.34815242	2.99925895	4.00572042	3.23204206	3.73665415
ENSMUSG00000097344	4.76150919	3.14951077	3.42516828	3.760238	2.71235484	2.32362763
ENSMUSG00000104284	4.23511468	4.12035257	4.10541148	4.43944897	3.8461364	3.65840459
ENSMUSG00000024172	6.73225825	6.45237379	7.02254652	6.90158347	7.04766323	7.30636393
ENSMUSG00000087349	2.92240266	5.04038266	2.93130467	2.06765485	3.16362955	3.44737965
ENSMUSG00000033520	4.72738237	3.1101862	2.16172933	2.85437798	2.62965063	3.64195231
ENSMUSG00000100815	5.91361308	4.49711513	2.80879739	2.8738477	3.87640723	4.67304823
ENSMUSG00000048385	7.19036322	6.80133419	7.32334365	7.53183937	6.92009082	8.00335624
ENSMUSG00000104912	2.19113785	5.43763137	2.24133105	3.79024862	4.73188724	3.32698927
ENSMUSG00000097381	5.44858637	4.07727495	3.17923533	1.90604006	3.7361732	3.30306003
ENSMUSG00000050711	8.66803837	6.92856001	7.42935051	7.27271007	6.20709926	7.068697
ENSMUSG00000102709	2.72377303	2.37848832	2.7241761	2.05395986	3.82389193	3.15693859
ENSMUSG00000104149	3.49540563	3.08541072	3.09646988	2.60525998	2.64825678	2.77938629
ENSMUSG00000025318	8.30281486	8.47323358	8.29885147	8.5129375	8.55098572	8.81244432
ENSMUSG00000051703	6.65958546	6.79376903	6.20273762	5.74904727	6.16545312	5.83349004
ENSMUSG00000039419	6.89164826	7.52529022	7.62441554	7.27612537	7.8134121	7.54013375
ENSMUSG00000002489	8.62796182	8.85789029	9.08918826	8.86735714	8.9408474	8.58278559
ENSMUSG00000061578	7.69947877	8.15354271	7.88233942	8.02431974	7.59714193	7.5565834
ENSMUSG00000052392	4.69838333	3.30585714	3.32721319	2.82628371	2.71908534	2.78968451
ENSMUSG00000105224	4.28088092	2.40975566	2.32686577	2.09714111	3.84466328	2.22711943
ENSMUSG00000041608	4.70806912	4.40975284	4.03452049	4.8134402	3.22451962	3.93277923
ENSMUSG00000092183	3.54222202	4.04263071	1.71625186	2.08470901	3.54973835	4.93081901
ENSMUSG00000056486	9.88215061	10.13553524	10.29264998	10.02606831	10.58968049	10.41295879
ENSMUSG00000092604	3.95178013	2.31156244	1.90146587	3.58723355	4.12455147	3.30309869
ENSMUSG00000023045	4.69693481	3.43639975	1.88059523	2.83147111	2.72359974	3.30526723
ENSMUSG00000081854	4.45524038	5.09170487	1.77886282	3.17105832	5.59852941	3.01086706
ENSMUSG00000000305	7.11827554	7.49680343	7.0110751	5.63097649	7.30570873	6.98425531
ENSMUSG00000030898	5.89734606	6.08969284	6.39429344	6.22075882	6.65275114	6.60684519
ENSMUSG00000094910	8.10441715	8.45544542	8.37308255	8.60141214	8.29455207	8.29787986
ENSMUSG00000066682	2.91427538	5.92525261	2.79923287	3.44910189	4.14264753	4.06590767
ENSMUSG00000102938	5.45292992	4.74947409	4.56402709	3.72886688	5.45020006	3.7699447
ENSMUSG00000103216	4.03525337	4.87927242	3.4588755	2.06271267	3.49001016	2.51771375
ENSMUSG00000005202	4.66279468	4.46236718	2.63489632	4.58538427	3.40648688	3.1877327
ENSMUSG00000086308	2.95161989	3.87983155	2.68527003	3.64009233	2.6702297	2.82805466
ENSMUSG00000091510	3.79342573	4.15985679	3.45201108	4.21159838	2.76050555	3.30539553
ENSMUSG00000091575	5.72563692	4.13106044	2.39383609	2.41705056	5.33474411	4.14145241
ENSMUSG00000027820	3.36846488	5.59552905	3.57499545	5.22002862	4.81577324	4.4893037
ENSMUSG00000103310	5.09890631	5.36475165	5.01996218	4.1559993	3.62784912	5.59011337
ENSMUSG00000021057	8.70365436	8.26350428	8.0006055	8.42946817	7.17372454	7.24239625
ENSMUSG00000083745	2.66435746	2.63158907	2.77275309	3.65325942	3.96598964	3.8740345
ENSMUSG00000042254	4.76704898	9.02629959	5.8004376	5.5468157	7.52350532	6.83039406
ENSMUSG00000104108	4.32900292	5.42108163	2.04032581	2.10133981	4.13914	4.18358563
ENSMUSG00000030577	8.06751419	4.52334017	3.66920617	5.61208955	6.69746655	6.9786564
ENSMUSG00000099170	4.57695853	3.15306381	1.88310199	2.09552807	4.26880304	3.6362935
ENSMUSG00000049971	5.26172303	5.41097906	4.9526224	5.66740937	5.29336181	5.06188239
ENSMUSG00000084218	5.27614266	4.93885974	2.19316935	2.39766069	4.12587261	3.46748725
ENSMUSG00000069516	13.5457336	11.17860233	9.1267494	10.70480685	12.35320524	11.80307347
ENSMUSG00000000869	4.89251948	2.35124338	1.87044214	2.6086143	4.21005237	3.95045391
ENSMUSG00000093758	3.53834196	4.91921534	1.88016324	3.09441923	3.62545007	2.37310022
ENSMUSG00000101452	3.13650739	3.35923614	1.68673232	3.18413749	3.27188258	3.18153089
ENSMUSG00000025739	3.2164482	4.1836417	4.88698645	4.86172833	6.02687557	5.86201766
ENSMUSG00000102895	3.98014264	4.61248587	1.90605234	3.94381516	3.79862238	3.16082622
ENSMUSG00000026175	2.90005665	4.42576968	1.68934427	2.297457	2.70147981	3.57722886
ENSMUSG00000034825	7.35164414	6.2569563	6.72306365	5.9859438	6.32248971	7.00547239
ENSMUSG00000097619	4.98335654	4.70394197	1.70391711	4.34036628	3.1558483	4.47345625
ENSMUSG00000024846	2.95686513	3.11683403	3.05716553	3.64328051	3.90912898	3.15515724
ENSMUSG00000086820	3.4366741	4.699379	1.95986613	4.44152246	4.77691226	4.08345459
ENSMUSG00000038576	6.888457	8.03558217	7.95457271	7.35751616	7.92457208	8.43986375
ENSMUSG00000038663	5.79536649	5.6286002	2.42085779	2.93908913	4.21045037	3.92494335
ENSMUSG00000025938	6.68031054	4.57531359	4.26790141	6.20132446	5.65834025	4.68460077
ENSMUSG00000080972	6.62828072	5.50307928	3.31088132	3.64983658	5.1040763	4.03193124
ENSMUSG00000047515	4.3940578	5.11425104	2.40914634	1.79532376	3.6699698	2.84002293
ENSMUSG00000052749	5.08111001	2.75162334	2.58170896	2.6615459	3.95372964	3.96093376
ENSMUSG00000102951	4.67080314	5.38823776	2.61302017	1.83608612	2.65772903	3.98723528
ENSMUSG00000049097	6.58421926	5.34865034	6.20769284	6.40939983	6.34829574	6.60120067
ENSMUSG00000027335	4.04758483	3.73162924	4.00620855	3.43320709	4.37756833	4.1640222
ENSMUSG00000074505	9.66393134	9.25041671	8.98569762	10.03173972	9.25542079	9.13365355
ENSMUSG00000091993	3.46040103	3.09281073	2.50049926	3.45693496	2.60078441	3.212748
ENSMUSG00000029161	5.38594007	5.55308819	5.55601148	5.55992253	5.38103176	5.68504404
ENSMUSG00000038807	8.05149225	8.51306066	8.51614301	8.3287752	8.50153147	8.35354337
ENSMUSG00000082484	5.52336073	4.80099267	2.89551403	2.86403063	2.67910119	3.41321896
ENSMUSG00000078887	5.54603724	5.72019443	4.28053658	6.23053866	7.23492278	4.65668063
ENSMUSG00000090264	2.64421785	5.1737047	3.50738051	2.78308636	3.88105961	3.76846124
ENSMUSG00000055761	4.92999547	5.20691626	4.47492461	4.19880061	3.92087626	3.37673078
ENSMUSG00000053550	8.20711685	8.34154469	8.13461253	7.99664556	8.43908785	7.98414862
ENSMUSG00000092182	2.27676886	4.28110482	2.04431662	2.77285268	2.62645117	2.86688588
ENSMUSG00000101587	2.93032973	5.75786339	3.08951903	2.4621004	3.84317889	4.69201749
ENSMUSG00000104705	4.47884623	2.34096818	2.29087588	2.28213624	3.85926054	3.1296474
ENSMUSG00000106121	3.3462046	4.520295	2.06415633	3.9029597	3.54779483	3.81755094
ENSMUSG00000042800	2.9775772	4.91652952	2.52393928	2.43267005	2.63654405	3.5494396
ENSMUSG00000107306	2.72186928	2.95140084	2.47434479	3.18494544	2.87002281	3.51464594
ENSMUSG00000106773	2.23712549	3.59657157	2.29348904	3.11858076	2.79006147	3.0462934
ENSMUSG00000025372	8.50134863	9.20830135	8.48402975	8.62198201	8.66792816	8.85335147
ENSMUSG00000102994	3.13172432	5.69320147	2.9250523	3.16786867	4.27309621	3.18531279
ENSMUSG00000026715	4.16158415	6.46627185	3.08058829	2.69225017	4.04090095	5.31061451
ENSMUSG00000000308	7.87748963	7.02689327	7.48087605	7.38472237	7.62910009	7.25880221
ENSMUSG00000099703	2.910798	2.31651348	3.17432864	3.07429737	3.33269949	4.34575694
ENSMUSG00000039860	5.30908489	6.3803804	6.0818778	6.26504312	6.61821433	6.46372703
ENSMUSG00000056656	2.95503726	3.55041513	2.48586619	3.68537589	3.22503967	3.77995857
ENSMUSG00000062184	5.97048805	6.27108204	6.1780343	6.56792455	5.38357529	6.78872369
ENSMUSG00000043289	4.34512027	3.7804746	1.8862275	3.49240073	2.71483947	3.10407942
ENSMUSG00000014030	5.36656678	4.99725464	1.97376933	4.08392837	3.31755981	3.05875745
ENSMUSG00000032561	6.65183747	5.29499197	3.00051157	5.78573437	6.13842454	4.86560048
ENSMUSG00000051456	4.35865587	2.69892143	2.24609716	2.59801722	3.32757886	3.04498981
ENSMUSG00000021534	3.37773206	3.46776255	3.48478554	3.88567066	3.33385228	4.01420479
ENSMUSG00000087326	5.03730661	3.68450758	1.90070737	2.86212991	4.11033037	3.55109026
ENSMUSG00000102449	3.14835702	4.91713446	2.44209219	3.43999109	3.11195196	2.4025617
ENSMUSG00000068396	2.22094572	4.54652398	2.31472596	2.06888757	2.6344962	4.15708309
ENSMUSG00000097997	5.7959035	3.87258973	2.88033501	2.60365163	4.76364112	4.19503996
ENSMUSG00000042282	5.80289037	5.3567847	3.57482829	4.26302372	8.69750008	5.16556717
ENSMUSG00000002997	6.86977253	6.99508246	6.43256697	7.49937925	7.16951404	6.85982174
ENSMUSG00000021071	8.69131887	9.26613049	9.03363328	9.18705227	9.18812068	9.23222824
ENSMUSG00000091154	3.8732994	4.72244798	1.99932674	4.42863196	3.12591807	4.56385691
ENSMUSG00000032726	4.6028907	4.3584346	1.93801599	2.49919845	3.78929463	2.79519668
ENSMUSG00000023216	3.4167879	4.42098592	2.45051191	3.93541334	4.17395471	2.36800186
ENSMUSG00000023047	2.63030619	4.53835401	1.87310601	3.4744695	3.19394185	3.65055801
ENSMUSG00000035385	8.13479831	3.96355458	3.89330233	4.17093344	7.56532261	7.91674904
ENSMUSG00000035963	2.8877307	3.33910636	2.81644888	2.10679613	3.88571872	2.39988879
ENSMUSG00000087050	3.69773492	4.91672824	3.02806223	4.57316255	4.67044666	3.34779092
ENSMUSG00000073486	2.63384472	2.32772642	1.71192221	3.26931296	4.48301501	4.91461798
ENSMUSG00000016349	10.26556349	9.69083807	9.92362782	9.67811749	10.01379893	10.35140325
ENSMUSG00000063446	5.08117475	5.07348635	4.91968569	4.12749479	5.4144288	5.06740632
ENSMUSG00000097265	3.53189626	4.55505543	4.1624926	4.72898866	4.08925901	4.7731016
ENSMUSG00000037982	3.82389035	3.74465314	3.0607524	3.98255534	2.60601961	3.18698745
ENSMUSG00000042671	6.04181718	6.79771485	6.3253969	6.86871074	6.1738401	6.6580242
ENSMUSG00000103192	5.31536623	7.95494533	3.95752288	4.47791189	6.79231346	5.88150541
ENSMUSG00000090546	10.42593602	10.63624241	10.06141956	11.50069912	10.92401873	10.3980712
ENSMUSG00000034187	10.7048829	10.20957079	10.83269079	9.73133453	10.78205481	10.22836397
ENSMUSG00000035373	7.69549832	5.0435791	3.22700724	4.36405541	6.19823307	6.56345887
ENSMUSG00000105846	2.242569	4.27881522	2.27821764	3.33275055	3.59424155	2.3670677
ENSMUSG00000046449	7.21558379	7.32886339	6.74022165	6.25558636	6.88568268	6.76426416
ENSMUSG00000034427	4.59865292	2.29440382	2.56955459	3.17362559	2.68761391	2.84528226
ENSMUSG00000096870	4.83637642	8.099349	4.365193	4.87216261	6.23773664	5.91977138
ENSMUSG00000031253	5.67421015	3.59629021	2.70822062	4.20476135	3.94329037	3.03122278
ENSMUSG00000047490	5.05568755	4.24633364	2.2721618	4.22401526	3.60569549	3.92395291
ENSMUSG00000073067	3.37244156	4.92889968	3.59511272	4.07007281	3.20234954	2.80410427
ENSMUSG00000022041	3.90663217	2.30821575	3.15407672	3.43833909	3.90649907	2.84383982
ENSMUSG00000093436	5.29390482	4.31729034	2.59281241	2.73355438	3.27646613	3.05902857
ENSMUSG00000105553	2.67825465	5.06096401	2.79223073	3.72472314	2.70581319	3.27808484
ENSMUSG00000086544	4.74603735	4.67445931	4.00965987	3.23642558	4.43816566	3.42273421
ENSMUSG00000089901	2.25153831	4.572978	2.47612599	1.80375036	5.86974377	3.06005919
ENSMUSG00000029765	9.30901081	9.09678029	9.08805016	8.85071592	9.2045257	9.06947868
ENSMUSG00000097451	9.69842435	10.24547985	9.62321081	9.57807506	9.09929181	9.23275243
ENSMUSG00000043439	6.28722702	6.56095206	6.40388113	5.83558965	7.618879	6.70562725
ENSMUSG00000054450	3.40911539	3.82815503	2.07972316	3.14184847	2.79752383	5.64148773
ENSMUSG00000020963	6.16947481	3.70468279	2.6464957	4.32001799	6.16557837	2.8274508
ENSMUSG00000032297	6.32513562	4.83375663	5.04960932	5.22735703	4.57864541	4.72292602
ENSMUSG00000028758	4.43834767	6.10967107	5.30427382	5.69536385	5.10910904	5.67581143
ENSMUSG00000024274	3.16617887	2.32876522	1.70881351	2.55330386	5.15158404	3.41069745
ENSMUSG00000090706	4.23119591	2.3414966	2.03379321	2.73357315	3.20178762	3.16964918
ENSMUSG00000091387	3.94719319	4.29301304	4.45260928	5.00373038	4.76068732	4.34766663
ENSMUSG00000093536	4.030029	4.78976201	4.11718108	3.61646346	4.41063236	3.64160337
ENSMUSG00000022479	6.47765486	4.17281886	3.04046962	2.9019355	5.37332174	5.86631613
ENSMUSG00000025170	6.08618522	6.32711753	6.12252386	5.57111572	6.65425683	6.06694853
ENSMUSG00000104272	2.96232196	3.84572271	3.38589503	3.98636492	3.54954366	3.76643352
ENSMUSG00000063430	7.31902408	7.52821132	7.16158937	8.11070721	8.14194733	7.57879441
ENSMUSG00000105676	2.77284313	2.92943688	1.95931769	1.82804779	5.04540551	3.8093229
ENSMUSG00000106291	3.30046572	4.08366207	2.34623185	3.67396085	3.65445298	2.88685075
ENSMUSG00000086826	2.98646685	6.08019568	2.857801	3.09471622	6.0254548	3.4000838
ENSMUSG00000097305	4.6242341	3.51965298	3.68271681	2.67507298	4.32010731	3.58854217
ENSMUSG00000097636	2.60240517	3.56498049	3.0674748	3.35469004	4.10644371	2.41267024
ENSMUSG00000098322	2.98878167	5.40223651	2.37696252	2.69768396	4.01265687	4.33444876
ENSMUSG00000085925	7.70182191	7.32814636	6.77072181	6.79737121	5.70427579	6.41531639
ENSMUSG00000041773	10.94781077	10.39572331	10.34461979	9.61258511	9.90209367	10.58739693
ENSMUSG00000047798	7.85441983	5.58622234	3.81985311	5.33807338	6.12729979	6.57474461
ENSMUSG00000052616	3.21708142	2.37675989	2.73782872	2.58661392	3.54802286	2.34921306
ENSMUSG00000091556	3.40230173	2.38604958	2.15261716	3.16636214	2.659239	3.10430315
ENSMUSG00000103560	7.31123943	7.89993584	4.5553895	4.07587366	5.85857205	4.34912579
ENSMUSG00000102827	2.9968847	4.84054272	2.0447336	2.0925284	4.26616775	3.59030263
ENSMUSG00000010311	5.05346157	3.40492719	2.82184698	2.68197609	2.66661381	4.13560763
ENSMUSG00000002341	9.23809102	9.68682467	9.42991353	9.59076921	9.58656572	9.5782598
ENSMUSG00000092325	4.59437148	4.16742236	2.22336019	3.34344116	3.2839828	2.37885702
ENSMUSG00000051323	7.9844967	8.17738054	7.81287747	6.87003942	6.98368691	7.14990891
ENSMUSG00000038239	4.75352192	3.69973784	2.40449027	3.81059964	3.87840251	2.38089222
ENSMUSG00000033676	8.59665513	8.96697479	9.05486068	9.29145681	9.9177106	8.66086078
ENSMUSG00000090778	4.66775288	4.80133576	2.04180819	2.43242008	3.26785514	3.34826402
ENSMUSG00000040728	3.35566973	4.93663079	1.68839387	3.79525961	4.7758666	2.84774213
ENSMUSG00000097430	3.23374914	2.79550043	3.22035547	3.79494637	3.53867249	4.01627511
ENSMUSG00000021211	4.6050998	5.35707841	2.50688136	2.28727984	3.64419461	3.40916095
ENSMUSG00000080796	4.48096754	3.7715111	1.92214191	2.18469492	3.2184934	3.44192204
ENSMUSG00000022296	4.8538909	4.54664545	5.00172987	5.0745216	5.26439797	5.54936091
ENSMUSG00000007480	3.2148758	4.82981066	1.70409998	3.0468743	3.82945953	3.15231672
ENSMUSG00000097523	3.4417386	3.49574512	3.19747353	1.82104475	4.17701177	3.93317875
ENSMUSG00000013928	4.35297244	3.78005249	1.90549745	2.06811634	5.11828288	2.38673283
ENSMUSG00000087644	5.21185255	4.56300683	3.61274439	4.90167503	3.82172926	4.14173585
ENSMUSG00000055972	5.12052385	3.56353256	2.69591532	2.80146566	4.13476355	3.16672703
ENSMUSG00000019888	5.20418339	5.54349374	5.40710222	5.30117499	5.51203593	5.3414584
ENSMUSG00000102607	2.69525933	4.99256667	2.14570467	3.53650433	3.62497859	3.52870276
ENSMUSG00000087700	2.24351425	4.26095742	2.06016911	2.1050268	3.20554792	3.35754728
ENSMUSG00000050138	2.68458772	4.31570539	4.22564937	4.28493977	5.82257744	3.99116634
ENSMUSG00000107216	2.59132841	4.20830677	3.02839102	2.04212247	4.27403094	2.8625712
ENSMUSG00000027606	2.26759158	3.94103384	2.26146258	3.5825387	4.11287839	3.39369824
ENSMUSG00000030270	5.67432889	4.54158225	4.3789787	3.63131144	4.49273001	4.13153124
ENSMUSG00000030092	5.81729555	6.64637736	5.82101727	5.23281306	5.61352589	6.29995893
ENSMUSG00000061577	5.13669906	3.93541964	2.08301256	3.38836631	3.58050166	3.17175504
ENSMUSG00000086385	4.28997244	4.13681905	2.06307589	2.0623717	3.57688682	2.33666369
ENSMUSG00000028584	4.52612727	5.44396214	3.06744054	5.59332484	6.09903035	6.06285426
ENSMUSG00000086933	5.68698633	5.43063615	2.80130396	2.76797215	3.5458348	3.98374256
ENSMUSG00000091922	5.11329356	4.69210576	2.0373278	1.81897356	4.98536127	3.58753106
ENSMUSG00000098620	4.99279964	5.88257143	2.18878564	3.11631161	4.98572363	3.06862113
ENSMUSG00000075416	5.79476169	4.81557535	2.8016414	2.2529879	3.4570592	4.81270506
ENSMUSG00000005583	10.14785683	9.80676361	9.802882	9.66153136	10.35317779	9.79641206
ENSMUSG00000090001	3.67128298	4.26072738	1.70712695	2.45792393	2.67142118	2.79356877
ENSMUSG00000097162	4.21012644	2.34492063	2.26059619	2.42261999	3.23713241	2.82985515
ENSMUSG00000040856	7.73071345	6.22230669	3.86059641	4.71440367	6.16145345	6.14163196
ENSMUSG00000040420	6.15343932	5.33763281	5.3007768	4.18188429	5.73408569	6.05010896
ENSMUSG00000023043	3.25300367	3.99351122	2.78573954	2.48273674	6.72109122	4.36897633
ENSMUSG00000093402	2.27449546	3.22440335	2.02798318	2.13798208	4.56943241	4.76444572
ENSMUSG00000015852	10.09206197	7.66238424	6.07231845	7.11919911	8.50330713	8.49972531
ENSMUSG00000006457	3.14942355	3.13354975	2.81809055	2.10744131	2.62020647	3.6492703
ENSMUSG00000074052	3.42128396	4.57495936	2.18169546	2.0566611	3.5569129	2.35862732
ENSMUSG00000091730	4.92016945	5.77759084	2.81167166	2.56285074	3.62494365	3.774056
ENSMUSG00000087606	5.4909182	5.12307892	2.26188873	2.6110459	5.3608838	2.98292946
ENSMUSG00000038704	3.09670147	5.87999221	3.06837399	2.57312547	5.72748753	3.81408762
ENSMUSG00000105966	5.62755377	6.2045633	2.39747168	3.66441956	3.55034249	4.66485145
ENSMUSG00000043635	5.29888349	6.10054484	5.29760942	5.49769444	5.58858701	4.19138215
ENSMUSG00000059742	7.80325049	8.20657537	7.9094598	8.3120866	8.42620922	8.06926848
ENSMUSG00000066438	4.32591311	4.20725956	3.12413113	4.18188991	3.57400142	3.18314264
ENSMUSG00000019982	3.10677551	3.70865217	2.34374665	3.70564855	4.74432657	2.73748189
ENSMUSG00000081238	4.9781764	3.5355108	2.72734149	3.15642322	2.5498908	2.41042446
ENSMUSG00000036196	5.53100851	3.13079034	3.14186474	4.05277382	2.62360212	4.24515737
ENSMUSG00000087012	4.67198604	4.59061592	2.55102982	2.27547279	3.21885585	2.35235929
ENSMUSG00000058046	2.92038971	4.45029002	2.27105007	3.8207171	3.60568333	3.63939031
ENSMUSG00000035262	4.02087949	4.4014793	2.73389807	4.22105459	3.23724273	3.65303317
ENSMUSG00000068259	4.32675639	3.66920841	1.68813101	3.19207091	3.22241162	2.88231628
ENSMUSG00000026611	4.81315876	6.44005016	2.84546641	3.67328498	3.54993876	4.8044554
ENSMUSG00000097429	4.96855788	4.26078366	2.16304699	2.45872859	4.49343114	2.82492213
ENSMUSG00000101191	2.7041042	4.62910242	2.65525619	2.41911843	2.6908014	3.3360772
ENSMUSG00000081249	3.32073349	3.43324636	2.18083476	3.34360721	3.1052931	2.90343695
ENSMUSG00000092051	4.11302938	5.73192216	2.6367406	2.93436459	4.06011214	3.77076384
ENSMUSG00000078922	8.90669007	7.3702364	7.02357709	6.48263385	11.3986565	8.21479276
ENSMUSG00000026697	9.87793349	8.76596163	6.35319874	9.43269263	9.74827786	8.23419293
ENSMUSG00000061576	8.76407072	8.44737648	8.50983536	7.88498364	8.95213217	8.52223489
ENSMUSG00000095651	5.1032502	3.92515311	2.71101013	4.94562733	4.79220128	3.32392745
ENSMUSG00000030653	9.21913419	9.21030885	8.93525629	8.96235007	9.16997621	9.0627274
ENSMUSG00000050520	4.98875033	5.11884138	2.02467546	2.58481859	2.71355673	4.30058705
ENSMUSG00000086121	2.70239176	3.48334806	2.36684571	3.33455711	2.66345392	3.1507017
ENSMUSG00000027456	5.35221749	4.30485186	2.74554765	1.82051956	3.82646183	4.54156633
ENSMUSG00000102651	5.06420492	6.26310939	3.10227359	2.83122788	4.83087536	3.76767912
ENSMUSG00000097053	5.17336873	2.32326399	3.08211768	2.82704015	4.10214736	3.73937798
ENSMUSG00000022422	2.23183381	3.81981702	2.04967682	1.80399767	4.95550235	3.14914777
ENSMUSG00000062794	4.17818346	4.10557397	4.02648279	3.46336266	3.8142956	4.50741681
ENSMUSG00000037759	5.14940186	4.24223213	1.93815422	3.00453632	3.95773426	4.24174909
ENSMUSG00000053830	4.77286047	4.92641059	1.88431925	2.44435613	4.54342841	2.75694417
ENSMUSG00000057924	5.0871631	4.16266743	1.92355953	2.79241366	4.64566027	3.6285876
ENSMUSG00000020609	4.13550427	2.81522792	2.03829094	1.82883701	3.57361783	3.6443104
ENSMUSG00000085788	3.72135929	5.28902034	2.47923538	1.91656918	4.51291268	3.16301375
ENSMUSG00000087481	3.22341896	2.70902214	2.61831849	3.04427807	5.69337511	2.86447041
ENSMUSG00000074345	4.95411424	5.04442005	4.97513428	5.40328078	5.53017048	5.16097671
ENSMUSG00000084897	4.7099442	4.47869293	1.68192997	4.66546284	4.66414694	5.11024772
ENSMUSG00000091570	3.83516921	5.67284577	2.76930705	3.04871301	3.95185228	3.81781139
ENSMUSG00000106490	5.77086666	8.4234176	3.85073886	3.85791356	6.16832246	6.4614967
ENSMUSG00000081798	4.21208449	5.75388386	2.67671714	2.4007222	4.25610714	3.63310386
ENSMUSG00000070687	3.63088239	4.19031342	2.9552689	4.32071936	4.41876528	3.52611561
ENSMUSG00000085110	4.30603047	5.59231967	1.88932792	3.058952	4.50191624	3.8284633
ENSMUSG00000021719	9.23107405	8.81238142	8.68283308	8.76437421	9.3175031	8.83749887
ENSMUSG00000054622	2.71195637	5.31922673	2.88111133	3.02717636	3.86628295	3.92186315
ENSMUSG00000102243	5.13631412	4.08304971	2.31081929	3.3995714	4.97287976	2.76122713
ENSMUSG00000091530	2.21147602	4.30252707	2.32489361	2.54778779	2.69485799	3.21220206
ENSMUSG00000105906	5.86099574	2.79372685	1.70379801	4.53538011	7.84249453	6.49381508
ENSMUSG00000024521	6.7462312	5.44362615	3.15801618	3.52486705	5.52080326	5.32624761
ENSMUSG00000025473	7.91384196	6.85132897	3.648843	4.94275881	5.33773394	5.68406868
ENSMUSG00000092448	3.91395627	3.09017535	2.96005638	3.14419096	2.6987782	2.38678993
ENSMUSG00000033730	6.41225123	5.17246366	5.81885194	5.87919557	5.11231139	6.84378627
ENSMUSG00000029752	7.75422402	7.22752133	6.87710775	6.36683165	7.08387323	7.42787795
ENSMUSG00000104540	5.61151291	5.28720936	3.188257	1.80350265	3.59924106	4.16865171
ENSMUSG00000101304	4.35564108	2.34252998	2.05586317	2.44065147	4.05513626	2.79603575
ENSMUSG00000055456	3.10348846	2.99622362	1.78887519	2.30299785	3.2619155	4.06408398
ENSMUSG00000033847	4.10769765	3.95286598	2.88509246	4.53008147	5.63942896	3.79760846
ENSMUSG00000056888	6.97014774	4.77723244	2.80638452	4.05664212	5.59619762	6.55604633
ENSMUSG00000068154	4.75445892	6.17677454	5.524666	4.7730097	6.51928211	5.69086808
ENSMUSG00000038152	4.9231298	2.74482663	3.25260103	2.7789321	4.56762548	2.95292228
ENSMUSG00000031257	3.54771774	4.38172255	2.63023215	4.13240631	5.33206093	2.40780149
ENSMUSG00000078502	6.74054417	5.1488405	2.53423891	4.1371491	5.71038286	5.52721542
ENSMUSG00000046442	9.4065554	9.48260891	9.27842769	8.7578964	9.99370599	9.26895454
ENSMUSG00000021701	8.56025633	8.63061559	8.22276062	8.00867879	8.95155751	8.34873134
ENSMUSG00000081978	4.74733534	5.92830223	2.62196565	3.3977386	3.16905582	4.28416622
ENSMUSG00000093540	6.45581025	6.16581431	3.48624908	2.83032196	5.41784158	4.33774143
ENSMUSG00000036151	3.7079989	4.81746762	2.38964441	2.27333181	3.92462733	2.35853884
