gene_id	gene_name	SRX8042381	SRX8042382	SRX8042383	SRX8042384	SRX8042385	SRX8042386
ENSMUSG00000023978	Prph2	10	2	4	27	716	2
ENSMUSG00000030324	Rho	181	14	12	143	4028	13
ENSMUSG00000031450	Grk1	20	3	1	13	457	5
ENSMUSG00000056055	Sag	52	3	10	72.999	1263	6
ENSMUSG00000025900	Rp1	17	3	2	9	285	3
ENSMUSG00000026834	Acvr1c	10	4	366.99	23	5	8
ENSMUSG00000025386	Pde6g	7	8	1	12	295	14
ENSMUSG00000059991	Nptx2	3	5	413	59	5	11
ENSMUSG00000056043	Rgs9bp	18	4	9	8	194	2
ENSMUSG00000029491	Pde6b	23	16	15	22	369	5
ENSMUSG00000035456	Prdm8	4.16	3.079	102.857	11.733	1.087	4
ENSMUSG00000062082	Cd200r4	58	4	1	7	2	1
ENSMUSG00000020713	Gh	117	1471	5	258	4	12
ENSMUSG00000053963	6330403A02Rik	60	40	2765	500	31	111
ENSMUSG00000062372	Otof	18	3	50	321.001	2	19
ENSMUSG00000068037	Mas1	15	4	255	49	1	7
ENSMUSG00000020907	Rcvrn	5	3	5	11	108	7
ENSMUSG00000037446	Tulp1	9	13	7	24	194	5
ENSMUSG00000031789	Cngb1	5	17	16	14	194.001	6
ENSMUSG00000078816	Prkcg	28	44	1885	458	29	65
ENSMUSG00000057715	A830018L16Rik	13	7	512.999	141	3	13
ENSMUSG00000025582	Nptx1	64	60	2737	586	38	151
ENSMUSG00000026841	Fibcd1	11	4	131	15	3	8
ENSMUSG00000038255	Neurod2	3	8	446	112	2	27
ENSMUSG00000029335	Bmp3	18	16	389	60	6	27
ENSMUSG00000029151	Slc30a3	9	10	712	236	5	8
ENSMUSG00000048087	Gm4737	62.45	14.311	297.046	8.549	6.019	9.092
ENSMUSG00000029819	Npy	6	7	265	60	4	14
ENSMUSG00000090675	Olfr111	47.685	3	1	1	2	9
ENSMUSG00000032174	Icam5	14	19.925	1441.867	429.097	5	70.248
ENSMUSG00000050600	Zfp831	16	5	276	42	9	24
ENSMUSG00000074575	Kcng1	14	3	258	57	2	20
ENSMUSG00000046999	1110032F04Rik	2	5	92.075	22.967	2	3
ENSMUSG00000048483	Zdhhc22	2	6	83	19	2	3
ENSMUSG00000027270	Lamp5	4	17	312	72	9	20
ENSMUSG00000070570	Slc17a7	127	61	7922	2609	291	275
ENSMUSG00000024575	Pde6a	49	33	6	62	456	24
ENSMUSG00000059003	Grin2a	88	117.001	3318	953	23.001	196.999
ENSMUSG00000029054	Gabrd	4	12	260	81	6	8
ENSMUSG00000027849	Syt6	23	38	62.999	399	14	17
ENSMUSG00000034796	Cpne7	30	10	443	109	7	25
ENSMUSG00000028222	Calb1	60	23	500.001	48	17	46
ENSMUSG00000053025	Sv2b	147	118	3858	1004	138	201
ENSMUSG00000047935	Gm5607	21	10	42	232	1	20
ENSMUSG00000035033	Tbr1	19	4	660	247	3	35
ENSMUSG00000026163	Sphkap	57	54	1713.001	572.999	9	76
ENSMUSG00000030209	Grin2b	293	271	8810	2886	27	476
ENSMUSG00000053310	Nrgn	96	38	2022	507	37	178
ENSMUSG00000060371	Caln1	79	150	2372	707	4	103
ENSMUSG00000036480	Prss56	12	14	166	9	3	30
ENSMUSG00000027978	Prss12	12	3	209	49	3	23
ENSMUSG00000099016	Gm27227	2	24	4	1	2	1
ENSMUSG00000026514	Cnih3	14	24	499	147	13	27
ENSMUSG00000059213	Ddn	98	175	8430.952	3351.904	38	521.823
ENSMUSG00000030905	Crym	19	23	520	179	11	13
ENSMUSG00000021255	Esrrb	28	4	4	5	92	1
ENSMUSG00000026090	2010300C02Rik	55	62	2094	776	32	94
ENSMUSG00000010803	Gabra1	25	38	1231	453	7	86
ENSMUSG00000061762	Tac1	8	19	66	291	14	22
ENSMUSG00000057132	Rpgrip1	12	35.34	27.729	35.89	302.033	19.017
ENSMUSG00000027296	Itpka	13	16	513	203	4	27
ENSMUSG00000030376	Slc8a2	65	110	1984	640	32	115
ENSMUSG00000034452	Slc24a1	56	37	13	25	337	19
ENSMUSG00000098051	Gm27032	3	5	88	33	1	3
ENSMUSG00000033316	Galnt9	16	8	233	55	3	26
ENSMUSG00000039058	Ak5	59	79	1158	303	41	62
ENSMUSG00000024008	Cpne5	10	28	555	243	3	20
ENSMUSG00000051726	Kcnf1	38	18	964	368	19	61
ENSMUSG00000024617	Camk2a	419.001	292	15526	6112	134.001	1318.001
ENSMUSG00000029436	Mmp17	85	93	1465	418	35	81
ENSMUSG00000041014	Nrg3	20.999	18	450.999	163	9	22.001
ENSMUSG00000027350	Chgb	169	157	2274	631	48	98
ENSMUSG00000029712	Actl6b	9	12	312	104	7	26
ENSMUSG00000044216	Kcnj4	6	16	946	505	4	54
ENSMUSG00000032936	Camkv	77	97	2033	776	16	117
ENSMUSG00000022218	Tgm1	201	9	11	23	15	36
ENSMUSG00000026358	Rgs1	154	14	8	9	9	33
ENSMUSG00000103129	Gm37393	20	1	6	1	1	1
ENSMUSG00000056158	Car10	57	10	472.999	129	8	31.001
ENSMUSG00000021313	Ryr2	136	112	2485	803	61	157
ENSMUSG00000052301	Doc2a	9.741	5.53	142.587	44.735	4.223	8.107
ENSMUSG00000044288	Cnr1	87	81	1395.999	396	46	86
ENSMUSG00000096351	Samd11	9.047	7.443	6.95	14.406	84.427	2.244
ENSMUSG00000039106	Htr5a	12	11	150	34	11	5
ENSMUSG00000055078	Gabra5	12	16	188	54	4	9
ENSMUSG00000055540	Epha6	34	19	650	218	27	42
ENSMUSG00000020436	Gabrg2	37	44	766.818	307.982	6	31.999
ENSMUSG00000047495	Dlgap2	33	20	602	226.001	11	39
ENSMUSG00000041911	Dlx1	36.222	13	223.832	25	6.172	28
ENSMUSG00000025876	Unc5a	57	41	934	278.001	56	48
ENSMUSG00000104210	Gm37984	3	2	49	9	6	4
ENSMUSG00000058248	Kcnh1	22	32	843	374.001	15	52
ENSMUSG00000022421	Nptxr	874.312	615.153	9995.173	2538.416	401.538	638
ENSMUSG00000070695	Cntnap5a	21	32	641	275	21	25
ENSMUSG00000026344	Lypd1	43	87.317	677.174	103	39.081	60
ENSMUSG00000035864	Syt1	346	223	7035	2944	152.001	423
ENSMUSG00000004110	Cacna1e	232	185	4108	1688.999	42	226
ENSMUSG00000045733	Sprn	39.448	65	1026.378	315.858	41	85.966
ENSMUSG00000028838	Extl1	47	13	462	114	26	38
ENSMUSG00000022015	Tnfsf11	201	14	2	26	11	52
ENSMUSG00000067889	Sptbn2	167.959	138	4910.565	2318.713	58.731	346.92
ENSMUSG00000027971	Ndst4	40	41	1347	682	32	64
ENSMUSG00000025020	Slit1	107	44	703	160	11	42
ENSMUSG00000054459	Vsnl1	174	90	1827	540	34	141
ENSMUSG00000038020	Rapgefl1	65	84	1462	514	36	118
ENSMUSG00000037579	Kcnh3	9	13	653	387	1	50
ENSMUSG00000045174	Amer3	15	3	170	57	11	8
ENSMUSG00000007944	Ttc9b	18	17	489	192	11	46
ENSMUSG00000046182	Gsg1l	18	11	357	162.22	6	23
ENSMUSG00000041708	Mpped1	55	34	917	272.999	33	105
ENSMUSG00000027834	Serpini1	51	53	1116	465	28	69
ENSMUSG00000022212	Cpne6	60	35	949	414	18	50
ENSMUSG00000050164	Mchr1	3	4	118	51	4	10
ENSMUSG00000045903	Npas4	24	14	218	70	1	13
ENSMUSG00000040794	C1qtnf4	24	17	509	203	30	28
ENSMUSG00000009216	Fam163b	10	28	821	642	2	37
ENSMUSG00000029420	Rimbp2	113	86.001	1172.999	359	31	64
ENSMUSG00000062593	Lilrb4	353.599	37.724	26.722	38.829	28.767	50.913
ENSMUSG00000025576	Rbfox3	66	66	1238.999	555	21	66
ENSMUSG00000035653	Lrfn5	57	18	444.001	111.999	16	38.001
ENSMUSG00000024064	Galnt14	28	6	177	41.999	7	13
ENSMUSG00000046093	Hpcal4	306.001	293	4820	1593	142	413
ENSMUSG00000022454	Nell2	362	215	3616	939	171	286
ENSMUSG00000031376	Atp2b3	55	24	566	183	23	38
ENSMUSG00000044933	Sstr3	9	14	200	53	15	19
ENSMUSG00000006711	D130043K22Rik	29	14	272	80	7	23
ENSMUSG00000028785	Hpca	37	110	1060	393.001	18	74
ENSMUSG00000024041	Cryaa	20	1	1	4	1	4
ENSMUSG00000039809	Gabbr2	216	110	1745	497	40	121
ENSMUSG00000086719	Gm16275	2	26	4	2	4	2
ENSMUSG00000034997	Htr2a	18	9	190	60	8	15
ENSMUSG00000025189	Cnnm1	31	43	633	264	16	42
ENSMUSG00000040125	Gpr26	52	73	1920	2059	9	95
ENSMUSG00000032452	Clstn2	52	65	644	183	24	42
ENSMUSG00000021680	Crhbp	7	22	75	2	8	4
ENSMUSG00000028289	Epha7	67	58	802.999	255.001	41	45
ENSMUSG00000037428	Vgf	71	33	938	454	10	59
ENSMUSG00000028033	Kcnq5	54	36	554	203	11	32
ENSMUSG00000042078	Svop	62.001	45	766	279	23	54
ENSMUSG00000030134	Rasgef1a	101	88	1458	523	58	109
ENSMUSG00000024672	Ms4a7	269	24	39	36	14.999	32.999
ENSMUSG00000022357	Klhl38	42	3	5.268	5	5.881	3.742
ENSMUSG00000032355	Mlip	15	8	372.999	172	8	45
ENSMUSG00000036264	Fstl4	6	12	171	101	2	8
ENSMUSG00000039059	Hrh3	33	55	587	248	11	32
ENSMUSG00000000632	Sez6	155.999	192	2092	780.999	54	115
ENSMUSG00000000861	Bcl11a	25	37	612	348.999	11	31
ENSMUSG00000000560	Gabra2	29	22	345	120	16	22.999
ENSMUSG00000017740	Slc12a5	231	159	2981.001	1094	107	254
ENSMUSG00000027489	Necab3	7	23	247	94	8	23
ENSMUSG00000026959	Grin1	156.944	140.894	2239.294	931.533	59.775	155.905
ENSMUSG00000068696	Gpr88	28	49	130	415	3	40
ENSMUSG00000064193	Gm4735	529.829	14.858	26.078	17.286	15.581	533.73
ENSMUSG00000065922	n-R5-8s1	3	7	3	11	56	8
ENSMUSG00000004961	Syt5	29	40	637	302	21	43
ENSMUSG00000029878	Dbpht2	32	42	433	154	4	38
ENSMUSG00000042388	Dlgap3	100	56	2049.999	1074	33	218.001
ENSMUSG00000064065	Ipcef1	68	87	713	183	31	52.999
ENSMUSG00000007653	Gabrb2	64	53	909	374	23	83
ENSMUSG00000054013	Tmem179	49	27	520	252	14	22
ENSMUSG00000056972	Magel2	68	7	18	11	2	3
ENSMUSG00000040907	Atp1a3	1103.001	485	12448	5310	485	914
ENSMUSG00000096146	Kcnj11	1	4	59	31	2	5
ENSMUSG00000023033	Scn8a	191.001	211	2845.001	1114	92.001	238
ENSMUSG00000052087	Rgs14	22	17	359	126	31	30
ENSMUSG00000030137	Tuba8	10	5	65.873	9	8	6
ENSMUSG00000028176	Lrrc7	54	94	1275	618.001	24	110
ENSMUSG00000022577	Ly6h	100	62	682	188	22	43
ENSMUSG00000018865	Sult4a1	87	79	1372	550	41	148
ENSMUSG00000059040	Eno1b	607.864	27.42	17.834	31.388	22.994	603.605
ENSMUSG00000061751	Kalrn	198	203	3202.002	1531	98.999	226.999
ENSMUSG00000069227	Gprin1	84	45	1000	483	42	56
ENSMUSG00000034145	Tmem63c	16	23	223	71	9	21
ENSMUSG00000062296	Trank1	308	213	3444	1874.999	43	162
ENSMUSG00000058624	Gda	139	108	2022	715	150	191
ENSMUSG00000031932	Gpr83	10	7	153	86	3	12
ENSMUSG00000058360	Gm10040	10	1	1	2	1	1
ENSMUSG00000039037	St6galnac5	93	35	785	248	43	81
ENSMUSG00000046699	Slitrk4	66	43	474	146	9	38
ENSMUSG00000084890	A830036E02Rik	15	23.942	196.461	269.172	1	10.901
ENSMUSG00000055958	Gm9987	1	2	25	16	1	1
ENSMUSG00000016150	Tenm1	98.001	52	718	261.817	19	48
ENSMUSG00000045349	Sh2d5	24	57	417	140	17	35
ENSMUSG00000078591	Hs3st4	16	7	182	104	1	17
ENSMUSG00000094626	Cecr6	45	24	406	148	27	27
ENSMUSG00000090061	Nwd2	22	3	246.712	178.758	6	17.929
ENSMUSG00000089672	Gp49a	148.402	6.276	32.278	27.171	9.233	18.087
ENSMUSG00000078307	AI593442	26	55	615	318	8	60
ENSMUSG00000032532	Cck	42	86	809	194	77	107
ENSMUSG00000022416	Cacna1i	47	21	672	669	18	51
ENSMUSG00000071567	A830039N20Rik	22	20	333	152	23	23
ENSMUSG00000008658	Rbfox1	74	123	1211	485	49	106
ENSMUSG00000060257	Scrt2	2	6	107	62	2	15
ENSMUSG00000090071	Cdk5r2	58	63	1557	807	71	198
ENSMUSG00000060212	Pcnxl2	75	62	803.011	296.262	34	78
ENSMUSG00000016346	Kcnq2	206.002	133.999	2305.001	1219	41.001	187
ENSMUSG00000027220	Syt13	173	93	1145	310	50	113
ENSMUSG00000041380	Htr2c	31	5	235	170.999	5	9
ENSMUSG00000040424	Hipk4	29	16	265	91	7	36
ENSMUSG00000057897	Camk2b	356.999	406	4998.001	2361.001	190	388
ENSMUSG00000035226	Rims4	55	7	381	184	5	37
ENSMUSG00000063193	Cd300lb	87.46	13	7	16	7	12
ENSMUSG00000024873	Cnih2	61	65	887	340	55	93
ENSMUSG00000053395	Cacng8	44	27	501	204	26	53
ENSMUSG00000044071	Fam19a2	73	46	583	237	21	36
ENSMUSG00000027895	Kcnc4	27	24	437	205	21	48
ENSMUSG00000019146	Cacng2	15	12	193.541	94.766	2	24
ENSMUSG00000028965	Tnfrsf9	117	5	12	13	7	45
ENSMUSG00000049583	Grm5	143	142	1592	564	93	148
ENSMUSG00000026141	Col19a1	7	4	102	33	15	10
ENSMUSG00000104597	RP24-68G17.4	100.328	90.128	1078.43	560.001	21.344	72.232
ENSMUSG00000041710	Trpc5	30	14	131	30	3	10
ENSMUSG00000052373	Mpp3	27	17	308.001	163.999	12	24
ENSMUSG00000027419	Pcsk2	150.948	115	1632.428	655.198	81	159.406
ENSMUSG00000052981	Ube2ql1	81	79	994	412	53	91
ENSMUSG00000045912	C2cd4c	17	11	110	39	2	8
ENSMUSG00000055409	Nell1	43.001	16	265.999	148	7	5
ENSMUSG00000046550	Spin2c	2	3	20	4	3	1
ENSMUSG00000021062	Rab15	48	87	871	466	7	94
ENSMUSG00000036306	Lzts1	65	60	1002	544.001	40	102
ENSMUSG00000074923	Pak6	37	40	598	336	17	63
ENSMUSG00000027965	Olfm3	4	15	97	51	2	6
ENSMUSG00000047658	Gal3st3	29	24	316	103	28	33
ENSMUSG00000076613	Ighg2b	1	1	1	1432	1263.942	379.064
ENSMUSG00000064293	Cntn4	54	47	395.001	111	22.999	32
ENSMUSG00000020990	Cdkl1	5	5	63	40	3	3
ENSMUSG00000038738	Shank1	778	445.999	7163.999	2848	220.001	943
ENSMUSG00000051062	Fbll1	10	1	100	47	3	17
ENSMUSG00000027273	Snap25	677	487	6402.631	2631.001	318	594
ENSMUSG00000030302	Atp2b2	317	248	4124.999	2476	118	402.001
ENSMUSG00000032564	Cpne4	1	17	196	124	10	23
ENSMUSG00000030789	Itgax	828	83	76.883	123.903	94.92	167.977
ENSMUSG00000040452	Cdh12	12	5	88	81	1	4
ENSMUSG00000021478	Drd1	25	23	62	199	5	24
ENSMUSG00000034891	Sncb	141	70.999	1326	594	82	126
ENSMUSG00000030350	Prmt8	43.657	16	558.484	339.643	21	72.449
ENSMUSG00000107226	RP24-248M2.5	11	4	32	5	2	1
ENSMUSG00000034818	Celf5	172.001	154.464	1600.584	767.504	42	130
ENSMUSG00000050069	Grem2	35	38	265	79	12	22
ENSMUSG00000105983	RP23-140B23.1	1	9	57	76	8	2
ENSMUSG00000020684	Rasl10b	143	90	2184	1539	71	277
ENSMUSG00000036800	Fam135b	51	28	367	115	20	46
ENSMUSG00000027347	Rasgrp1	347	262	2634	1025	56	269
ENSMUSG00000061298	Agbl4	16	9	87.001	32.999	1	6
ENSMUSG00000078235	Fam43b	17	5	94.052	36.647	3	9
ENSMUSG00000107105	Gm15820	19	3	7	1	1	2
ENSMUSG00000086040	Wipf3	90	157	1486.746	613.322	80.017	185.942
ENSMUSG00000038179	Slamf7	240.651	33	26	43	19	43
ENSMUSG00000020848	Doc2b	55	36	393.84	130	31	31
ENSMUSG00000020297	Nsg2	156	230	2087	843	104	242
ENSMUSG00000029754	Dlx6	1	6	13	31	2	2
ENSMUSG00000027500	Stmn2	136	102	1195.999	429	59	152
ENSMUSG00000106775	RP23-124H2.4	11	63	4	14	4	11
ENSMUSG00000022288	4930447A16Rik	3	15	5	1	1	1
ENSMUSG00000036422	Pcdh8	29	69	421	193	20.323	23
ENSMUSG00000050963	Kcns2	19	6	148	108	3	13
ENSMUSG00000036185	Sapcd1	36.803	2	2.42	6.45	2.958	13.775
ENSMUSG00000051401	Kctd16	11	12	154	153	7	14
ENSMUSG00000102697	Pcdhac2	24.387	24.45	401.802	190.402	32.159	51.074
ENSMUSG00000075318	Scn2a1	331	282.061	2985.537	1259.509	125.664	304.765
ENSMUSG00000090063	Dlx6os1	4	20	200	154	5	27
ENSMUSG00000085800	1700066O22Rik	20	3	2	2	5	2
ENSMUSG00000021647	Cartpt	214	30	1163	89	53	600
ENSMUSG00000066108	Muc5b	61	6	4	12	9	12
ENSMUSG00000058153	Sez6l	190	150	1637.001	639	96	173
ENSMUSG00000106106	Rn18s-rs5	12569.041	6185.42	8170.622	22021.654	94282.46	18164.484
ENSMUSG00000032739	Pram1	1.066	3.376	11.873	33.63	3	6
ENSMUSG00000029211	Gabra4	65	60	532.001	186	29	56
ENSMUSG00000024245	Tmem178	13	46	247	46	34	35
ENSMUSG00000063354	Slc39a4	63	6	9	10	12	7
ENSMUSG00000068129	Cst7	392	21	43	89	22	114
ENSMUSG00000025468	Caly	50	27	394	173	21	41
ENSMUSG00000032589	Bsn	704	561	6682	3053	402	648
ENSMUSG00000031293	Rs1	56	59	41	66	381	45
ENSMUSG00000031883	Car7	8	6	70.999	22	8	8
ENSMUSG00000042532	Golga7b	42	23	464	256	23	62
ENSMUSG00000097914	Gm26838	26	5	7	3	1	3
ENSMUSG00000007207	Stx1a	93	130	912	323	36	109
ENSMUSG00000043301	Kcnj6	70	32	419	155	30	34
ENSMUSG00000029544	Cabp1	95	37	749.001	501	27	69.001
ENSMUSG00000026204	Ptprn	389	250	2795.994	1016	190	283
ENSMUSG00000076609	Igkc	97	13	8	4265	2015	5965
ENSMUSG00000067149	Jchain	14	4	6	961	402	1210
ENSMUSG00000023828	Slc22a3	13	4	2	28	3	1
ENSMUSG00000015568	Lpl	1096	95	171	239.999	96	186
ENSMUSG00000102876	Gm37136	5	3	2	16	1	1
ENSMUSG00000025885	Myo5b	31	16	266	155	8	31
ENSMUSG00000096847	Tmem151b	105.703	58	926.567	422.075	40	131.888
ENSMUSG00000104159	Gm38099	26	4	3	6	5	1
ENSMUSG00000048251	Bcl11b	72	111	1168	674	67	129
ENSMUSG00000030162	Olr1	43	7	5	13	3	4
ENSMUSG00000045038	Prkce	428	393	3659.999	1439	243	369
ENSMUSG00000047013	Fbxo41	86	69	843.001	385	52	102
ENSMUSG00000085830	Grin1os	1.055	16.107	76.706	45.467	7.224	2.094
ENSMUSG00000021708	Rasgrf2	120	68.999	853.001	326	91.001	63
ENSMUSG00000020431	Adcy1	511	636	5861	2235	517	685
ENSMUSG00000025422	Agap2	651	715	7588	4046	342	906
ENSMUSG00000024261	Syt4	112	62	644.929	263.998	20	61.986
ENSMUSG00000103201	Gm37329	1	17	43	8	1	8
ENSMUSG00000032988	Slc16a8	66	2	10	15	20	4
ENSMUSG00000080736	Gm15617	23	4	3	5	1	4
ENSMUSG00000047842	Diras2	148	94	1303	608	67	173
ENSMUSG00000045036	Tmem232	3	1	3	19	4	3
ENSMUSG00000071265	1700086L19Rik	19	31	210	82	11	24
ENSMUSG00000040035	Disp2	326	251	2089	745	105	203.999
ENSMUSG00000030000	Add2	96	118	840	374	32	76
ENSMUSG00000044667	Lppr4	177.001	139	1539	659	112	167
ENSMUSG00000019785	Clvs2	20	9	135	87	4	12
ENSMUSG00000079657	Rab26	15	35	194	64	14	22
ENSMUSG00000044912	Syt16	21	42	321	132	18	48
ENSMUSG00000025427	Rnf165	52	71	649	362	26	78
ENSMUSG00000024268	Celf4	296	208	2530	1272	108	312
ENSMUSG00000020734	Grin2c	27	6	241	223	11	38
ENSMUSG00000032503	Arpp21	200	252.808	2151.582	1531.3	53	203
ENSMUSG00000039628	Hs3st6	1	3	6	29	10	3
ENSMUSG00000095079	Igha	46	8	18	1597	571	1054
ENSMUSG00000036815	Dpp10	57	29	533	244	25	98.999
ENSMUSG00000019906	Lin7a	44	54	445	200	27	48
ENSMUSG00000031097	Tnni2	35	1	8	8	3	7
ENSMUSG00000033981	Gria2	456	510	4272	2298.999	206	372
ENSMUSG00000085599	Gm13449	2	24	5	8	1	3
ENSMUSG00000102958	Gm37016	2	24	8	1	3	5
ENSMUSG00000086503	Xist	37819.775	122.106	21111.545	8.174	11.677	19028.254
ENSMUSG00000106018	RP24-176M3.1	2	1	17	10	1	2
ENSMUSG00000000982	Ccl3	172	10	16	30	16	69
ENSMUSG00000027748	Trpc4	49	9	117	34.001	2	7
ENSMUSG00000087516	Tbx3os1	5	30	10	6	2	1
ENSMUSG00000040026	Saa3	13	7	45	12	2	2
ENSMUSG00000027438	Napb	343	263	2491	1134	150	228.001
ENSMUSG00000030222	Rerg	5	16	21	82	10	11
ENSMUSG00000078117	Gm16485	25	4	59	13	2	6
ENSMUSG00000090291	Lrrc10b	10	24	49	118	5	11
ENSMUSG00000032511	Scn5a	18	8	113.001	172	20	14
ENSMUSG00000052581	Lrrtm4	40.955	52.01	419.825	245.344	24.635	33.878
ENSMUSG00000086712	AI427809	7	5	3	27	1	5
ENSMUSG00000082163	Gm14276	39	10	3	4	7	6
ENSMUSG00000049741	Rxfp4	1	15	2	1	5	3
ENSMUSG00000067219	Nipal1	1	1	3	2	14	4
ENSMUSG00000045034	Ankrd34b	14	10	106	27	9	22
ENSMUSG00000095134	Gm21857	80.159	21.786	273.829	77.059	23.589	17.989
ENSMUSG00000088576	Gm24532	5	38	1	9	10	5
ENSMUSG00000008489	Elavl2	86	43	381.999	105.999	18	48
ENSMUSG00000020950	Foxg1	66.529	33.762	518.595	332.531	20.763	65
ENSMUSG00000051054	1700014D04Rik	7	2	15	2	1	1
ENSMUSG00000040640	Erc2	196	153	1385	670	67	130
ENSMUSG00000028003	Lrat	121	17	27	11	29	10
ENSMUSG00000036564	Ndrg4	974.999	1055	9054	4610	553.001	934.001
ENSMUSG00000105526	RP24-220P21.4	2	10	37	11	4	3
ENSMUSG00000097072	Foxl2os	14	35	9	1	4	2
ENSMUSG00000031144	Syp	705.073	516.554	5723.085	2437.575	441.32	740.146
ENSMUSG00000009394	Syn2	394	311	2744	1127	164	306
ENSMUSG00000021700	Rab3c	205	122	1671	1027	37	259
ENSMUSG00000045573	Penk	41	77	584.875	365	14	85
ENSMUSG00000024479	Mal2	77	67	669	312	34	94
ENSMUSG00000054976	Nyap2	45	53	287	78	18	32
ENSMUSG00000006435	Neurl1a	143	149	1520	702	78	258
ENSMUSG00000084235	Gm15421	1.036	12.887	1.026	1.62	0.984	10.106
ENSMUSG00000031137	Fgf13	85	35	446	185	25	51
ENSMUSG00000030518	Fam189a1	49	42	442	226	35	49
ENSMUSG00000102902	Gm38263	1	3	5	13	1	1
ENSMUSG00000047485	Klhl34	24	21	227	166	9	29
ENSMUSG00000036062	N28178	258	169	1754	745	90.999	241
ENSMUSG00000025658	Cnksr2	270	216	1791.999	744.999	128	167
ENSMUSG00000019992	Mtfr2	3	17	6	2	1	2
ENSMUSG00000023903	Mmp25	10	6	6	38	3	5
ENSMUSG00000061911	Myt1l	209	175	1552	759	79	172
ENSMUSG00000063388	BC023105	10	3	1	2	23	4
ENSMUSG00000032500	Dclk3	19	51	228	395	49	34
ENSMUSG00000075478	Slitrk1	96	123	847	368	59	87
ENSMUSG00000052479	A330008L17Rik	3	2	27	11	3	4
ENSMUSG00000105663	RP24-296L6.1	13	6	59	48	1	3
ENSMUSG00000029055	Plch2	58	23	691.904	533.001	88.001	91
ENSMUSG00000024353	Mzb1	5	3	5	10	16	47
ENSMUSG00000031870	Pgr	30	15	134.999	63	8	6
ENSMUSG00000104851	RP24-496C22.5	7	68	15	15	10	7
ENSMUSG00000027297	Ltk	31	14	137	34	12	19
ENSMUSG00000037771	Slc32a1	53.456	21	276.958	195.395	8	24.831
ENSMUSG00000105620	RP23-187D22.11	6	13	60.636	53.636	3	2.127
ENSMUSG00000057060	Slc35f3	15	9	134	56	9	28
ENSMUSG00000021268	Meg3	3730.001	2687.168	20547.053	11198.509	590.001	1454.001
ENSMUSG00000056553	Ptprn2	181.001	193	1370	637	107	110
ENSMUSG00000102241	Gm37716	21	6	3	3	3	2
ENSMUSG00000070880	Gad1	189.999	85	1087.999	554.001	42	145
ENSMUSG00000021301	Hecw1	47	59	428	172	36	54
ENSMUSG00000044703	Phf11a	2	2	6	5	3	22
ENSMUSG00000033578	Tmem35	63	29	330	128	27	37
ENSMUSG00000033060	Lmo7	206	201	1489.999	613.001	104.999	174.002
ENSMUSG00000028039	Efna3	16	9	186.704	101.624	17	37
ENSMUSG00000028836	Slc30a2	6	3	27	6	5	2
ENSMUSG00000029361	Nos1	70	90	575	220	48	66
ENSMUSG00000023473	Celsr3	121	111	892	446	82	69
ENSMUSG00000034829	Nxnl1	14	11	1	7	43	4
ENSMUSG00000000318	Clec10a	15.383	7.518	4	42.032	4	5
ENSMUSG00000032338	Hcn4	11	5	37	51	1	4
ENSMUSG00000032053	Pou2af1	3	3	3	27	12	48
ENSMUSG00000105971	RP23-372C7.8	11.747	50	7	10	5	7
ENSMUSG00000035277	Arx	26	3	70	14	1	19
ENSMUSG00000042604	Kcna4	26	42	237	126	8	27
ENSMUSG00000033615	Cplx1	217	219	2031	1319	149	239
ENSMUSG00000064339	mt-Rnr2	988	258	873	1701	5788	1038
ENSMUSG00000038128	Camk4	117	117	941	529	38	129
ENSMUSG00000035270	Impg2	12	8	17	13	76	12
ENSMUSG00000034917	Tjp3	58	5	6	27	13	3
ENSMUSG00000097532	Gm4349	13.597	36.854	4.114	7.352	2.069	5
ENSMUSG00000063239	Grm4	11	20	199	129	14	39
ENSMUSG00000030729	Pgm2l1	253	212	1685	626	148	226
ENSMUSG00000067028	Cntnap5b	5	12	67	72	7	7
ENSMUSG00000097497	Gm26652	3	19	12	2	2	1
ENSMUSG00000044067	Gpr22	57	65	322	87.999	22	39
ENSMUSG00000025867	Cplx2	782	909	7946	6317	503	1096
ENSMUSG00000097444	Gm10489	3	13	3	3	1	1
ENSMUSG00000019828	Grm1	32	24	266	211	20	34
ENSMUSG00000038692	Hoxb4	19	3	3	1	4	5
ENSMUSG00000005892	Trh	36	5	4	10	2	10
ENSMUSG00000049281	Scn3b	76.999	120	726	348.001	50	86
ENSMUSG00000040972	Igsf21	52	69	541	234	48	88
ENSMUSG00000098318	1190002F15Rik	7	1	4	19	1	4
ENSMUSG00000103301	Gm37804	10.609	18.712	1.008	2.035	2.09	3.048
ENSMUSG00000059456	Ptk2b	644	369	3846.001	1544.999	306.999	570.999
ENSMUSG00000107148	RP23-114M24.1	26	1	8	17	2	1
ENSMUSG00000025221	Kcnip2	24	29	217	143	5	35
ENSMUSG00000051111	Sv2c	57	68	361	497	23	61
ENSMUSG00000007021	Syngr3	84	51	581	283	48	83
ENSMUSG00000030854	Ptpn5	111	91	675	593	15	78.001
ENSMUSG00000036760	Kcnk9	27	13	84	45	1	1
ENSMUSG00000085816	Gm13052	16	1	3	2	1	10
ENSMUSG00000021852	Slc35f4	4	16	77.999	48	12	3
ENSMUSG00000055567	Unc80	346	231	2261.001	1250	132	305
ENSMUSG00000037126	Psd	177	89	1271	897	112	167
ENSMUSG00000004933	Matk	124.999	123	746	326	52.001	65.999
ENSMUSG00000021730	Hcn1	31	17	276	102	62	36
ENSMUSG00000032495	Lrrc2	2	18	12	73	26	8
ENSMUSG00000059187	Fam19a1	35	21	201	117.001	18	16
ENSMUSG00000027584	Oprl1	47	29	198.001	73	19	11
ENSMUSG00000079157	Fam155a	74	59	588	263	57	95
ENSMUSG00000016179	Camk1g	14	12	60	20	1	7
ENSMUSG00000036095	Dgkb	212	212	1311	515	83	166
ENSMUSG00000102992	Gm37766	5	28	11	2	7	1
ENSMUSG00000035681	Kcnc2	55	40	371	143	30	67
ENSMUSG00000027568	Ntsr1	9	2	25	7	1	4
ENSMUSG00000102257	Gm37649	11	31	10	2	1	5
ENSMUSG00000097545	Mir124a-1hg	105	94	1202	667.999	274.999	91
ENSMUSG00000038917	3930402G23Rik	30	8	5	5	2	6
ENSMUSG00000079550	Mpp4	22.145	20.796	13.723	33.521	110.887	7.533
ENSMUSG00000063142	Kcnma1	206	235	1577.001	818	111	195
ENSMUSG00000103596	Gm37354	45	6	14	16	3	3
ENSMUSG00000073008	Gpr174	3	15	2	9	1	1
ENSMUSG00000030226	Lmo3	175.001	232.001	1604.999	1037	148.999	170
ENSMUSG00000102508	Gm37367	6	8	11	38	1	8
ENSMUSG00000002068	Ccne1	12	13	104	42	7	23
ENSMUSG00000047692	4930533K18Rik	1.012	18.424	1.008	7.032	4.083	4.136
ENSMUSG00000071753	C230004F18Rik	61	29	190	81	8	8
ENSMUSG00000097672	Gm26609	14	26	5	1	1	6
ENSMUSG00000105542	RP23-441I24.4	25	6	3	5	2	6
ENSMUSG00000103613	Gm34882	4	18	5	3	1	3
ENSMUSG00000105461	RP24-461L18.3	15	10	1	2	3	1
ENSMUSG00000074968	Ano3	38	49	300	308	22	42.001
ENSMUSG00000019775	Rgs17	72	59	406	178	29	49
ENSMUSG00000029304	Spp1	3478	354	340	1220	534	716.659
ENSMUSG00000031391	L1cam	161	130	971.999	448	86	113
ENSMUSG00000060924	Csmd1	196	230.001	1240.999	624	61	132
ENSMUSG00000104708	RP23-151C5.3	19	6	2	10	1	1
ENSMUSG00000048758	Rpl29	154.588	146.509	856.02	2093.48	837.749	134.999
ENSMUSG00000058925	1700011I03Rik	28	6	3	15	4	1
ENSMUSG00000085201	Nr6a1os	3	1	2	10	1	2
ENSMUSG00000048895	Cdk5r1	288	240	1763	792	169	211
ENSMUSG00000027221	Chst1	311	218	1785	662	175.135	282
ENSMUSG00000064147	Rab44	15	5	5	28	3	1
ENSMUSG00000105708	RP23-148G12.3	1	6	1	18	5	4
ENSMUSG00000064330	Pde6h	4	6	4	4	21	1
ENSMUSG00000046167	Gldn	357	36	62	49	40	155
ENSMUSG00000004031	Brinp2	128	131	736	325.362	53	75
ENSMUSG00000044641	Pard6b	5	1	51	86	32	9
ENSMUSG00000031409	Tceal6	32.343	30.732	206.72	60.936	24.143	36.559
ENSMUSG00000043498	9330132A10Rik	44	28	277	241	15	48
ENSMUSG00000086495	Gm13778	21	6	3	20	1	1
ENSMUSG00000090118	Gm16163	1.114	21.256	10.149	5.746	2.204	2.246
ENSMUSG00000039372	March4	27	30	128	64	3	8
ENSMUSG00000068428	Gmnc	42	8	8	9	7	5
ENSMUSG00000017723	Wfdc2	14	4	1	4	1	3
ENSMUSG00000003872	Lin7b	27	25	127	51	11	8
ENSMUSG00000070304	Scn2b	191	237	1672	948	143	250
ENSMUSG00000022375	Lrrc6	11	5	32	7	1	6
ENSMUSG00000094840	Muc3a	5	4	20	33	3	4
ENSMUSG00000008193	Spib	1	7	15	42	6	11
ENSMUSG00000024673	Ms4a1	1	3	1	11	5	1
ENSMUSG00000084088	Gm12941	11	1	5	1	1	3
ENSMUSG00000029755	Dlx5	1	9	21	18	1	1
ENSMUSG00000037541	Shank2	220	227	1682	990	141	234.999
ENSMUSG00000024524	Gnal	210.896	232.897	1677.594	1136.32	146.866	217.101
ENSMUSG00000034799	Unc13a	395.9	332.544	2391.564	1220.79	209.888	279.408
ENSMUSG00000022829	Stxbp5l	87	102	696.001	361	68	95
ENSMUSG00000082931	Gm13586	24.706	7.387	7.437	2.077	2.089	4.188
ENSMUSG00000044024	Rell2	94.514	68.908	534.039	256.274	53.695	60.426
ENSMUSG00000039717	Ralyl	51	15	173.999	68.001	10	26
ENSMUSG00000099759	1700030C10Rik	33.042	10	2	34.696	4.647	2
ENSMUSG00000049148	Plcxd3	22	27	147	144	9	19
ENSMUSG00000034584	Exph5	17	3	50	15	4	9
ENSMUSG00000087624	9230111E07Rik	13	3	1	4	2	2
ENSMUSG00000026787	Gad2	138	113	695	697	16	107
ENSMUSG00000064329	Scn1a	82	92.37	628.627	518.497	46.001	90
ENSMUSG00000003469	Phyhip	325	258	1967	896	196	265
ENSMUSG00000040412	5330417C22Rik	71	59	314	165	6	31
ENSMUSG00000040797	Iqsec3	261	126.001	1258	582.001	81	210
ENSMUSG00000083856	Gm13886	1	10	2	6.009	1	1
ENSMUSG00000034472	Rasd2	38	72	319	369	20	57
ENSMUSG00000045009	Prrt3	30	38	229	98	14	44
ENSMUSG00000106905	RP23-42M8.5	11	2	44	58	7	9
ENSMUSG00000034098	Fstl5	35	29	160.142	60	13	16.001
ENSMUSG00000038026	Kcnj9	138	53	513.333	237.295	37	55.587
ENSMUSG00000043388	Tmem130	315	133	967	430	29	88
ENSMUSG00000064337	mt-Rnr1	794	212	1044	1508	4750	896
ENSMUSG00000027559	Car3	20	19	12	73.999	15	3
ENSMUSG00000103092	Pcdha5	18.458	19.7	42.563	85.249	7.145	1.492
ENSMUSG00000046480	Scn4b	42	81	302	416	38	45
ENSMUSG00000021613	Hapln1	10	13	100	65	7	20
ENSMUSG00000014813	Stc1	12	13	35	6	2	2
ENSMUSG00000021848	Otx2	49	2	11	8	25.999	5
ENSMUSG00000091002	Tcerg1l	16	10	39	74	4	9
ENSMUSG00000001986	Gria3	436.999	280.999	1998	860	192	202.001
ENSMUSG00000090293	Gm17034	65	7	16	9	10	18
ENSMUSG00000028546	Elavl4	76	55	417	236	28	55
ENSMUSG00000083183	Gm15575	22	39	7	5	5	3
ENSMUSG00000029245	Epha5	125	119.999	868	435.999	85.001	125.999
ENSMUSG00000102359	Gm38351	13	3	3	1	2	3
ENSMUSG00000083796	Gm13369	69.164	32	10	16	6	6.282
ENSMUSG00000058975	Kcnc1	159	92	806	428.999	50	126
ENSMUSG00000075316	Scn9a	57	21	27.426	4.017	5	4.018
ENSMUSG00000035202	Lars2	1389	1151	1106.924	2579	9066.995	2213
ENSMUSG00000097929	Tunar	36	16	118	50	7	11
ENSMUSG00000022269	March11	7	9	33	11	2	3
ENSMUSG00000024403	Atp6v1g2	240	218.001	1506.474	651	173	206.199
ENSMUSG00000025855	Prkar1b	646	366	3265	1268	312	580
ENSMUSG00000025738	Fbxl16	508	633	4365	2800	399	682
ENSMUSG00000037492	Zmat4	33	7	130	112	8.999	21
ENSMUSG00000031138	F9	33	3	3	4	7	22
ENSMUSG00000097399	Gm26555	30.295	4	2	10	7	6.01
ENSMUSG00000072688	Gm10399	9	8	2	26	1	6
ENSMUSG00000073779	Lrp8os2	8	8	40	41	1	6
ENSMUSG00000086499	Gm16217	19	6	3	2	7	1
ENSMUSG00000050377	Il31ra	20	17	8	54	6	3
ENSMUSG00000042425	Frmpd3	6	1	20	16	1	3
ENSMUSG00000062393	Dgkk	26	12	13	2	2	1
ENSMUSG00000104200	Gm37399	15	18	1	8	1	1
ENSMUSG00000094226	Gm21759	5	18	1	20	2	3
ENSMUSG00000084390	Gm15425	88	44	20.016	17	1	12
ENSMUSG00000098202	B830012L14Rik	16	14	69	41	1	7
ENSMUSG00000092103	Gm17039	57.37	20.877	12.905	6.737	6.413	8.845
ENSMUSG00000099472	Gm29539	22	23	2	9	2	1
ENSMUSG00000035504	Reep6	42	15	63	80	234.999	30
ENSMUSG00000022054	Nefm	89.027	83.289	532.947	302.298	28	86.382
ENSMUSG00000037474	Dtl	11	19	89	60	9	8
ENSMUSG00000078144	Capns2	5	32	8	6	4	7
ENSMUSG00000072672	Duxbl3	18.477	4.433	142.178	66.779	39.252	21.493
ENSMUSG00000051452	Gm11437	2	2	1	11	1	6
ENSMUSG00000027073	Prg2	13	10	3	71	33	105
ENSMUSG00000106710	RP23-445H19.1	23	1	1	9	7	6
ENSMUSG00000087579	1500017E21Rik	8	6	19.576	58.988	14.971	8.698
ENSMUSG00000045441	Gprin3	10	6	57	41	6	8
ENSMUSG00000048355	Arxes1	9.637	8.138	113.476	111.661	19.968	28.171
ENSMUSG00000022362	Gm29394	25.186	9.07	11.251	72.362	6.305	19.475
ENSMUSG00000074817	Papolb	36	14	5	9	5	3
ENSMUSG00000026825	Dnm1	955	644.001	4972.998	2169.001	473	811.998
ENSMUSG00000004113	Cacna1b	224	125	1024.999	538	72	150.001
ENSMUSG00000026312	Cdh7	56	11	151.001	43.999	15	26.001
ENSMUSG00000071716	Apol7e	29	4	5	6	9	3.817
ENSMUSG00000042750	Bex2	127	79.418	634.153	357.254	51	91
ENSMUSG00000040364	Sec1	14.06	7.171	10.075	56.253	9	13
ENSMUSG00000066677	Pydc3	81	4	14	8	24.398	34.22
ENSMUSG00000056643	Chst13	16	2	5	29	4	5
ENSMUSG00000097915	A330009N23Rik	3	6	55	30	13	9
ENSMUSG00000034687	Fras1	82	119	617	628.357	69	92
ENSMUSG00000006235	Epor	9	10	51	32	7	2
ENSMUSG00000028931	Kcnab2	255	246	1837	979	202	312.001
ENSMUSG00000105500	RP23-120C8.5	32	19	4	8	1	5
ENSMUSG00000055629	B4galnt4	78	50	353	153	24	58
ENSMUSG00000062961	Ccdc177	24.322	19.883	165.6	92	26.797	19.734
ENSMUSG00000103738	Gm37652	1	22	6	12	1	5
ENSMUSG00000025983	Ccdc150	14	1	6	2	5	1
ENSMUSG00000107358	RP23-4H14.1	15	19	6	1	1	3
ENSMUSG00000026202	Tuba4a	331.331	235.551	1872.749	889.348	151.533	364.195
ENSMUSG00000052026	Slc6a7	77	73	376	131	31	59
ENSMUSG00000076617	Ighm	647	304	213	2043	766	3443
ENSMUSG00000104178	Gm9916	12	5	40	12	2	9
ENSMUSG00000042200	Cdrt4	10	4	12	31	3	3
ENSMUSG00000031343	Gabra3	131	64	668.999	360	79	101
ENSMUSG00000008932	Slc1a7	4	9	3	4	23	3
ENSMUSG00000094286	Gm12424	4	4	7	16	1	1
ENSMUSG00000093628	Gm20616	3	14	5	3	2	1
ENSMUSG00000022756	Slc7a4	90	84	534	202	65	91
ENSMUSG00000072621	Slfn10-ps	63.131	10.167	18.588	6.304	11.166	15.268
ENSMUSG00000045318	Adra2c	24	18	111	138	14	20
ENSMUSG00000039252	Lgi2	81	96	476	502	35	81
ENSMUSG00000106133	RP23-451E8.2	1.01	4.083	10.461	1.043	1.014	4.014
ENSMUSG00000053693	Mast1	95.266	80.024	490.384	205.241	44.608	76.711
ENSMUSG00000080937	Gm13510	1	10	3	1	5	1
ENSMUSG00000048001	Hes5	9	20	67.784	83.916	3	16
ENSMUSG00000021596	Mctp1	142.001	71	617	363	65.001	69.001
ENSMUSG00000048834	Vstm2a	76	78	353	165	34	24
ENSMUSG00000021194	Chga	106	58	538	361	54	80
ENSMUSG00000018930	Ccl4	59	3	7	16	10	28
ENSMUSG00000041141	Pnmal1	99	64	410	210	32	46
ENSMUSG00000048304	Slitrk3	103	203	634	275	41	60
ENSMUSG00000097391	Mirg	63	71	317	214	27	20
ENSMUSG00000073514	Dok6	40	38	256	156	22	44
ENSMUSG00000031722	Hp	1	24	1	22	14	2
ENSMUSG00000032528	Vipr1	29	23	134	81	7	18
ENSMUSG00000105003	RP23-1B20.2	7	1	1	6	1	1
ENSMUSG00000104581	RP23-378C15.2	22	2	9	18	2	1
ENSMUSG00000103999	Gm38026	24	17	1	6	2	5
ENSMUSG00000032011	Thy1	560	415	2909	1294	279	511
ENSMUSG00000056427	Slit3	62	65	453.001	372	59	71
ENSMUSG00000090255	4921534H16Rik	2	7	21	11	2	2
ENSMUSG00000102665	Gm38379	2	11	14	2	1	3
ENSMUSG00000090066	1110002E22Rik	19	1	28	8.662	3	4
ENSMUSG00000023345	Poc1a	37	18.001	118	256	80	27
ENSMUSG00000046204	Pnma2	95	85	502	208	55	76
ENSMUSG00000044556	Tex38	5	21	3	7	3	3
ENSMUSG00000035576	L3mbtl1	20	11	65	47	1	7
ENSMUSG00000056812	St8sia3	198	95	600.952	306.258	30.229	54.992
ENSMUSG00000032773	Chrm1	262	206.26	1365	652.813	132	216
ENSMUSG00000032776	Mctp2	52	16	75	14	7	6
ENSMUSG00000080731	Rps2-ps9	8	31	8	6	7.004	2
ENSMUSG00000103694	Gm37530	12.873	45.056	118.294	105.718	6.112	11.889
ENSMUSG00000083359	Gm12656	5	1	2	10	2	1
ENSMUSG00000053161	Daw1	2	1	1	1	7	2
ENSMUSG00000054034	Tceal5	31.017	32.189	180.516	78.043	18.945	29.279
ENSMUSG00000083104	Gm12917	41	19	8	14	3	2
ENSMUSG00000026725	Tnn	4	12	2	2	2	2
ENSMUSG00000086496	Gm14204	16	3	52	49	4	10
ENSMUSG00000030500	Slc17a6	18	16	100	37	6	27
ENSMUSG00000022518	4930562C15Rik	2	25	6	6	11	2
ENSMUSG00000022696	Sidt1	50.732	136.988	481.433	234.383	83.869	30
ENSMUSG00000030043	Tacr1	12	3	32	16	2	4
ENSMUSG00000095040	1700001J03Rik	2	2	10	2	3	1
ENSMUSG00000089663	Gm15651	16	16	21	1	1	1
ENSMUSG00000015340	Cybb	1604	242	326	418	172	451
ENSMUSG00000028137	Celf3	203	129	800	558.999	63	76
ENSMUSG00000063626	Unc5d	148	11	305	141	31	35
ENSMUSG00000057378	Ryr3	87.587	86.232	466.867	449.531	39.336	76.085
ENSMUSG00000038115	Ano2	4	8	31	15	45	1
ENSMUSG00000043592	Unc5cl	1	1	5	11	3	2
ENSMUSG00000041986	Elmod1	152	84	764	401	97	124
ENSMUSG00000095306	Gm21807	27	7	10	4	3	4
ENSMUSG00000003279	Dlgap1	589	594.999	3598.999	1691.999	417	600.001
ENSMUSG00000030525	Chrna7	13	9	80	29	15	16
ENSMUSG00000022129	Dct	42	4	9	11	23	2
ENSMUSG00000083849	Gm13477	5.261	8.98	9.876	30.347	1.493	6
ENSMUSG00000085218	BB218582	27	5	7	7	4	4
ENSMUSG00000059857	Ntng1	39	18	132.001	153	8.999	28
ENSMUSG00000020673	Tpo	22.001	3	2	4	17	4
ENSMUSG00000020264	Slc36a2	23	16	17	67	10.018	4.043
ENSMUSG00000026527	Rgs7	44	78	429	201	45	104
ENSMUSG00000081816	Gm15528	1	18	15	1	1	12
ENSMUSG00000102312	Pcdha3	2.644	6.258	34.74	26.953	3.301	8.873
ENSMUSG00000045967	Gpr158	190	154.928	884.726	517.802	54.254	135
ENSMUSG00000104493	Gm19552	27	10	6	2	1	12
ENSMUSG00000086739	Gm4409	6.045	18.99	73.175	46.655	6.365	13.123
ENSMUSG00000097767	Miat	928	825	3983.053	1826.094	371.276	427
ENSMUSG00000103320	Gm37403	2	10	6	23	4	3
ENSMUSG00000041923	Nol4	63.999	73	438.999	217.001	45	90
ENSMUSG00000102700	Gm38312	1	1	2	8	1	4
ENSMUSG00000086997	Gm12981	11	1	10	3	2	1
ENSMUSG00000100929	Gm28064	10	1	1	3	11	2
ENSMUSG00000064225	Paqr9	84	67	411	169	42	75
ENSMUSG00000058755	Osm	39	11	6	10	12	2
ENSMUSG00000022221	Ripk3	41	8	8	8	10	7
ENSMUSG00000040118	Cacna2d1	419	439	2307	944	301.001	341.999
ENSMUSG00000105789	RP23-246L14.3	1	4	4	11	2	1
ENSMUSG00000057074	Ces1g	18	2	2	2	7	7
ENSMUSG00000003948	Mmd	194	199	1248	556	160	240.999
ENSMUSG00000039539	Sgcz	6	3	22	20	3	2
ENSMUSG00000103255	Pcdhac1	40.72	19.189	65.514	6.81	1.454	14.248
ENSMUSG00000102816	Gm37814	13	14	34	52	1	5
ENSMUSG00000026610	Esrrg	18	18	120	94	15	21
ENSMUSG00000039629	Strip2	68	112.999	446	397	36	65
ENSMUSG00000070336	Fbxo47	28	3	11	3	7	6
ENSMUSG00000103751	Gm37283	20	16	3	1	7	2
ENSMUSG00000050321	Neto1	81	116	489	229	59	57
ENSMUSG00000052516	Robo2	142	115.999	751	811	102	153
ENSMUSG00000102619	Gm37849	16	6	6	1	1	4
ENSMUSG00000048142	Nat8l	393	270	1911	1154	207	288
ENSMUSG00000086356	Gm13441	3	7.645	5.576	21.461	4.324	2.106
ENSMUSG00000106004	RP24-152F23.2	19	7	3	1	3	7.014
ENSMUSG00000082154	Gm16464	2.905	1.321	11.268	4.123	1.204	2.446
ENSMUSG00000028834	Trim63	5	2	4	24	10	5
ENSMUSG00000085779	Atcayos	12	9	51.911	45.105	3	9.049
ENSMUSG00000104874	Gm16520	9	40	17	9	2	7
ENSMUSG00000047428	Dlk2	26	44	134	36	8	28
ENSMUSG00000105717	RP23-434L7.5	15	22	3	7	2	2
ENSMUSG00000024793	Tnfrsf25	12	4	28	8	2	5
ENSMUSG00000106290	RP24-349N15.4	25	9	3	13	4	1
ENSMUSG00000028488	Sh3gl2	210	228	1140	481	136	179.001
ENSMUSG00000078129	Actl10	4	3	19	20	3	3
ENSMUSG00000047904	Sstr2	22	6	73	19	9	22
ENSMUSG00000087439	Gm15788	10	4	1	3	1	2
ENSMUSG00000087593	Gm16174	3	1	14	1	4	10
ENSMUSG00000104122	Gm37482	28	13	8	11	1	1
ENSMUSG00000106943	Snora26	19.295	56.787	16.665	6.353	3.509	16.314
ENSMUSG00000071311	Gpr31b	8	1	6	2	1	1
ENSMUSG00000103546	Gm37666	1	8	6	1	1	2
ENSMUSG00000055214	Pld5	3	7	16	34	1	14.001
ENSMUSG00000092268	Gm20540	10	6	1	27	3	11
ENSMUSG00000037217	Syn1	432	499	2742	1427	347	460
ENSMUSG00000028351	Brinp1	131	198	968	603.001	112	162
ENSMUSG00000081104	Gm15989	5.024	23	3	4.014	11	3
ENSMUSG00000082686	Gm12961	14	8	1	6	1	2
ENSMUSG00000034413	Neurl1b	72	132	603.228	469	40	144
ENSMUSG00000027016	Zfp385b	5	11	92	57	17	27
ENSMUSG00000033419	Snap91	264	357	1677	720	205.002	301
ENSMUSG00000020808	Fam64a	1	3	17	7	1	14
ENSMUSG00000106646	RP24-231P10.5	13	11	9	35	3	3
ENSMUSG00000105826	RP23-41J13.2	17	2	2	13	2	5
ENSMUSG00000032373	Car12	141	22	117	24	17	27
ENSMUSG00000102037	Bcl2a1a	81.264	8.402	15.168	37.822	19.742	10.954
ENSMUSG00000024675	Ms4a4c	53	9	55	8	6	14.417
ENSMUSG00000010592	Dazl	11	2	14	3	3	1
ENSMUSG00000039883	Lrrc17	1	7	10	32.507	12.397	6
ENSMUSG00000103403	Gm37931	4	4	15	25	2	6
ENSMUSG00000097344	Gm26732	19.268	3.013	25.567	18.617	1.131	1
ENSMUSG00000104284	Gm10862	12	9	46	37	4	5
ENSMUSG00000024172	St6gal2	83	55	440.999	261	48	95
ENSMUSG00000087349	Gm12680	3	17	14	2	2	4
ENSMUSG00000033520	Idi2	18	3	4	7	1	5
ENSMUSG00000100815	Gm29112	45	12	11	8	4	13
ENSMUSG00000048385	Scrt1	104	75	586	397	45	153
ENSMUSG00000104912	RP23-15G1.3	1	24	4	23	8	4
ENSMUSG00000097381	A230087F16Rik	28.814	9.469	18.274	1.301	4.436	4.094
ENSMUSG00000050711	Scg2	286	76	636	345	27	83
ENSMUSG00000102709	Gm38308	2	1	11	2	4	3
ENSMUSG00000104149	Gm37138	5	3	15	6	1	2
ENSMUSG00000025318	Jph3	237	211	1309	885.001	156	223
ENSMUSG00000051703	Tmem198	71	66	276	116	25	33
ENSMUSG00000039419	Cntnap2	97	113	638	335	84	121.001
ENSMUSG00000002489	Tiam1	327	326	1688.001	1029.999	182.999	244
ENSMUSG00000061578	Ksr2	154	197	831	577	70	115
ENSMUSG00000052392	Acot4	17.52	4	20.994	7.382	1.228	2.002
ENSMUSG00000105224	RP24-496C22.4	11	1	4	2	5	1
ENSMUSG00000041608	Entpd3	17	11	44	54	2	7
ENSMUSG00000092183	4930515G01Rik	6.195	8.058	1	2	3.032	16.899
ENSMUSG00000056486	Chn1	745.001	769.843	4459.354	2217.697	616.587	814.404
ENSMUSG00000092604	Gm20508	8	1	2	17	5	4
ENSMUSG00000023045	Soat2	16	4	2	8	1	4
ENSMUSG00000081854	Gm11447	13	32	2	9	12	2
ENSMUSG00000000305	Cdh4	99	114	431.999	101	64	79
ENSMUSG00000084302	Gm12194	1	7.003	1	7.007	1	2.002
ENSMUSG00000030898	Cckbr	41	45	281	148	35	65
ENSMUSG00000094910	D430019H16Rik	208	233	1194	781	119	210
ENSMUSG00000066682	Pilrb2	3	37	11	15	5	8
ENSMUSG00000102938	Gm38112	31.508	13.579	75.001	18.739	15	6
ENSMUSG00000103216	Gm37248	11	18	22	2	3	1
ENSMUSG00000005202	Shbg	15	12	10	37	3	3
ENSMUSG00000044176	Spink10	4	1	9	4	1	1
ENSMUSG00000097899	Gm16894	9	1	5	1	2	2
ENSMUSG00000086308	G630016G05Rik	3	7	10	18	1	2
ENSMUSG00000091510	Mtag2	8	9	24	32	1	4
ENSMUSG00000091575	2010016I18Rik	37	9	6	4	14	8
ENSMUSG00000027820	Mme	5	30	29	69.999	9	11
ENSMUSG00000103310	Pcdha12	23.946	25.08	98.968	30.59	3.468	27.33
ENSMUSG00000021057	Akap5	312	195	936	751.492	53.603	95
ENSMUSG00000083745	Gm13543	2	2	10	20	4	6
ENSMUSG00000042254	Cilp	24	345	174	80	58	75
ENSMUSG00000104108	Gm37876	12	26	3	2	5	9
ENSMUSG00000030577	Cd22	213	12	32	98	37	76
ENSMUSG00000099170	5730403I07Rik	16	3	2	2	6	5
ENSMUSG00000049971	Glt1d1	25	20	124	82	15	21
ENSMUSG00000084218	Gm8145	26	19	4	4	5	4
ENSMUSG00000069516	Lyz2	10268.963	1796.973	1887.914	3237.953	1756.974	2401.955
ENSMUSG00000000869	Il4	18	1	2	5	6	7
ENSMUSG00000093758	Gm20701	6	17	2	10	3	1
ENSMUSG00000101452	Gm28530	4.029	4.017	1.007	12.134	2.024	2.518
ENSMUSG00000025739	Gng13	5	8	94.981	52.984	23.381	31.903
ENSMUSG00000102895	5830415G21Rik	9	13	2	25	4	3
ENSMUSG00000026175	Vil1	3	11	1	3	1	5
ENSMUSG00000034825	Nrip3	130	47	358	126	30	77
ENSMUSG00000097619	4833422M21Rik	20	16	1	37	2	10
ENSMUSG00000024846	Cst6	3	3	18	18	4	3
ENSMUSG00000086820	Gm11465	4	18	3	34	11	6
ENSMUSG00000038576	Susd4	97	171	797	349	102	198
ENSMUSG00000038663	Fsd2	41	28	7	7	6	7
ENSMUSG00000025938	Slco5a1	68	13	63	138	18	14
ENSMUSG00000080972	Gm16061	76	26	22	18	11.006	8
ENSMUSG00000097387	4930563E18Rik	8	3	2	1	2	1
ENSMUSG00000047515	BC049715	13	18	7	1	3	2
ENSMUSG00000052749	Trim30b	24	2	8	6	4	7
ENSMUSG00000102951	Gm37216	17	24	9	1	1	7
ENSMUSG00000049097	Ankrd34a	69	25	264	170	31	55
ENSMUSG00000027335	Adra1d	8	6	41	16	7	9
ENSMUSG00000074505	Fat3	629	399	1757	2366	239	346
ENSMUSG00000091993	B930036N10Rik	5.101	3.262	7.109	17.44	1.307	3.373
ENSMUSG00000029161	Cgref1	31	27	151	95	14	30
ENSMUSG00000038807	Rap1gap2	224	224	1192	648	150	213.999
ENSMUSG00000082484	Gm16177	33	15	13	8	1	4
ENSMUSG00000078887	Gm6710	32.268	30.814	54.209	164.132	57.694	12.879
ENSMUSG00000090264	Eif4ebp3	2.301	20.435	26.427	6.687	3.638	5.668
ENSMUSG00000055761	Nkain3	21	21	65	32	4	4
ENSMUSG00000053550	Shisa7	209	215	1037	569	140.556	147
ENSMUSG00000092182	Gm20407	1	10	3	7	1	2
ENSMUSG00000101587	Gm29036	3	32	16	4	4	14
ENSMUSG00000104705	RP24-456F12.1	14	1	5	3	4	3
ENSMUSG00000106121	RP23-63A19.3	5	12	3	24	3	6
ENSMUSG00000042800	1700015E13Rik	3	17	7	4	1	5
ENSMUSG00000107306	RP23-382I10.2	3	3	7	14	1	3
ENSMUSG00000106773	RP23-105O12.2	1	6	4	12	1	3
ENSMUSG00000101827	Gm28686	4	3	1	8	1	1
ENSMUSG00000025372	Baiap2	319	312.001	1516.001	780.999	180.001	250.999
ENSMUSG00000101439	Gm336	2.64	7.299	1.119	1.144	1.119	2.322
ENSMUSG00000102994	Gm37767	4	31	13	11	6	3
ENSMUSG00000026715	Serpinc1	11	50.442	17.721	5.795	5	20.463
ENSMUSG00000000308	Ckmt1	175	87	616	344.999	76	96
ENSMUSG00000099703	Gm28285	3.15	1.449	18.923	9.827	1.505	9.829
ENSMUSG00000039860	Srrm3	29	49	237.001	168.999	35	50
ENSMUSG00000056656	Apol8	3	5	7	20	2	6
ENSMUSG00000062184	Hs6st2	45	50	247	194	14	67.999
ENSMUSG00000043289	Mei4	13	6	2	16	1	3
ENSMUSG00000014030	Pax5	20	21	3	30	2	3
ENSMUSG00000032561	Acpp	72	22	15	114	26	16
ENSMUSG00000051456	Hspb3	14	2	4	5	2	3
ENSMUSG00000021534	1700001L19Rik	5	5	28	21	2	8
ENSMUSG00000087326	Gm12503	22	6	2	7	5	5
ENSMUSG00000102449	Gm37100	4	17	6	15	2	1
ENSMUSG00000068396	Rpl34-ps1	1.032	11.811	5.004	2.018	1.003	7.596
ENSMUSG00000097997	Gm27017	38	7	13	5	9	9
ENSMUSG00000042282	Gucy2f	46	28	29	28	134	20
ENSMUSG00000097502	4930528D03Rik	9	7	4	1	1	1
ENSMUSG00000002997	Prkar2b	85	80	302	412	54	68
ENSMUSG00000021071	Trim9	336	407	1899	1257	224.999	352.999
ENSMUSG00000091154	Proscos	7.495	14.239	3.038	31.79	2.019	13.738
ENSMUSG00000032726	Bmp8a	17	11	2	4	3.998	2
ENSMUSG00000023216	Epb4.2	5	12	7	24	5	1
ENSMUSG00000023047	Amhr2	2	12	2	15	2	5
ENSMUSG00000035385	Ccl2	186	7	38	37	63	174
ENSMUSG00000035963	Odf3l2	3	4	12	2	4	1
ENSMUSG00000087050	Dhrs13os	6.762	16.887	14.724	41.756	7.816	3.843
ENSMUSG00000073486	Gm10518	2.28	1.389	1.309	10.661	7.678	15.676
ENSMUSG00000016349	Eef1a2	905	560	3645	1836	401	782
ENSMUSG00000063446	Lppr1	24	19	93	27	15	19
ENSMUSG00000097265	Gm26803	6	13	50	46	5	14
ENSMUSG00000037982	Gm9725	8.219	6.302	14.542	25.652	1.373	3.298
ENSMUSG00000042671	Rgs8	50	67	263.001	259	27	59
ENSMUSG00000103192	Gm37645	27	164	39	40	43	34
ENSMUSG00000090546	Cdr1	1177	874	5279	4387	683	1073
ENSMUSG00000034187	Nsf	1058	915.999	4826	2342	672	861
ENSMUSG00000035373	Ccl7	137	18	21	38	26	61
ENSMUSG00000105846	RP23-333I5.5	1	10	5	13	3	1
ENSMUSG00000027867	Spag17	9.848	6.263	4.31	1.219	1.161	1
ENSMUSG00000025916	Ppp1r42	9	1	2	1	3	4
ENSMUSG00000046449	C77370	95	96	400.999	162	48	69
ENSMUSG00000034427	Myo15b	14	1	9.001	11	1	2
ENSMUSG00000096870	Gm21816	19	169	58	58	27	36
ENSMUSG00000031253	Srpx2	30	6	9	28	5	3
ENSMUSG00000047490	4932411E22Rik	24	10	5	33	3	6
ENSMUSG00000073067	9130019P16Rik	4.693	17.405	29.357	26.826	2.223	2.288
ENSMUSG00000022041	Chrna2	8	1	19	15	4	2
ENSMUSG00000093436	Gm20646	25	11	9	6	2	3
ENSMUSG00000105553	RP23-293K21.8	2	21	11	18	1	4
ENSMUSG00000086544	Chn1os3	18	14	45.114	11	7.002	4
ENSMUSG00000089901	Gm8113	1	15	8	1	13	3
ENSMUSG00000029765	Plxna4	559	355	1959	927	205	356
ENSMUSG00000097451	Rian	668	744	2750	1666	224	379.001
ENSMUSG00000043439	E130012A19Rik	62	50	317	131	62	67
ENSMUSG00000054450	Gm9945	6	8	3	12	1	23
ENSMUSG00000020963	Tshr	52	6	9	34	27	2
ENSMUSG00000032297	Celf6	55.001	16	112	77	7	14
ENSMUSG00000028758	Kif17	14	45	131.002	99.007	11	29
ENSMUSG00000024274	Zscan30	4	1	1	5	12	4
ENSMUSG00000090706	Gm17233	12	1	3	6	2	3
ENSMUSG00000091387	Gcnt4	10	10	60	42	8	15
ENSMUSG00000093536	Smim17	10	15.932	46	19	6	5
ENSMUSG00000022479	Vdr	65	8	17	7	16	36
ENSMUSG00000025170	Rab40b	47	50	231	101	37	40
ENSMUSG00000104272	Gm38297	3	7	22	25	3	6
ENSMUSG00000063430	Wscd2	123	113	516.001	628	100.999	120
ENSMUSG00000105676	RP24-380C2.2	3	2	2	1	11	7
ENSMUSG00000106291	RP23-477N9.1	5	8	6	20	3	2
ENSMUSG00000086826	Gm11739	3	40	15	9	19	5
ENSMUSG00000097305	Gm17276	15.057	5.184	30.658	6.1	6.33	5
ENSMUSG00000097636	5830416P10Rik	2	5	17	13	5	1
ENSMUSG00000098322	5830468F06Rik	3	25	6	8	5	7
ENSMUSG00000085925	Rtl1	157	104	410	224	19	48
ENSMUSG00000041773	Enc1	1454	866	4524	1733	407	970
ENSMUSG00000047798	Cd300lf	185.999	28	38	76	24	58
ENSMUSG00000052616	Ccdc79	4	1	11	5	3	1
ENSMUSG00000091556	Gm14569	5	1	4	11	1	3
ENSMUSG00000103560	Gm38070	117	160	69	29	20	10
ENSMUSG00000102827	Gm8242	3	16	3	2	6	5.004
ENSMUSG00000010311	Optc	24	4	12	6	1	8
ENSMUSG00000002341	Ncan	473	529	2490	1602	299	502
ENSMUSG00000092325	Gm18284	17	8	4	17	2	1
ENSMUSG00000051323	Pcdh19	179	144	625	284	65	99
ENSMUSG00000038239	Hrc	18	6	6	22	4	1
ENSMUSG00000033676	Gabrb3	400	442	1859.001	1053	250	277
ENSMUSG00000090778	Gm3235	17	15	3	4	2	4
ENSMUSG00000040728	Esrp1	5	18	1	20	9	2
ENSMUSG00000097430	Gm10544	4	2	20	20.419	3	8
ENSMUSG00000021211	Akr1c12	16	24.464	7.864	3.154	3.081	4.246
ENSMUSG00000080796	Gm9159	14	6	2	3	2	4
ENSMUSG00000022296	Baalc	21	12	96	69	13	25
ENSMUSG00000007480	Mc5r	4	16	1	10	4	3
ENSMUSG00000097523	1700022N22Rik	5	5	19	1	5	7
ENSMUSG00000013928	Thap8	13.381	6	2.068	2.178	12.277	1.034
ENSMUSG00000087644	Gm14703	24.927	13.446	27.915	59.425	3.68	7.854
ENSMUSG00000055972	2810407A14Rik	25	5	10	7	5	3
ENSMUSG00000019888	Mgat4c	27	24	125.999	81	17	24
ENSMUSG00000102607	Gm37265	2	18	4	16	3	5
ENSMUSG00000087700	Gm15283	1.013	10.038	3.071	2.035	2.017	4.033
ENSMUSG00000050138	Kcnk12	2	10	49	37	19	8
ENSMUSG00000107216	RP23-353L10.2	2	8	15	2	6	2
ENSMUSG00000027606	Dnajc5b	1	7	5	18	5	4
ENSMUSG00000030270	Cpne9	36	13	61	17.999	7	8
ENSMUSG00000030092	Cntn6	38	63	199	79	16	47
ENSMUSG00000061577	Adgrg5	22	8	3	16	3	3
ENSMUSG00000086385	Gm12701	12	8	3	2	3	1
ENSMUSG00000028584	Lrrc38	15	28	15	100	23	39
ENSMUSG00000086933	4933426K07Rik	37	25	11	7	3	7
ENSMUSG00000092617	Gm8412	1	8	2	5	2	1
ENSMUSG00000091922	Gm17409	23	14	3	1	10	5
ENSMUSG00000098620	Gm27209	23	35	4	11	9	3
ENSMUSG00000081152	Gm12430	1.003	5.08	2.016	1.009	1.013	1.009
ENSMUSG00000075416	Gm14488	36	16	11	3	3	14
ENSMUSG00000005583	Mef2c	866	574.999	3328.998	1642	529	576.999
ENSMUSG00000090001	Gm9719	7	10	1	4	1	2
ENSMUSG00000097162	2310010J17Rik	11	1	5	4	2	2
ENSMUSG00000040856	Dlk1	170	56.001	33.999	40	25	45
ENSMUSG00000040420	Cdh18	50	24	134.999	30	18	40
ENSMUSG00000023043	Krt18	5	9	11	5	32	8
ENSMUSG00000093402	Gm18588	1	4.116	3.198	2.014	8.107	13.357
ENSMUSG00000015852	Fcrls	858	120	225	318	135	234
ENSMUSG00000006457	Actn3	4	3	12	2	1	5
ENSMUSG00000074052	BC048644	5	12	4	2	3	1
ENSMUSG00000091730	Gm17230	20	33	12	5	3	6
ENSMUSG00000087606	Gm16121	32	18	5	5	13	3
ENSMUSG00000038704	Aspdh	3	37	18	5	17	7
ENSMUSG00000105966	RP24-409P22.1	38	48	6	18	3	12
ENSMUSG00000043635	Adamts3	28	41	120	92	17	9
ENSMUSG00000059742	Kcnh7	160.115	180.373	867.649	680.706	135.553	182.13
ENSMUSG00000066438	Plekhd1	12	9	18	33	3	3
ENSMUSG00000019982	Myb	4	5	5	20	9	2
ENSMUSG00000081238	Gm15836	18	5	13	9	1	1
ENSMUSG00000036196	Slc26a8	33	3	17	28	1	9
ENSMUSG00000087012	Gm13113	16	13	8	3	2	1
ENSMUSG00000058046	4933430I17Rik	3	12	5	21	3	5
ENSMUSG00000035262	Amh	11	11	10	31	2	5
ENSMUSG00000068259	Olfr461	12	6	1	12	2	2
ENSMUSG00000026611	Spata17	19	54	12	18	3	15
ENSMUSG00000097429	Gm26520	21	10	4	4	7	2
ENSMUSG00000101191	Gm28809	2	14	9	4	1	4
ENSMUSG00000079103	Tgm7	2	3	3	8	1	1
ENSMUSG00000081968	Rpl23a-ps2	1	2	1	8	3	3
ENSMUSG00000081249	Gm11517	5	4	4.003	14.003	2	2
ENSMUSG00000092051	Gm17229	10	32	9	8	5	6
ENSMUSG00000078922	Tgtp1	360.766	108.967	422.947	195.274	1021.173	193.679
ENSMUSG00000026697	Myoc	754	259	291	1417	342	197
ENSMUSG00000061576	Dpp6	357	231	1230.999	522	180.001	231.002
ENSMUSG00000095651	Gm21817	36	11	6	35	8	5
ENSMUSG00000030653	Pde2a	445	390	1808	1158	208	334
ENSMUSG00000050520	Cldn8	20	21	3	5	1	10
ENSMUSG00000086121	Gm16068	2	5	6	13	1	3
ENSMUSG00000027456	Sdcbp2	28	10	10	1	4	12
ENSMUSG00000102651	Gm37080	22	48	18	7	9	6
ENSMUSG00000097053	Gm1972	24	1	16	7	5	6
ENSMUSG00000022422	Dscc1	1	6	3	1	10	3
ENSMUSG00000062794	Zfp599	11	8	41	17	4	11
ENSMUSG00000037759	Ptger2	27	8	2	11	5	8
ENSMUSG00000053830	Gm9923	17.357	17.41	2.183	4.099	7.116	1.994
ENSMUSG00000057924	Gm10033	25	9	2	7	8	5
ENSMUSG00000020609	Apob	11	2	3	1	3	5
ENSMUSG00000085788	4930470G03Rik	7.987	21.408	7.782	1.47	7.855	2.669
ENSMUSG00000087481	Gm15608	4	2	9	9	19	2
ENSMUSG00000074345	Tnfaip8l3	20	19	96	83	16	21
ENSMUSG00000084897	Gm14226	16	13	1	43	8	19
ENSMUSG00000091570	Gm7707	8	32	11	10	4	6
ENSMUSG00000106490	RP24-488I7.2	48	157	39	33	23	45
ENSMUSG00000081798	Gm8152	11	29	10	4	6	5
ENSMUSG00000070687	Htr1d	7	9	14	33	6	5
ENSMUSG00000085110	Gm13920	12	29	2	10	7	6
ENSMUSG00000021719	Rgs7bp	455	307	1625	932	228	276
ENSMUSG00000054622	D730045B01Rik	2	25.285	12.565	8.596	3.506	7
ENSMUSG00000102243	Gm37718	29	11	5	13	7	2
ENSMUSG00000091530	Cldn20	1	11	5	5	1	3
ENSMUSG00000105906	Iglc1	44	2	1	43	88	52
ENSMUSG00000024521	Pmaip1	82	26	18	16	16	22
ENSMUSG00000025473	Adam8	162	70	34	61	13	32
ENSMUSG00000092448	Gm20387	9	3	14	11	1	1
ENSMUSG00000033730	Egr3	53	24	191	110	13	69
ENSMUSG00000029752	Asns	148	86	457	180	58	98
ENSMUSG00000104540	RP24-302O2.1	33	22	18	1	3	9
ENSMUSG00000101304	Plet1os	11.666	1	3	4	5	2
ENSMUSG00000055456	Gm9972	3	3	2	2	2	10
ENSMUSG00000033847	Pla2g4c	10	7	13	43	18	6
ENSMUSG00000056888	Glipr1	89.297	15.277	10.699	26.68	17.57	59.926
ENSMUSG00000068154	Insm1	19	42	144	55	34	28
ENSMUSG00000038152	5033430I15Rik	22	2	19	7	8	2
ENSMUSG00000031257	Nox1	5.519	10.606	8.763	30.024	13.88	1.222
ENSMUSG00000078502	Gm13212	81.374	19.575	7.811	29.285	19.342	24.951
ENSMUSG00000046442	Ppm1e	540.361	474	2185.546	958.232	383.203	383
ENSMUSG00000021701	Plk2	283	257	1156	506	184	219
ENSMUSG00000081978	Gm14895	17	39	9	14	2	9
ENSMUSG00000093540	4930505M18Rik	70	43	25	7	15	10
ENSMUSG00000036151	Tm6sf2	7	16	6	3	4	1
