gene_id	baseMean	log2FoldChange	lfcSE	pvalue	padj
ENSMUSG00000023978	309.50335903	5.015358	2.7289078	NA	NA
ENSMUSG00000030324	1881.77922741	0.9717132	2.0668858	NA	NA
ENSMUSG00000031450	195.24652216	0.8356462	1.90527993	NA	NA
ENSMUSG00000056055	582.61013659	1.738125	2.56024531	NA	NA
ENSMUSG00000025900	116.0176918	0.4419602	1.37266379	NA	NA
ENSMUSG00000026834	26.7141871	-0.02170882	0.22233603	0.103538	0.9700398
ENSMUSG00000025386	129.9629641	1.809001	2.48058269	NA	NA
ENSMUSG00000059991	29.21412209	-0.005551013	0.11195177	0.3961608	0.998682
ENSMUSG00000056043	87.1516867	0.2550141	1.00541045	NA	NA
ENSMUSG00000029491	211.64039506	0.6222841	1.56942801	NA	NA
ENSMUSG00000035456	9.09593036	-0.01154628	0.15707657	0.1978857	0.998682
ENSMUSG00000062082	15.97229872	-0.07419915	0.50959268	0.05014021	0.9026969
ENSMUSG00000020713	440.35889946	-0.3104096	1.12203893	0.01076261	0.5437952
ENSMUSG00000053963	228.18179065	-0.004366849	0.09174568	0.4054588	0.998682
ENSMUSG00000062372	37.01318022	0.03785958	0.30915265	0.06175048	0.9608122
ENSMUSG00000068037	21.95734932	-0.009677101	0.14122577	0.2263853	0.998682
ENSMUSG00000020907	52.44323397	1.794047	2.30331819	NA	NA
ENSMUSG00000037446	90.17154289	0.4502623	1.2947256	NA	NA
ENSMUSG00000031789	109.3253255	0.485375	1.36386792	NA	NA
ENSMUSG00000078816	160.68021923	-0.003253673	0.07978252	0.4817356	0.998682
ENSMUSG00000057715	42.74479904	-0.004064891	0.09659898	0.4758902	0.998682
ENSMUSG00000025582	253.43066385	-0.002504333	0.07256234	NA	NA
ENSMUSG00000026841	13.92858656	-0.007516063	0.11234987	0.2250172	0.998682
ENSMUSG00000038255	38.96346013	-0.001913097	0.08774216	0.7296855	0.998682
ENSMUSG00000029335	40.52423822	-0.004438025	0.08333911	0.340685	0.998682
ENSMUSG00000029151	57.95810517	-0.004499428	0.10657744	NA	NA
ENSMUSG00000048087	36.23001355	-0.3460831	0.91163401	0.003634842	0.3114341
ENSMUSG00000029819	25.17020223	-0.003171847	0.08078008	0.501083	0.998682
ENSMUSG00000090675	14.01332817	-0.01285906	0.19779718	0.2957618	0.998682
ENSMUSG00000032174	128.66496183	-0.001311348	0.0857005	0.8108543	0.998682
ENSMUSG00000050600	31.18950249	-0.001692779	0.06528811	0.6657507	0.998682
ENSMUSG00000074575	25.95003594	-0.002575171	0.08050698	0.5940526	0.998682
ENSMUSG00000046999	10.51878178	-0.006050226	0.11439819	0.3599186	0.998682
ENSMUSG00000048483	9.36679799	-0.005147829	0.10284976	0.3838708	0.998682
ENSMUSG00000027270	34.44651842	-0.001843865	0.06850784	0.6539534	0.998682
ENSMUSG00000070570	749.40260454	0.00115574	0.07026377	0.7902695	0.998682
ENSMUSG00000024575	224.91921024	0.1666548	0.77356732	NA	NA
ENSMUSG00000059003	348.28287509	-0.003083568	0.08110443	0.5169525	0.998682
ENSMUSG00000029054	26.78385172	-0.002444297	0.07629117	0.5910279	0.998682
ENSMUSG00000027849	57.73973149	0.008855257	0.12309599	0.1926731	0.998682
ENSMUSG00000034796	46.86164852	-0.003195626	0.07331642	0.4464529	0.998682
ENSMUSG00000028222	63.74936532	-0.005121176	0.08110787	0.2536457	0.998682
ENSMUSG00000053025	450.69857267	-0.001966098	0.06319483	0.5991066	0.998682
ENSMUSG00000047935	32.90346673	0.01353071	0.1685499	0.1606323	0.998682
ENSMUSG00000035033	64.46485474	-0.0009639563	0.08276748	0.8556054	0.998682
ENSMUSG00000026163	172.8863289	-0.00378935	0.08738384	0.4537755	0.998682
ENSMUSG00000030209	895.1672157	-0.003641398	0.08938006	0.4876088	0.998682
ENSMUSG00000053310	225.05301283	-0.001377469	0.06183071	0.7122439	0.998682
ENSMUSG00000060371	241.08038317	-0.00526086	0.10353246	0.3755797	0.998682
ENSMUSG00000036480	25.30777545	-0.002405127	0.07968487	0.6169537	0.998682
ENSMUSG00000027978	24.1792139	-0.001056869	0.06820806	0.8018704	0.998682
ENSMUSG00000099016	12.36119009	-0.08845653	0.57346885	0.04493744	0.9026969
ENSMUSG00000026514	55.29140224	-0.001862534	0.0608616	0.6057383	0.998682
ENSMUSG00000059213	832.04618345	-0.0004619991	0.07640699	0.9242669	0.998682
ENSMUSG00000030905	52.03741674	-0.00246297	0.06551092	0.5184602	0.998682
ENSMUSG00000021255	74.85922347	0.04228253	0.38964237	NA	NA
ENSMUSG00000026090	223.36860968	-0.0014543	0.06601668	0.7164944	0.998682
ENSMUSG00000010803	132.32704384	-0.001158572	0.07261503	0.7974798	0.998682
ENSMUSG00000061762	43.28357137	0.07130737	0.38291506	0.01768755	0.7462121
ENSMUSG00000057132	165.55707876	0.2797155	0.9961364	NA	NA
ENSMUSG00000027296	54.05453058	-0.001612744	0.07170024	0.71266	0.998682
ENSMUSG00000030376	228.53481958	-0.00219315	0.06426175	0.5612301	0.998682
ENSMUSG00000034452	159.35107941	0.03347971	0.31690508	NA	NA
ENSMUSG00000098051	9.49444872	-0.00263452	0.08171933	0.5915276	0.998682
ENSMUSG00000033316	28.35434976	-0.001335903	0.06132717	0.7185679	0.998682
ENSMUSG00000039058	144.75093563	-0.002808225	0.0599235	0.4190867	0.998682
ENSMUSG00000024008	59.59618057	-0.002188927	0.08023472	0.6549326	0.998682
ENSMUSG00000051726	108.81983708	-0.0006062368	0.06075657	0.8713445	0.998682
ENSMUSG00000024617	1741.35068708	-0.001265011	0.07049289	0.7710429	0.998682
ENSMUSG00000029436	178.19178003	-0.00353306	0.06572976	0.344959	0.998682
ENSMUSG00000041014	52.84417626	-0.001800815	0.06276516	0.6298344	0.998682
ENSMUSG00000027350	263.14551134	-0.004495935	0.06751781	0.2437537	0.998682
ENSMUSG00000029712	35.50482584	0.0001348282	0.05476175	0.9681375	0.998682
ENSMUSG00000044216	102.77564971	0.0001786021	0.0868855	0.9748443	0.998682
ENSMUSG00000032936	224.20755522	-0.001564346	0.06356101	0.682377	0.998682
ENSMUSG00000022218	63.29656969	-0.009544495	0.15491883	0.2983672	0.998682
ENSMUSG00000026358	53.85865838	-0.01228381	0.17948744	0.2519071	0.998682
ENSMUSG00000103129	5.40082793	-0.06472909	0.47144385	0.05759175	0.921468
ENSMUSG00000056158	58.47686799	-0.00415068	0.08121206	0.3628029	0.998682
ENSMUSG00000021313	298.94822003	-0.00176447	0.05422137	0.5857569	0.998682
ENSMUSG00000052301	17.45824955	-0.001978853	0.06199525	0.5890526	0.998682
ENSMUSG00000044288	181.00357118	-0.002165383	0.05590563	0.5119225	0.998682
ENSMUSG00000096351	38.3505229	0.1287775	0.660989	0.02331913	0.7462121
ENSMUSG00000039106	21.07189619	-0.002804532	0.06586829	0.459676	0.998682
ENSMUSG00000055078	23.72378261	-0.00472114	0.0814349	0.2959649	0.998682
ENSMUSG00000055540	80.46643107	-0.0004855014	0.0510417	0.8771756	0.998682
ENSMUSG00000020436	87.26871057	-0.0029574	0.07391902	0.4893299	0.998682
ENSMUSG00000047495	71.20130037	-0.001214722	0.05697815	0.7243898	0.998682
ENSMUSG00000041911	33.56408411	-0.006563899	0.0973205	0.2183307	0.998682
ENSMUSG00000025876	126.09816924	-0.0009393507	0.05092646	0.7628014	0.998682
ENSMUSG00000104210	7.94679289	0.0004534775	0.06910596	0.9165832	0.998682
ENSMUSG00000058248	98.95446013	-6.214688e-05	0.05921599	0.9864607	0.998682
ENSMUSG00000022421	1300.99767053	-0.0006148663	0.03996953	0.8153865	0.998682
ENSMUSG00000070695	79.71192897	-0.002228936	0.06525395	0.5608084	0.998682
ENSMUSG00000026344	102.56149402	-0.003320998	0.0610707	0.3466122	0.998682
ENSMUSG00000035864	859.64648859	-0.0006569693	0.05520828	0.8460037	0.998682
ENSMUSG00000004110	495.52321099	-0.00244395	0.06802607	0.5388467	0.998682
ENSMUSG00000045733	137.86271274	-0.0009143164	0.0502067	0.766159	0.998682
ENSMUSG00000028838	63.73518904	-0.0007986342	0.04884173	0.7905136	0.998682
ENSMUSG00000022015	66.47846591	-0.006432072	0.13716479	0.4494058	0.998682
ENSMUSG00000067889	602.36992675	0.0005101721	0.06389655	0.8975398	0.998682
ENSMUSG00000027971	168.06133354	-0.000781892	0.06323627	0.8409503	0.998682
ENSMUSG00000025020	94.64880192	-0.01524342	0.14596668	0.07031707	0.9667487
ENSMUSG00000054459	236.68202746	-0.002929605	0.06129053	0.4077149	0.998682
ENSMUSG00000038020	193.80459875	-0.001134533	0.05419593	0.7298404	0.998682
ENSMUSG00000037579	79.06231891	0.0009613002	0.08990319	0.8694755	0.998682
ENSMUSG00000045174	23.11726863	-0.0002749547	0.05861706	0.9394349	0.998682
ENSMUSG00000007944	63.5650234	0.0004348472	0.05811915	0.9033218	0.998682
ENSMUSG00000046182	44.24058699	-0.0007305313	0.06012479	0.8431554	0.998682
ENSMUSG00000041708	124.12249021	0.0007176101	0.04879359	0.81138	0.998682
ENSMUSG00000027834	139.83782158	-0.000135108	0.05067798	0.9655588	0.998682
ENSMUSG00000022212	118.8980911	-0.001555595	0.05947791	0.6622597	0.998682
ENSMUSG00000050164	15.03940233	0.0008332889	0.06363808	0.831611	0.998682
ENSMUSG00000045903	28.47875833	-0.00656686	0.10438707	0.2546092	0.998682
ENSMUSG00000040794	68.34031431	0.0004522845	0.05244863	0.8884774	0.998682
ENSMUSG00000009216	107.09004272	0.002677652	0.09695644	0.6611014	0.998682
ENSMUSG00000029420	155.84656837	-0.004353377	0.06582383	0.2495657	0.998682
ENSMUSG00000062593	108.65600793	-0.007778201	0.13356586	0.3165137	0.998682
ENSMUSG00000025576	154.19959199	-0.001197495	0.0553729	0.7207018	0.998682
ENSMUSG00000035653	62.04440855	-0.003500599	0.06240577	0.3296285	0.998682
ENSMUSG00000024064	25.26526273	-0.003655979	0.07081188	0.3602847	0.998682
ENSMUSG00000046093	631.36148448	-0.001433164	0.04482477	0.611415	0.998682
ENSMUSG00000022454	514.67526672	-0.001103505	0.04203443	0.684333	0.998682
ENSMUSG00000031376	80.64952235	-0.002142962	0.05685275	0.5225532	0.998682
ENSMUSG00000044933	29.75493029	0.0001013573	0.04786503	0.9727889	0.998682
ENSMUSG00000006711	37.76525453	-0.003016715	0.0624427	0.4010574	0.998682
ENSMUSG00000028785	157.25672145	-0.002859842	0.07410013	0.5068017	0.998682
ENSMUSG00000024041	6.09974781	-0.00733437	0.1497634	0.434517	0.998682
ENSMUSG00000039809	241.8511792	-0.008071488	0.09332399	0.123387	0.998682
ENSMUSG00000086719	10.32658741	-0.01623844	0.21472477	0.2153419	0.998682
ENSMUSG00000034997	26.90930144	-0.001406005	0.0515168	0.6519671	0.998682
ENSMUSG00000025189	85.61233699	-0.001017504	0.05263123	0.7507721	0.998682
ENSMUSG00000040125	286.01434431	0.00225889	0.08567392	0.6700375	0.998682
ENSMUSG00000032452	93.18660646	-0.00437718	0.06498653	0.2435047	0.998682
ENSMUSG00000021680	14.84775145	-0.00933088	0.13866641	0.2348891	0.998682
ENSMUSG00000028289	115.19693507	-0.002152593	0.04984685	0.4781628	0.998682
ENSMUSG00000037428	121.67154593	-0.0006870078	0.05974555	0.8515314	0.998682
ENSMUSG00000028033	71.62932301	-0.001272747	0.04759505	0.6640513	0.998682
ENSMUSG00000042078	103.66079394	-0.001757441	0.04885406	0.5559319	0.998682
ENSMUSG00000030134	204.60730609	-0.0008860924	0.04488092	0.752776	0.998682
ENSMUSG00000024672	81.82310989	-0.01922126	0.2120046	0.1268178	0.998682
ENSMUSG00000022357	16.24079138	-0.007780134	0.14629029	0.3825068	0.998682
ENSMUSG00000032355	48.66500221	0.001609348	0.0636341	0.6736201	0.998682
ENSMUSG00000036264	23.60207853	-0.0006127019	0.06821309	0.8855279	0.998682
ENSMUSG00000039059	79.33650368	-0.00271448	0.06276384	0.4541398	0.998682
ENSMUSG00000000632	290.97226707	-0.00415461	0.06675921	0.2745224	0.998682
ENSMUSG00000000861	81.37801245	-0.0005158632	0.05729283	0.8835678	0.998682
ENSMUSG00000000560	49.9610561	-0.001443476	0.04809776	0.6247517	0.998682
ENSMUSG00000017740	426.45578346	-0.000828237	0.04556139	0.7708518	0.998682
ENSMUSG00000027489	35.78765477	-0.0009142475	0.05575232	0.7878505	0.998682
ENSMUSG00000026959	309.38838464	-0.001467732	0.0496667	0.6272677	0.998682
ENSMUSG00000068696	66.68028931	0.004267208	0.08877129	0.3984542	0.998682
ENSMUSG00000064193	256.96465237	0.00235632	0.11985123	NA	NA
ENSMUSG00000065922	30.08970436	0.2792075	0.9876294	0.009478419	0.5055157
ENSMUSG00000004961	87.41240936	-0.0004131385	0.04848347	0.8904701	0.998682
ENSMUSG00000029878	62.85722711	-0.003185618	0.07206173	0.4393269	0.998682
ENSMUSG00000042388	287.3310489	0.0006931238	0.06100334	0.8534908	0.998682
ENSMUSG00000064065	108.49592521	-0.005057251	0.06049285	0.1754305	0.998682
ENSMUSG00000007653	129.48116932	-4.853509e-05	0.04700925	0.9867659	0.998682
ENSMUSG00000054013	72.59398933	-0.001553494	0.0559373	0.6427601	0.998682
ENSMUSG00000056972	19.82716576	-0.1231425	0.60692556	0.01923011	0.7462121
ENSMUSG00000040907	1820.65557014	-0.0009339532	0.04912062	0.7567752	0.998682
ENSMUSG00000096146	8.39964114	0.0008691686	0.0703679	0.8429401	0.998682
ENSMUSG00000023033	414.41973884	-0.001253129	0.04675403	0.6649238	0.998682
ENSMUSG00000052087	56.36521744	0.001079061	0.04969544	0.7225394	0.998682
ENSMUSG00000030137	12.02801825	-0.001459946	0.06013352	0.6862711	0.998682
ENSMUSG00000028176	179.95629252	-0.0003667362	0.05248585	0.9096189	0.998682
ENSMUSG00000022577	103.39450726	-0.009503865	0.09622083	0.08763081	0.9700398
ENSMUSG00000018865	201.73939327	-0.0002193002	0.04683894	0.9400505	0.998682
ENSMUSG00000059040	299.8043466	0.001588544	0.11399233	NA	NA
ENSMUSG00000061751	454.78624025	-0.0001506054	0.04549452	0.9578317	0.998682
ENSMUSG00000069227	145.05975186	-0.0003717327	0.0475455	0.8997477	0.998682
ENSMUSG00000034145	34.14117684	-0.00142785	0.04729384	0.624419	0.998682
ENSMUSG00000062296	497.76251007	-0.001887611	0.06411902	0.6203888	0.998682
ENSMUSG00000058624	319.96728512	0.0006176026	0.04399676	0.8239137	0.998682
ENSMUSG00000031932	21.85443973	0.0002653819	0.05728307	0.9401145	0.998682
ENSMUSG00000058360	3.20653955	-0.01040927	0.1811701	0.3616544	0.998682
ENSMUSG00000039037	121.49544307	1.402442e-05	0.04110749	0.9957917	0.998682
ENSMUSG00000046699	71.66858384	-0.007803396	0.09296717	0.1327879	0.998682
ENSMUSG00000084890	41.51491426	0.001490577	0.077108	0.7559872	0.998682
ENSMUSG00000055958	3.74388612	9.70769e-05	0.08327214	0.9856255	0.998682
ENSMUSG00000016150	107.06277852	-0.003484839	0.05963484	0.3165621	0.998682
ENSMUSG00000045349	65.54167435	-0.002116844	0.0513537	0.4937364	0.998682
ENSMUSG00000078591	25.12149897	-0.001016651	0.06373019	0.7946515	0.998682
ENSMUSG00000094626	61.03902192	-0.00165375	0.03970415	0.545011	0.998682
ENSMUSG00000090061	37.98171232	0.001234554	0.06914003	0.7716939	0.998682
ENSMUSG00000089672	44.23374702	-0.01332923	0.17471781	NA	NA
ENSMUSG00000078307	90.88846108	-0.0004028857	0.05611788	0.9071197	0.998682
ENSMUSG00000032532	143.37163363	-0.0008422007	0.04619807	0.7694009	0.998682
ENSMUSG00000022416	120.31280318	0.002693473	0.07427442	0.5360538	0.998682
ENSMUSG00000071567	52.16569477	0.0007928941	0.0463617	0.7831881	0.998682
ENSMUSG00000008658	190.72863533	-0.0009643213	0.04532924	0.7335031	0.998682
ENSMUSG00000060257	15.951962	0.002110402	0.07381492	0.6344599	0.998682
ENSMUSG00000090071	245.1597921	0.002697929	0.06478038	0.4708511	0.998682
ENSMUSG00000060212	125.55875921	-0.0009169467	0.04093127	0.7315644	0.998682
ENSMUSG00000016346	345.69519468	-0.001407574	0.05431435	0.6668033	0.998682
ENSMUSG00000027220	189.49312508	-0.003456507	0.05406753	0.2943588	0.998682
ENSMUSG00000041380	35.72763186	-0.0007686186	0.06565381	0.8499764	0.998682
ENSMUSG00000040424	41.61433639	-0.0007039793	0.04714554	0.8096155	0.998682
ENSMUSG00000057897	767.95138767	-0.0005125815	0.04262184	0.8504452	0.998682
ENSMUSG00000035226	57.03472554	-0.0008385424	0.06316491	0.8291621	0.998682
ENSMUSG00000063193	28.91451636	-0.01060218	0.15623661	0.2413134	0.998682
ENSMUSG00000024873	144.10640082	-9.148206e-05	0.04117703	0.9725811	0.998682
ENSMUSG00000053395	84.87659923	0.001622971	0.05285378	0.6091949	0.998682
ENSMUSG00000044071	93.64286742	-0.002867039	0.05810248	0.3978902	0.998682
ENSMUSG00000027895	68.67168467	0.0008391761	0.04666344	0.7719165	0.998682
ENSMUSG00000019146	29.10448444	-2.180097e-05	0.05538376	0.9949069	0.998682
ENSMUSG00000028965	42.74216689	-0.003819204	0.10993258	0.5794581	0.998682
ENSMUSG00000049583	262.34552996	-0.000906107	0.03975703	0.7318971	0.998682
ENSMUSG00000026141	18.97618644	0.002787046	0.06999006	0.4911658	0.998682
ENSMUSG00000104597	163.88534467	-0.002652011	0.05948216	0.4432571	0.998682
ENSMUSG00000041710	23.97926703	-0.05078494	0.30262717	0.0210427	0.7462121
ENSMUSG00000052373	47.74103623	-4.135589e-06	0.04608236	0.9988535	0.9988535
ENSMUSG00000027419	260.5016291	-6.80969e-05	0.03879861	0.9790457	0.998682
ENSMUSG00000052981	158.83341033	-3.282792e-05	0.03861569	0.9898825	0.998682
ENSMUSG00000045912	17.46231764	-0.004786486	0.07944869	0.2773212	0.998682
ENSMUSG00000055409	38.92931396	-0.002690281	0.06811976	0.495193	0.998682
ENSMUSG00000046550	3.95694307	-0.001525039	0.08121301	0.7649602	0.998682
ENSMUSG00000021062	136.09142433	-0.0005634369	0.05916796	0.8770283	0.998682
ENSMUSG00000036306	159.43235527	0.0006746929	0.04602528	0.8139899	0.998682
ENSMUSG00000074923	90.43245942	0.0007124091	0.04509198	0.8007976	0.998682
ENSMUSG00000027965	15.24853252	-0.001788585	0.06565239	0.6488506	0.998682
ENSMUSG00000047658	55.47066841	0.0003079336	0.04174506	0.9086396	0.998682
ENSMUSG00000076613	761.33936244	10.3761	1.22361946	1.843727e-18	1.769978e-15
ENSMUSG00000064293	68.43343933	-0.0041079	0.05583301	0.2332983	0.998682
ENSMUSG00000020990	10.53403696	0.0003359907	0.05994456	0.9277231	0.998682
ENSMUSG00000038738	1177.70629023	-0.000451601	0.04419616	0.871182	0.998682
ENSMUSG00000051062	16.54403262	0.001599976	0.07105535	0.7120614	0.998682
ENSMUSG00000027273	1052.78532382	-0.0003348848	0.03840894	0.8971194	0.998682
ENSMUSG00000030302	666.14885143	0.0003580731	0.0475895	0.9034976	0.998682
ENSMUSG00000032564	33.13955952	0.002177467	0.07564608	0.6328567	0.998682
ENSMUSG00000030789	298.25613728	-0.007100291	0.12633628	0.3325381	0.998682
ENSMUSG00000040452	15.45102679	0.0003940696	0.06811346	0.9263356	0.998682
ENSMUSG00000021478	38.27015859	0.005467556	0.08983157	0.2696268	0.998682
ENSMUSG00000034891	230.95158537	0.002186352	0.05226088	0.485147	0.998682
ENSMUSG00000030350	91.56287835	0.00131255	0.05491011	0.691859	0.998682
ENSMUSG00000107226	6.35387895	-0.02284385	0.22456029	0.09137416	0.9700398
ENSMUSG00000034818	255.91436728	-0.002558539	0.05074746	0.4081796	0.998682
ENSMUSG00000050069	44.9126193	-0.0004003999	0.03814642	0.8770629	0.998682
ENSMUSG00000105983	14.82793087	0.004761015	0.10141779	0.4195631	0.998682
ENSMUSG00000020684	372.35078102	0.002614059	0.06305263	0.4740195	0.998682
ENSMUSG00000036800	64.57511855	-0.001320971	0.04281349	0.6310035	0.998682
ENSMUSG00000027347	433.18526764	-0.002318579	0.05175937	0.4566593	0.998682
ENSMUSG00000061298	14.27619258	-0.006457882	0.09802507	0.2297231	0.998682
ENSMUSG00000078235	15.44171794	-0.001256778	0.05304175	0.6953639	0.998682
ENSMUSG00000107105	7.12790405	-0.06059367	0.44248025	0.05554519	0.9037862
ENSMUSG00000086040	259.73939661	-3.668846e-05	0.04221119	0.9891608	0.998682
ENSMUSG00000038179	84.75457939	-0.00919836	0.14215892	0.2595361	0.998682
ENSMUSG00000020848	70.42824081	-0.001155763	0.04100776	0.6675325	0.998682
ENSMUSG00000020297	361.91589648	-0.0005280882	0.04042035	0.8416192	0.998682
ENSMUSG00000029754	5.89460624	0.004448885	0.09805916	0.4362196	0.998682
ENSMUSG00000027500	203.93304844	0.0003415871	0.03610148	0.8947968	0.998682
ENSMUSG00000106775	24.31762587	-0.01437132	0.18900455	0.1979421	0.998682
ENSMUSG00000022288	5.09382368	-0.04887483	0.39770746	0.07350633	0.9700398
ENSMUSG00000036422	73.00408385	-0.004037742	0.06793042	0.2939014	0.998682
ENSMUSG00000050963	25.94098073	0.0004071973	0.05932553	0.9114158	0.998682
ENSMUSG00000036185	14.28983572	-0.002953731	0.1102965	0.6798456	0.998682
ENSMUSG00000051401	31.28789026	0.001669186	0.06060984	0.6445194	0.998682
ENSMUSG00000102697	71.57327101	0.002150731	0.05340058	0.4991219	0.998682
ENSMUSG00000075318	510.61076752	-0.00139442	0.04103181	0.6073234	0.998682
ENSMUSG00000090063	36.41207465	0.002007487	0.07017044	0.6326299	0.998682
ENSMUSG00000085800	8.08489708	-0.005439546	0.12932966	0.5024269	0.998682
ENSMUSG00000021647	301.06661299	0.001609807	0.08071034	0.7498089	0.998682
ENSMUSG00000066108	22.91142742	-0.004919977	0.1142732	0.4778054	0.998682
ENSMUSG00000058153	288.69088818	-0.0007958107	0.03726617	0.7604215	0.998682
ENSMUSG00000106106	47177.60564819	0.418099	1.12107855	0.004487993	0.331421
ENSMUSG00000032739	7.09915526	0.03794518	0.29092134	0.04780544	0.9026969
ENSMUSG00000029211	95.37316365	-0.001884917	0.04218176	0.5002021	0.998682
ENSMUSG00000024245	52.56743616	0.0001168069	0.05085655	0.970322	0.998682
ENSMUSG00000063354	23.01471471	-0.00535942	0.11528295	0.4361299	0.998682
ENSMUSG00000068129	127.2187042	-0.002836842	0.09190703	0.6160461	0.998682
ENSMUSG00000025468	68.15668468	-0.0001528837	0.03957949	0.9533246	0.998682
ENSMUSG00000032589	1180.85398251	-0.0002542521	0.03825057	0.9216556	0.998682
ENSMUSG00000031293	217.89216641	0.0735359	0.46883767	0.03694797	0.9026969
ENSMUSG00000031883	13.78728602	0.0002728867	0.0488758	0.9281119	0.998682
ENSMUSG00000042532	83.44336771	0.001225972	0.04977412	0.686403	0.998682
ENSMUSG00000097914	8.63918801	-0.04399875	0.35406595	0.06505499	0.9608122
ENSMUSG00000007207	164.65138963	-0.002836467	0.05022266	0.3613849	0.998682
ENSMUSG00000043301	76.30655827	-0.002079886	0.04587227	0.4734135	0.998682
ENSMUSG00000029544	131.11060531	9.289314e-06	0.0465108	0.9974443	0.998682
ENSMUSG00000026204	504.47295982	-0.0006519868	0.03564816	0.8032158	0.998682
ENSMUSG00000076609	2833.69843895	6.500394	1.17582898	1.082393e-08	2.597744e-06
ENSMUSG00000067149	569.24056298	6.874279	0.95325345	1.727488e-13	8.29194e-11
ENSMUSG00000023828	7.45772692	7.051499e-05	0.08721397	0.9901136	0.998682
ENSMUSG00000015568	386.44003092	-0.009829289	0.14457638	0.2327578	0.998682
ENSMUSG00000102876	3.78163191	0.0007679794	0.09114054	0.8975543	0.998682
ENSMUSG00000025885	46.23461185	-0.0005693343	0.04748219	0.8465932	0.998682
ENSMUSG00000096847	164.92633482	0.0005930742	0.04279653	0.8277724	0.998682
ENSMUSG00000104159	9.44512389	-0.007697962	0.14245536	0.3696077	0.998682
ENSMUSG00000048251	211.80918758	0.0007116864	0.04378739	0.7970048	0.998682
ENSMUSG00000030162	15.01778729	-0.01810587	0.2108921	0.1491234	0.998682
ENSMUSG00000045038	662.83716143	-0.0006341462	0.03468429	0.811078	0.998682
ENSMUSG00000047013	152.65997939	0.0002838839	0.03822839	0.9125737	0.998682
ENSMUSG00000085830	14.49858335	0.0001347552	0.07112815	0.9760359	0.998682
ENSMUSG00000021708	162.23177637	-2.413369e-05	0.03985347	0.9926472	0.998682
ENSMUSG00000020431	1114.20603926	0.0004204436	0.03804524	0.8709382	0.998682
ENSMUSG00000025422	1354.03917587	0.0003272191	0.03962992	0.900455	0.998682
ENSMUSG00000024261	117.62919834	-0.002978518	0.0569471	0.3734056	0.998682
ENSMUSG00000103201	8.29772377	-0.002232291	0.08066135	0.6500813	0.998682
ENSMUSG00000032988	23.50622637	-0.002300971	0.09764369	0.7128148	0.998682
ENSMUSG00000080736	8.19957811	-0.0134097	0.18699468	0.2293115	0.998682
ENSMUSG00000047842	232.63549975	-0.0006083466	0.03829059	0.8150464	0.998682
ENSMUSG00000045036	4.89485412	0.03116139	0.27749694	0.07621805	0.9700398
ENSMUSG00000071265	38.82521152	-0.001616706	0.04491063	0.5683054	0.998682
ENSMUSG00000040035	384.83728546	-0.004058369	0.04910022	0.2217133	0.998682
ENSMUSG00000030000	153.0836926	-0.007468338	0.07940655	0.110453	0.998682
ENSMUSG00000044667	282.63754484	-0.001004604	0.0359756	0.7049703	0.998682
ENSMUSG00000019785	24.20608471	-0.0002913888	0.04964825	0.9243203	0.998682
ENSMUSG00000079657	37.67869448	-0.001092283	0.04496861	0.6982635	0.998682
ENSMUSG00000044912	59.9274813	0.0003956286	0.04200737	0.8832428	0.998682
ENSMUSG00000025427	123.84262852	-8.289477e-05	0.04644034	0.9771673	0.998682
ENSMUSG00000024268	460.5592128	-0.0002222142	0.04017519	0.9326532	0.998682
ENSMUSG00000020734	50.18137904	0.003710704	0.07701094	0.3942836	0.998682
ENSMUSG00000032503	402.07018298	-0.001133011	0.05022561	0.7115592	0.998682
ENSMUSG00000039628	8.38790978	0.1000917	0.52200525	0.02059368	0.7462121
ENSMUSG00000095079	654.80999016	5.443046	0.93867717	3.179574e-09	1.017464e-06
ENSMUSG00000036815	98.60227992	0.001394654	0.04742612	0.6331521	0.998682
ENSMUSG00000019906	82.53849456	-0.0004528616	0.03774754	0.860998	0.998682
ENSMUSG00000031097	14.00818562	-0.008598427	0.15030651	0.3407842	0.998682
ENSMUSG00000033981	786.07845	-0.00238256	0.04560337	0.4166153	0.998682
ENSMUSG00000085599	11.50323208	-0.04851532	0.39007387	0.06967908	0.9667487
ENSMUSG00000102958	10.42511439	-0.01123844	0.17537327	0.2891639	0.998682
ENSMUSG00000086503	15745.60553299	-0.004261249	0.21301834	0.7893211	0.998682
ENSMUSG00000106018	3.16717232	0.0008133909	0.07909445	0.8716427	0.998682
ENSMUSG00000000982	68.67536023	-0.002793272	0.09785967	0.6498771	0.998682
ENSMUSG00000027748	23.56440758	-0.02236208	0.20602296	0.0704921	0.9667487
ENSMUSG00000087516	10.83562357	-0.06060475	0.42341993	0.0464142	0.9026969
ENSMUSG00000040026	8.9311731	-0.02679613	0.22372905	0.05352781	0.9037862
ENSMUSG00000027438	464.77958452	-0.001731755	0.03887837	0.5280991	0.998682
ENSMUSG00000030222	19.62600117	0.007307773	0.10776365	0.216892	0.998682
ENSMUSG00000078117	12.43063779	-0.01398026	0.15797764	0.1177419	0.998682
ENSMUSG00000090291	25.79293287	0.003642406	0.07772608	0.409038	0.998682
ENSMUSG00000032511	36.38551588	0.009450348	0.1151073	0.1360976	0.998682
ENSMUSG00000052581	79.2035274	-0.00052331	0.04054766	0.8432452	0.998682
ENSMUSG00000086712	6.52460985	0.00240335	0.08464116	0.6431848	0.998682
ENSMUSG00000082163	15.85102948	-0.007209988	0.13510778	0.3712023	0.998682
ENSMUSG00000049741	6.9233928	-0.0005257102	0.10986403	0.9439937	0.998682
ENSMUSG00000067219	7.94468302	0.2189302	0.90010794	0.01414848	0.6467876
ENSMUSG00000045034	22.0621755	0.0003748091	0.04611118	0.8963409	0.998682
ENSMUSG00000095134	55.89897818	-0.005207203	0.07530633	0.217481	0.998682
ENSMUSG00000088576	16.80876557	-0.003850307	0.11525374	0.6001423	0.998682
ENSMUSG00000008489	75.39589635	-0.003243974	0.05391364	0.3202302	0.998682
ENSMUSG00000020950	97.69805441	0.0003916439	0.04332785	0.8866333	0.998682
ENSMUSG00000051054	3.54025517	-0.02137147	0.23510387	0.1342055	0.998682
ENSMUSG00000040640	258.28800639	-0.001750845	0.04088185	0.5255284	0.998682
ENSMUSG00000028003	47.17441402	-0.004471188	0.10671089	0.4860907	0.998682
ENSMUSG00000036564	1727.21513487	-0.0004735365	0.03692632	0.8546161	0.998682
ENSMUSG00000105526	8.03780609	-0.002100537	0.070688	0.6185171	0.998682
ENSMUSG00000097072	14.77722015	-0.04893669	0.38289517	0.06280274	0.9608122
ENSMUSG00000031144	1122.24084306	0.0001274442	0.03684729	0.9604652	0.998682
ENSMUSG00000009394	527.96261739	-0.002863867	0.04185158	0.3381337	0.998682
ENSMUSG00000021700	313.62057559	0.0004611468	0.04787688	0.8764569	0.998682
ENSMUSG00000045573	110.71756264	0.0001057441	0.04778322	0.9715692	0.998682
ENSMUSG00000024479	127.5401448	-0.0002066528	0.03847174	0.9363538	0.998682
ENSMUSG00000054976	58.09112809	-0.004525752	0.05864021	0.2071994	0.998682
ENSMUSG00000006435	292.94136364	0.0008770734	0.04072439	0.7421035	0.998682
ENSMUSG00000084235	7.01418936	-0.001396879	0.11608775	0.8601163	0.998682
ENSMUSG00000031137	87.14497723	-0.001178377	0.04286753	0.6675661	0.998682
ENSMUSG00000030518	88.66053215	0.002287992	0.04753125	0.4409247	0.998682
ENSMUSG00000102902	2.87713299	0.003353278	0.10271813	0.6008673	0.998682
ENSMUSG00000047485	45.14432542	0.0009196273	0.04672406	0.7508444	0.998682
ENSMUSG00000036062	340.21782653	-0.0002736332	0.03770589	0.9154955	0.998682
ENSMUSG00000025658	351.61593826	-0.0011205	0.03703532	0.6726146	0.998682
ENSMUSG00000019992	6.29106906	-0.03221572	0.30549926	0.1003043	0.9700398
ENSMUSG00000023903	9.43643986	0.00284601	0.07907019	0.5416451	0.998682
ENSMUSG00000061911	298.18052446	-0.001174757	0.0385666	0.6582609	0.998682
ENSMUSG00000063388	13.92225051	0.01624181	0.21718184	0.2230673	0.998682
ENSMUSG00000032500	87.7960324	0.008670634	0.10866032	0.1464653	0.998682
ENSMUSG00000075478	166.96971254	-0.001533822	0.03879867	0.5713384	0.998682
ENSMUSG00000052479	5.7947379	0.0009396233	0.06567712	0.8164545	0.998682
ENSMUSG00000105663	13.49920648	-0.004472713	0.09475601	0.411901	0.998682
ENSMUSG00000029055	152.80501451	0.006342718	0.09188714	0.2082657	0.998682
ENSMUSG00000024353	22.59966226	0.643291	1.38508916	0.002724955	0.3114341
ENSMUSG00000031870	26.16858086	-0.008610144	0.09974241	0.1215296	0.998682
ENSMUSG00000104851	26.64551788	-0.0124015	0.16838786	0.2032515	0.998682
ENSMUSG00000027297	29.3555808	-0.002103656	0.05063339	0.4922812	0.998682
ENSMUSG00000037771	53.11278669	-0.0006217509	0.04668422	0.8302907	0.998682
ENSMUSG00000105620	13.32916989	-0.001105711	0.06339769	0.775279	0.998682
ENSMUSG00000057060	26.9843425	0.001532821	0.04907923	0.6086886	0.998682
ENSMUSG00000021268	3863.00989977	-0.005645372	0.07161388	0.1723451	0.998682
ENSMUSG00000056553	273.91952898	-0.001205	0.03819487	0.6503796	0.998682
ENSMUSG00000102241	8.02844297	-0.01294976	0.18141993	0.2284895	0.998682
ENSMUSG00000070880	209.86404066	-0.0007355091	0.04126275	0.783322	0.998682
ENSMUSG00000021301	87.6538189	-0.0002622636	0.03719423	0.9188728	0.998682
ENSMUSG00000044703	8.79787385	0.07666962	0.47651743	0.03436469	0.9026969
ENSMUSG00000033578	67.06912503	-0.0009693763	0.0392987	0.7136586	0.998682
ENSMUSG00000033060	300.95118105	-0.001098411	0.03567939	0.6816355	0.998682
ENSMUSG00000028039	39.67945071	0.003988745	0.07060564	0.3152858	0.998682
ENSMUSG00000028836	6.40128189	-0.001142025	0.06760537	0.7836185	0.998682
ENSMUSG00000029361	122.17552606	-0.0005319753	0.03985273	0.8395464	0.998682
ENSMUSG00000023473	185.09052913	-0.0003890198	0.03937939	0.881569	0.998682
ENSMUSG00000034829	26.9626863	0.015247	0.20861085	0.231409	0.998682
ENSMUSG00000000318	11.5932459	0.0007537577	0.0713171	0.8659795	0.998682
ENSMUSG00000032338	10.91119254	0.0006557552	0.06361701	0.8675717	0.998682
ENSMUSG00000032053	21.87415851	2.466063	1.96943553	0.0002545307	0.04886989
ENSMUSG00000105971	21.11338215	-0.01744739	0.20562411	0.1521157	0.998682
ENSMUSG00000035277	15.62786497	-0.002482092	0.07911614	0.6011932	0.998682
ENSMUSG00000042604	48.76297604	-0.0003014515	0.04651594	0.9171624	0.998682
ENSMUSG00000033615	422.44127121	0.001312327	0.0397973	0.6249269	0.998682
ENSMUSG00000064339	3156.84496755	0.3514894	1.03099427	0.005542211	0.3760724
ENSMUSG00000038128	189.22886535	-0.0009564659	0.04095291	0.7207504	0.998682
ENSMUSG00000035270	41.43197287	0.08508083	0.50031864	0.02967404	0.841084
ENSMUSG00000034917	22.04744538	-0.003391536	0.10129913	0.5891561	0.998682
ENSMUSG00000097532	15.31219852	-0.03205606	0.29405672	0.08759468	0.9700398
ENSMUSG00000063239	42.80677243	0.003050665	0.06143424	0.389189	0.998682
ENSMUSG00000030729	360.01975955	-0.002035009	0.03974244	0.4679098	0.998682
ENSMUSG00000067028	17.59133732	0.001877491	0.05872493	0.5893664	0.998682
ENSMUSG00000097497	7.33260775	-0.03975718	0.34008555	0.07734526	0.9700398
ENSMUSG00000044067	69.49485303	-0.004254811	0.05621711	0.2217552	0.998682
ENSMUSG00000025867	1749.68894312	0.002113057	0.04620739	0.4683172	0.998682
ENSMUSG00000097444	5.00465474	-0.02625363	0.27657169	0.1307214	0.998682
ENSMUSG00000019828	59.06870431	0.002886093	0.05326308	0.3678772	0.998682
ENSMUSG00000038692	7.99313089	-0.003024254	0.10901026	0.6670759	0.998682
ENSMUSG00000005892	14.00215225	-0.009797969	0.15308809	0.2737371	0.998682
ENSMUSG00000049281	151.27099381	-0.0003168969	0.0374817	0.9021794	0.998682
ENSMUSG00000040972	115.35503389	0.0007873375	0.03890892	0.7638947	0.998682
ENSMUSG00000098318	4.83704631	0.004024061	0.10173479	0.5118024	0.998682
ENSMUSG00000103301	9.21901543	-0.02350387	0.26048746	0.1467489	0.998682
ENSMUSG00000059456	807.66996386	-0.0002976387	0.03551527	0.908602	0.998682
ENSMUSG00000107148	8.43137331	-0.007486502	0.138728	0.3673589	0.998682
ENSMUSG00000025221	44.83554421	0.0004326833	0.04784893	0.8839957	0.998682
ENSMUSG00000051111	108.42387996	0.002262706	0.05116271	0.4639431	0.998682
ENSMUSG00000007021	122.52694409	0.001286956	0.03962693	0.6309773	0.998682
ENSMUSG00000030854	150.222462	-0.0002154864	0.04834518	0.9426693	0.998682
ENSMUSG00000036760	17.10847482	-0.01219026	0.15657817	0.1693145	0.998682
ENSMUSG00000085816	7.19212117	-0.0007400333	0.10571079	0.9173615	0.998682
ENSMUSG00000021852	18.4645304	0.0004626831	0.06079546	0.9019277	0.998682
ENSMUSG00000055567	466.71975579	4.11714e-05	0.03584005	0.9872607	0.998682
ENSMUSG00000037126	278.79757765	0.002156729	0.04585068	0.4584561	0.998682
ENSMUSG00000004933	156.22576044	-0.003383115	0.04480055	0.2787963	0.998682
ENSMUSG00000021730	68.60569613	0.006600689	0.09438745	0.2019272	0.998682
ENSMUSG00000032495	24.65312109	0.02324154	0.23072153	0.09592538	0.9700398
ENSMUSG00000059187	42.90539502	-0.0005066796	0.04064623	0.8483093	0.998682
ENSMUSG00000027584	43.17089443	-0.004188759	0.06366393	0.2559289	0.998682
ENSMUSG00000079157	127.4765494	0.001938322	0.04090823	0.4870926	0.998682
ENSMUSG00000016179	12.53419522	-0.008810465	0.11196558	0.1517538	0.998682
ENSMUSG00000036095	276.56613891	-0.002448275	0.0382996	0.4010423	0.998682
ENSMUSG00000102992	12.21698572	-0.009928401	0.16139715	0.3042327	0.998682
ENSMUSG00000035681	80.26570184	-0.0008276866	0.03802405	0.75159	0.998682
ENSMUSG00000027568	5.66316979	-0.0041568	0.09152391	0.4312574	0.998682
ENSMUSG00000102257	12.05584619	-0.05067312	0.38086485	0.05470039	0.9037862
ENSMUSG00000097545	306.38631774	0.009632509	0.11895938	0.1413928	0.998682
ENSMUSG00000038917	11.57320072	-0.01403998	0.18365479	0.1921362	0.998682
ENSMUSG00000079550	59.50649184	0.02736151	0.26774274	0.1011744	0.9700398
ENSMUSG00000063142	336.9641072	4.375393e-05	0.03494682	0.9865942	0.998682
ENSMUSG00000103596	14.98431521	-0.02279154	0.23069058	0.1020742	0.9700398
ENSMUSG00000073008	4.97422193	-0.005787187	0.12788944	0.4618424	0.998682
ENSMUSG00000030226	357.54047186	-0.0001544779	0.03735229	0.9521263	0.998682
ENSMUSG00000102508	8.67093742	0.002269212	0.07013641	0.58439	0.998682
ENSMUSG00000002068	23.28997625	0.0004442601	0.04542648	0.8757938	0.998682
ENSMUSG00000047692	8.14159033	-0.002296999	0.10895226	0.7493588	0.998682
ENSMUSG00000071753	41.00781411	-0.02188685	0.17934982	0.04557138	0.9026969
ENSMUSG00000097672	12.40122097	-0.03133865	0.30208396	0.1049012	0.9700398
ENSMUSG00000105542	9.6590089	-0.008097558	0.14019173	0.3267259	0.998682
ENSMUSG00000103613	7.15210682	-0.0185251	0.22156783	0.1660987	0.998682
ENSMUSG00000105461	7.09707436	-0.01709489	0.2190528	0.2002687	0.998682
ENSMUSG00000074968	78.55770171	0.001709444	0.04649903	0.554505	0.998682
ENSMUSG00000019775	88.39792569	-0.002063622	0.03990174	0.4625999	0.998682
ENSMUSG00000029304	1315.8979199	-0.002949843	0.08651809	0.5706131	0.998682
ENSMUSG00000031391	212.34768246	-0.0009778036	0.03469393	0.7174505	0.998682
ENSMUSG00000060924	265.32965238	-0.003626738	0.04911944	0.260553	0.998682
ENSMUSG00000104708	8.04013515	-0.03138273	0.30040504	0.1021657	0.9700398
ENSMUSG00000048758	731.07353359	0.5702041	1.13825295	0.001904558	0.3047293
ENSMUSG00000058925	11.27247253	-0.009208246	0.15178898	0.3055181	0.998682
ENSMUSG00000085201	2.72337468	0.005476875	0.12305425	0.4670114	0.998682
ENSMUSG00000048895	391.75354447	-0.0008614165	0.03461848	0.7485754	0.998682
ENSMUSG00000027221	405.46084173	4.386093e-05	0.03564136	0.9864495	0.998682
ENSMUSG00000064147	8.44883042	-0.001256078	0.08214492	0.8096062	0.998682
ENSMUSG00000105708	6.38918048	0.01071325	0.16237166	0.262053	0.998682
ENSMUSG00000064330	13.70506926	0.02136888	0.24816841	0.1635233	0.998682
ENSMUSG00000046167	148.3148912	-0.002097611	0.08562489	0.6940593	0.998682
ENSMUSG00000004031	162.50321442	-0.004241793	0.04933906	0.2078443	0.998682
ENSMUSG00000044641	26.08436104	0.1841056	0.69456137	0.008994347	0.5055157
ENSMUSG00000031409	49.31696091	-0.0005456883	0.04107605	0.837662	0.998682
ENSMUSG00000043498	66.03978913	0.00166006	0.04519949	0.5596419	0.998682
ENSMUSG00000086495	8.3194912	-0.007631618	0.13979352	0.3611558	0.998682
ENSMUSG00000090118	7.52419985	-0.01373951	0.1856993	0.2108791	0.998682
ENSMUSG00000039372	27.61885795	-0.01236795	0.13174855	0.09492905	0.9700398
ENSMUSG00000068428	16.13110393	-0.006838934	0.12348819	0.3392349	0.998682
ENSMUSG00000017723	5.58580846	-0.00895739	0.15667743	0.3462343	0.998682
ENSMUSG00000003872	28.71200007	-0.004068356	0.06310517	0.2657187	0.998682
ENSMUSG00000070304	379.66414509	0.0005948024	0.03674884	0.8186097	0.998682
ENSMUSG00000022375	7.59099175	-0.004854746	0.09270337	0.352187	0.998682
ENSMUSG00000094840	7.80824025	0.004028245	0.07863817	0.3616491	0.998682
ENSMUSG00000008193	11.43980091	0.03333332	0.26049727	0.04722483	0.9026969
ENSMUSG00000024673	4.53772768	0.01552887	0.20676574	0.2147618	0.998682
ENSMUSG00000084088	3.91927701	-0.007734492	0.14753036	0.3922287	0.998682
ENSMUSG00000029755	5.33973676	-0.001920942	0.08634591	0.7232862	0.998682
ENSMUSG00000037541	381.33598272	0.0001561337	0.03555357	0.9518628	0.998682
ENSMUSG00000024524	388.1180629	0.001817512	0.03882546	0.5104711	0.998682
ENSMUSG00000034799	534.16865133	-0.000549818	0.03376904	0.8392198	0.998682
ENSMUSG00000022829	158.34039938	0.0005439827	0.0358059	0.8344151	0.998682
ENSMUSG00000082931	9.32301674	-0.01719868	0.20763343	0.1641685	0.998682
ENSMUSG00000044024	120.78516462	-0.0008188902	0.03585416	0.7555618	0.998682
ENSMUSG00000039717	39.12376515	-0.001834274	0.04906607	0.5401386	0.998682
ENSMUSG00000099759	14.8899703	-0.004107182	0.10685047	0.5300594	0.998682
ENSMUSG00000049148	38.15110733	0.0004360103	0.04326088	0.8737639	0.998682
ENSMUSG00000034584	11.9245364	-0.001433074	0.05895988	0.6859293	0.998682
ENSMUSG00000087624	5.33163454	-0.007002513	0.14037443	0.4161538	0.998682
ENSMUSG00000026787	171.93500352	-0.0006583839	0.0460958	0.818636	0.998682
ENSMUSG00000064329	154.7949563	0.001194276	0.04160388	0.6592268	0.998682
ENSMUSG00000003469	480.77737545	-0.0004261791	0.0423845	0.8749766	0.998682
ENSMUSG00000040412	67.3675807	-0.004540922	0.07214652	0.2622225	0.998682
ENSMUSG00000040797	279.85171812	-0.0003182493	0.0367042	0.901709	0.998682
ENSMUSG00000083856	3.83959092	-0.006734984	0.14227737	0.4481565	0.998682
ENSMUSG00000034472	93.43620592	0.001689413	0.04966371	0.5757176	0.998682
ENSMUSG00000045009	52.67542913	0.0008042552	0.0416794	0.7649691	0.998682
ENSMUSG00000106905	14.86625326	0.00575185	0.09218435	0.2568344	0.998682
ENSMUSG00000034098	36.15667579	-0.002685226	0.04640563	0.3702496	0.998682
ENSMUSG00000038026	115.96019855	-0.002824902	0.04854144	0.3565475	0.998682
ENSMUSG00000043388	213.35529332	-0.0114283	0.11480792	0.08102844	0.9700398
ENSMUSG00000064337	3998.56583406	0.257671	0.9352907	NA	NA
ENSMUSG00000027559	22.96863215	0.001730383	0.07401791	0.7022487	0.998682
ENSMUSG00000103092	20.24365243	-0.0009102733	0.06502502	0.8202585	0.998682
ENSMUSG00000046480	102.37403862	0.002408662	0.05102863	0.4359734	0.998682
ENSMUSG00000021613	23.46998639	0.001411949	0.04804063	0.6320703	0.998682
ENSMUSG00000014813	9.43135055	-0.0700725	0.40188881	0.02294515	0.7462121
ENSMUSG00000021848	24.96668886	0.00115294	0.09712999	0.8570811	0.998682
ENSMUSG00000091002	17.43055392	0.001553247	0.05426757	0.6332319	0.998682
ENSMUSG00000001986	466.53380372	-0.002066979	0.04241412	0.4647936	0.998682
ENSMUSG00000090293	26.33087594	-0.003931202	0.09895775	0.5074453	0.998682
ENSMUSG00000028546	93.76537566	-0.0005869756	0.03599735	0.8215288	0.998682
ENSMUSG00000083183	17.94493814	-0.03125489	0.28658177	0.08587124	0.9700398
ENSMUSG00000029245	209.57995781	0.006083984	0.06809337	0.1391271	0.998682
ENSMUSG00000102359	5.47433916	-0.00644731	0.13591787	0.4418266	0.998682
ENSMUSG00000083796	30.2593628	-0.05159838	0.3680442	0.04469568	0.9026969
ENSMUSG00000058975	182.42965173	-0.001741017	0.03933336	0.5261079	0.998682
ENSMUSG00000075316	25.92543074	-0.08203935	0.48660757	0.02988999	0.841084
ENSMUSG00000035202	5281.19720331	0.1616592	0.68673054	0.01305688	0.6267304
ENSMUSG00000097929	26.59378376	-0.004171688	0.06388112	0.2586504	0.998682
ENSMUSG00000022269	7.96165479	-0.008884058	0.11979825	0.1776008	0.998682
ENSMUSG00000024403	356.00535609	0.0007492294	0.03592618	0.7749231	0.998682
ENSMUSG00000025855	763.97920686	0.0002111061	0.03550477	0.9350195	0.998682
ENSMUSG00000025738	1036.29078077	0.001433267	0.03789184	0.5948347	0.998682
ENSMUSG00000037492	32.91564924	0.0006354321	0.04874397	0.8326597	0.998682
ENSMUSG00000031138	16.45871909	0.001713625	0.09740077	0.7870905	0.998682
ENSMUSG00000097399	12.48170008	-0.001993493	0.09269145	0.736056	0.998682
ENSMUSG00000072688	7.94714065	-0.0001594808	0.08032087	0.9753611	0.998682
ENSMUSG00000073779	10.664952	0.0002263908	0.05513131	0.9468617	0.998682
ENSMUSG00000086499	9.1932824	-0.004147945	0.11789566	0.5797032	0.998682
ENSMUSG00000050377	16.6731693	-0.0007499966	0.07102038	0.866016	0.998682
ENSMUSG00000042425	4.8825586	0.000438659	0.06940255	0.9197053	0.998682
ENSMUSG00000062393	11.15932344	-0.3740791	1.10248548	0.005876132	0.3760724
ENSMUSG00000104200	9.42401924	-0.0403572	0.35202816	0.08457974	0.9700398
ENSMUSG00000094226	8.85248212	-0.003536544	0.10720647	0.5997319	0.998682
ENSMUSG00000084390	35.42191145	-0.09198406	0.5087846	0.02453096	0.7596684
ENSMUSG00000098202	15.59099047	-0.003599711	0.07272061	0.380965	0.998682
ENSMUSG00000092103	23.42034398	-0.01779422	0.20081153	0.1317337	0.998682
ENSMUSG00000099472	13.32378587	-0.06920453	0.46417583	0.04340694	0.9026969
ENSMUSG00000035504	138.28952213	0.2107243	0.79695845	NA	NA
ENSMUSG00000022054	125.16016425	-0.001624479	0.04312218	0.5594434	0.998682
ENSMUSG00000037474	21.77892327	-0.0006645208	0.04463115	0.8126092	0.998682
ENSMUSG00000078144	13.37254073	-0.007549721	0.13202646	0.3264357	0.998682
ENSMUSG00000072672	38.9182859	0.01017926	0.12983382	0.1561707	0.998682
ENSMUSG00000051452	3.87184812	0.01497979	0.19726157	0.2032666	0.998682
ENSMUSG00000027073	51.55268748	0.4644216	1.15653436	0.003684953	0.3114341
ENSMUSG00000106710	10.61752422	-0.0001366157	0.09966847	0.9836587	0.998682
ENSMUSG00000087579	17.52718525	0.05185338	0.31252834	0.02236912	0.7462121
ENSMUSG00000045441	14.13410994	0.001534785	0.04960162	0.6110734	0.998682
ENSMUSG00000048355	33.47273469	0.01623357	0.15004955	0.06348065	0.9608122
ENSMUSG00000022362	20.8665983	0.003871255	0.0817624	0.4042077	0.998682
ENSMUSG00000074817	15.28252993	-0.02035863	0.22202906	0.1260029	0.998682
ENSMUSG00000026825	1181.15394929	0.0001614571	0.03429418	0.9512415	0.998682
ENSMUSG00000004113	237.63119231	-0.0008773412	0.03554125	0.7403553	0.998682
ENSMUSG00000026312	38.42840421	-0.001901534	0.05455623	0.5581013	0.998682
ENSMUSG00000071716	12.99223548	-0.00218549	0.09361386	0.7133299	0.998682
ENSMUSG00000042750	149.94439984	-0.000376422	0.03543423	0.8848542	0.998682
ENSMUSG00000040364	16.55031766	0.009896746	0.12561781	0.1531321	0.998682
ENSMUSG00000066677	40.27967071	-0.0002160409	0.09070426	0.9710824	0.998682
ENSMUSG00000056643	9.32769211	0.001666737	0.07847805	0.732114	0.998682
ENSMUSG00000097915	14.73875551	0.007532539	0.10589131	0.1938943	0.998682
ENSMUSG00000034687	176.54543288	0.001972195	0.04276951	0.4840757	0.998682
ENSMUSG00000006235	12.79187612	-0.0007902045	0.05364921	0.8095579	0.998682
ENSMUSG00000028931	444.608364	0.001849055	0.03711232	0.5077021	0.998682
ENSMUSG00000105500	12.77283377	-0.01773168	0.20881828	0.1531668	0.998682
ENSMUSG00000055629	83.06270879	-0.001339375	0.03847308	0.6170224	0.998682
ENSMUSG00000062961	41.27937165	0.001465838	0.04295006	0.5959687	0.998682
ENSMUSG00000103738	8.4689716	-0.006222394	0.12825472	0.4224164	0.998682
ENSMUSG00000025983	6.10025524	-0.003048936	0.11051827	0.669924	0.998682
ENSMUSG00000107358	9.35054413	-0.06082605	0.4328823	0.05018516	0.9026969
ENSMUSG00000026202	449.1384795	0.0008783899	0.03660911	0.7377827	0.998682
ENSMUSG00000052026	91.95729181	-0.002725484	0.04531783	0.3613281	0.998682
ENSMUSG00000076617	1700.98772172	0.3983661	1.03761585	0.003892926	0.3114341
ENSMUSG00000104178	9.79827698	-0.001816312	0.06023169	0.6114736	0.998682
ENSMUSG00000042200	8.22623911	0.001632251	0.06787383	0.6909109	0.998682
ENSMUSG00000031343	163.74417791	0.0008597007	0.03803387	0.7426066	0.998682
ENSMUSG00000008932	15.31644859	0.01834098	0.22468251	0.1794236	0.998682
ENSMUSG00000094286	4.07273603	0.0002046157	0.07767917	0.967126	0.998682
ENSMUSG00000093628	5.87792857	-0.01671732	0.21097425	0.1879534	0.998682
ENSMUSG00000022756	132.47142085	0.0005420549	0.03644846	0.834341	0.998682
ENSMUSG00000072621	26.54423424	-0.004762967	0.10581303	0.446523	0.998682
ENSMUSG00000045318	36.63117909	0.003035188	0.05355144	0.3472104	0.998682
ENSMUSG00000039252	137.19512093	0.0013117	0.04069452	0.6268909	0.998682
ENSMUSG00000106133	3.27598384	-0.000448011	0.09543925	0.9435239	0.998682
ENSMUSG00000053693	118.50317288	-0.001468162	0.03641685	0.5900537	0.998682
ENSMUSG00000080937	5.3666885	-0.001607572	0.11319324	0.8337526	0.998682
ENSMUSG00000048001	21.61084678	0.001324637	0.05297691	0.6789949	0.998682
ENSMUSG00000021596	150.07081149	-7.607425e-06	0.03615805	0.9976417	0.998682
ENSMUSG00000048834	85.82473292	-0.003460599	0.05433058	0.2949243	0.998682
ENSMUSG00000021194	133.74646674	0.001344795	0.03757617	0.6160961	0.998682
ENSMUSG00000018930	26.73613706	-0.0001745759	0.08631773	0.9752201	0.998682
ENSMUSG00000041141	97.98491134	-0.003231615	0.04403433	0.2946106	0.998682
ENSMUSG00000048304	156.20866824	-0.007106276	0.08106038	0.1277097	0.998682
ENSMUSG00000097391	79.27197341	-0.00297018	0.05343754	0.3561182	0.998682
ENSMUSG00000073514	64.16565613	0.002426331	0.0446738	0.4063798	0.998682
ENSMUSG00000031722	14.445036	0.0007523556	0.1067479	0.9169601	0.998682
ENSMUSG00000032528	32.12747093	-0.001829661	0.04463796	0.5197826	0.998682
ENSMUSG00000104581	8.00737407	-0.005921002	0.12018013	0.4066319	0.998682
ENSMUSG00000103999	11.82101136	-0.01512568	0.19823656	0.2012275	0.998682
ENSMUSG00000032011	711.76665897	-0.0004476761	0.03395789	0.8674711	0.998682
ENSMUSG00000056427	124.31583141	0.002410076	0.04552357	0.4116488	0.998682
ENSMUSG00000090255	5.41219055	-0.00189859	0.07226279	0.663815	0.998682
ENSMUSG00000102665	5.18658742	-0.01202413	0.17045052	0.2282943	0.998682
ENSMUSG00000090066	8.67151992	-0.004607251	0.09923848	0.4242338	0.998682
ENSMUSG00000023345	78.44294612	0.1120981	0.46235362	0.008540789	0.5055157
ENSMUSG00000046204	124.68091934	-0.0009868218	0.03598831	0.7096381	0.998682
ENSMUSG00000044556	9.02103948	-0.009662082	0.15228636	0.2784238	0.998682
ENSMUSG00000035576	15.43124261	-0.002735334	0.06565329	0.4702594	0.998682
ENSMUSG00000056812	145.20568862	-0.008603683	0.09035481	0.09904096	0.9700398
ENSMUSG00000032773	334.62908021	-0.0004885626	0.03375353	0.8566622	0.998682
ENSMUSG00000032776	24.24581878	-0.03913124	0.27885954	0.03629016	0.9026969
ENSMUSG00000080731	14.72025402	-0.01019468	0.15717912	0.2686541	0.998682
ENSMUSG00000103694	33.00855972	-0.001599624	0.05617121	0.633848	0.998682
ENSMUSG00000083359	3.29963227	0.002472502	0.10089818	0.702839	0.998682
ENSMUSG00000054034	45.14293569	-0.0001269955	0.03776775	0.9606853	0.998682
ENSMUSG00000083104	16.37227246	-0.04699778	0.35011013	0.04979847	0.9026969
ENSMUSG00000026725	5.60403755	-0.01092808	0.17143488	0.2895947	0.998682
ENSMUSG00000086496	14.75453987	0.00111609	0.05486413	0.7372243	0.998682
ENSMUSG00000030500	25.05061598	-0.0006550741	0.04504943	0.816443	0.998682
ENSMUSG00000022518	12.73362763	-0.001626195	0.0984535	0.8007658	0.998682
ENSMUSG00000022696	130.79919035	-0.0006758085	0.05001601	0.8260626	0.998682
ENSMUSG00000030043	7.90933091	-0.002385936	0.06716272	0.5437971	0.998682
ENSMUSG00000095040	3.06290028	0.0007360045	0.08828008	0.8980412	0.998682
ENSMUSG00000089663	9.13215503	-0.6587412	1.47632514	0.003159004	0.3114341
ENSMUSG00000015340	656.69807749	-0.00474438	0.09830046	0.401647	0.998682
ENSMUSG00000028137	202.92301448	-0.001610596	0.04090098	0.5563266	0.998682
ENSMUSG00000063626	76.46554924	-0.002031646	0.0574217	0.5489641	0.998682
ENSMUSG00000057378	133.24887994	0.001011649	0.03852672	0.7012122	0.998682
ENSMUSG00000038115	25.28465393	0.03245068	0.30020017	0.09139518	0.9700398
ENSMUSG00000043592	3.32845573	0.0209898	0.22741519	0.1253442	0.998682
ENSMUSG00000041986	194.69699052	0.001138408	0.03773874	0.6674617	0.998682
ENSMUSG00000095306	10.95358697	-0.01613883	0.19396883	0.1558369	0.998682
ENSMUSG00000003279	907.57215255	0.0005671416	0.0340642	0.8327885	0.998682
ENSMUSG00000030525	21.93730041	0.001933007	0.05408294	0.5484441	0.998682
ENSMUSG00000022129	20.99065982	0.0002974774	0.09146206	0.9605668	0.998682
ENSMUSG00000083849	8.03308215	0.001252293	0.06802818	0.7641452	0.998682
ENSMUSG00000085218	10.27914856	-0.006922332	0.12274701	0.3277135	0.998682
ENSMUSG00000059857	41.42597688	0.001360348	0.04534129	0.6315857	0.998682
ENSMUSG00000020673	15.38871737	0.003314881	0.11438574	0.6549389	0.998682
ENSMUSG00000020264	20.34876766	-0.0002191886	0.06110235	0.9538204	0.998682
ENSMUSG00000026527	110.25918083	0.00174647	0.04294069	0.5316233	0.998682
ENSMUSG00000081816	9.0673647	-0.002708283	0.11034098	0.7075508	0.998682
ENSMUSG00000102312	9.43683945	0.002021372	0.06029724	0.5696236	0.998682
ENSMUSG00000045967	218.95229027	-0.001800352	0.03830086	0.5144747	0.998682
ENSMUSG00000104493	12.76490454	-0.008439705	0.14800722	0.340938	0.998682
ENSMUSG00000086739	19.0878671	0.0001279663	0.04705528	0.9651412	0.998682
ENSMUSG00000097767	998.67271304	-0.003385157	0.04271935	0.278077	0.998682
ENSMUSG00000103320	7.43698856	0.002466319	0.08206366	0.6200664	0.998682
ENSMUSG00000041923	112.17122113	0.0007508329	0.03661582	0.7735196	0.998682
ENSMUSG00000086997	4.42531727	-0.008795724	0.14877021	0.3191036	0.998682
ENSMUSG00000100929	7.6750922	0.00477668	0.12963468	0.5672929	0.998682
ENSMUSG00000064225	105.16393705	-0.0001996599	0.03612982	0.9382448	0.998682
ENSMUSG00000058755	18.40782092	-0.00608528	0.1229477	0.4062354	0.998682
ENSMUSG00000022221	18.59074345	-0.002915485	0.09327275	0.6119507	0.998682
ENSMUSG00000040118	596.84864856	-0.0001625329	0.03501034	0.9502251	0.998682
ENSMUSG00000105789	3.39801132	0.002905941	0.09840283	0.6376369	0.998682
ENSMUSG00000057074	9.43919333	0.0007920728	0.09871112	0.9039448	0.998682
ENSMUSG00000003948	337.68746002	0.002048381	0.04589104	0.479724	0.998682
ENSMUSG00000039539	6.41789117	0.0004078564	0.05885802	0.9105255	0.998682
ENSMUSG00000103255	21.04906472	-0.02331604	0.22336015	0.08379179	0.9700398
ENSMUSG00000102816	13.43645202	-0.001839401	0.06506445	0.6354986	0.998682
ENSMUSG00000026610	33.06719034	0.002154322	0.04508419	0.4560255	0.998682
ENSMUSG00000039629	127.68355999	-0.000127018	0.03990291	0.9613433	0.998682
ENSMUSG00000070336	11.85217898	-0.002778748	0.09399677	0.6342628	0.998682
ENSMUSG00000103751	12.15683416	-0.008485333	0.15264964	0.3604737	0.998682
ENSMUSG00000050321	126.44921606	-0.0007953528	0.03741145	0.7605396	0.998682
ENSMUSG00000052516	239.47745087	0.004180842	0.05074273	0.2146498	0.998682
ENSMUSG00000102619	6.83254315	-0.01619604	0.20590272	0.1891647	0.998682
ENSMUSG00000048142	492.73259354	0.0007655458	0.03381393	0.7794853	0.998682
ENSMUSG00000086356	6.80431854	0.002149454	0.07917396	0.6560463	0.998682
ENSMUSG00000106004	10.53881051	-0.01241308	0.18153746	0.2538105	0.998682
ENSMUSG00000082154	2.67846827	-0.0008563506	0.08450046	0.8749414	0.998682
ENSMUSG00000028834	9.04983556	0.02745344	0.25230761	0.07917473	0.9700398
ENSMUSG00000085779	14.3622713	0.0005314125	0.04647785	0.8542334	0.998682
ENSMUSG00000104874	16.39390876	-0.02453768	0.24123157	0.09569657	0.9700398
ENSMUSG00000047428	36.34296637	-0.00437733	0.07058334	0.2708139	0.998682
ENSMUSG00000105717	10.77564393	-0.03308379	0.2995776	0.08507687	0.9700398
ENSMUSG00000024793	7.7199959	-0.005276075	0.09319073	0.30875	0.998682
ENSMUSG00000106290	10.83741598	-0.00953838	0.15219255	0.2858152	0.998682
ENSMUSG00000028488	301.54761836	-0.002527737	0.04221088	0.3856151	0.998682
ENSMUSG00000078129	6.13180182	0.002680191	0.07038154	0.512406	0.998682
ENSMUSG00000047904	20.52137605	-2.732522e-05	0.05052593	0.9930142	0.998682
ENSMUSG00000087439	4.30292934	-0.009131317	0.1593303	0.3468024	0.998682
ENSMUSG00000087593	6.06240447	0.01050057	0.16121173	0.2689862	0.998682
ENSMUSG00000104122	11.2613904	-0.08194333	0.48916691	0.03065878	0.841084
ENSMUSG00000106943	25.79143743	-0.01398988	0.17848184	0.176719	0.998682
ENSMUSG00000055214	9.82428963	0.007693253	0.11790202	0.2403883	0.998682
ENSMUSG00000092268	11.27254828	0.005716857	0.11918813	0.4214465	0.998682
ENSMUSG00000037217	723.23424033	0.0006129255	0.03450994	0.8177965	0.998682
ENSMUSG00000028351	261.56856997	0.001641039	0.03903075	0.5474869	0.998682
ENSMUSG00000081104	13.32013177	-0.003016341	0.10657132	0.658537	0.998682
ENSMUSG00000082686	6.27699347	-0.01563656	0.20431063	0.2029441	0.998682
ENSMUSG00000034413	165.42218598	0.0006255228	0.03958088	0.8116223	0.998682
ENSMUSG00000027016	26.46834057	0.01024843	0.11819691	0.1177589	0.998682
ENSMUSG00000033419	452.35388807	-0.0007947393	0.03793251	0.7608571	0.998682
ENSMUSG00000020808	6.27426588	0.00781697	0.13293557	0.3101259	0.998682
ENSMUSG00000106646	10.72643521	0.0009379106	0.06727167	0.8216064	0.998682
ENSMUSG00000105826	7.25728933	-0.001423798	0.08982657	0.8056096	0.998682
ENSMUSG00000032373	57.4507585	-0.01151298	0.1446503	0.1545615	0.998682
ENSMUSG00000102037	37.07307791	-0.004181091	0.10035531	0.4840082	0.998682
ENSMUSG00000024675	22.72159135	-0.007954208	0.12110205	0.2383785	0.998682
ENSMUSG00000010592	5.79148793	-0.02071941	0.22505173	0.1254951	0.998682
ENSMUSG00000039883	12.08352887	0.05115345	0.3492392	0.03703011	0.9026969
ENSMUSG00000103403	6.91586678	0.005011338	0.08901784	0.3110294	0.998682
ENSMUSG00000097344	7.97708763	-0.007243963	0.12357937	0.3051172	0.998682
ENSMUSG00000104284	12.75868906	-0.0004060512	0.04662918	0.8887415	0.998682
ENSMUSG00000024172	117.80253153	0.001996923	0.03959821	0.4750729	0.998682
ENSMUSG00000087349	8.09008271	-0.01241521	0.17323945	0.2211184	0.998682
ENSMUSG00000033520	6.99666128	-0.004943822	0.11318272	0.4690942	0.998682
ENSMUSG00000100815	18.70779847	-0.006957538	0.12169054	0.3186833	0.998682
ENSMUSG00000048385	158.86866451	0.002397374	0.04502885	0.4122657	0.998682
ENSMUSG00000104912	13.17687753	-0.0005041614	0.09130995	0.9329897	0.998682
ENSMUSG00000097381	12.06537148	-0.02496406	0.24951924	0.1032296	0.9700398
ENSMUSG00000050711	172.73873108	-0.007036021	0.09202879	0.1657743	0.998682
ENSMUSG00000102709	3.82859548	0.004699661	0.11201764	0.4897363	0.998682
ENSMUSG00000104149	4.03388176	-0.005829005	0.10817808	0.3443989	0.998682
ENSMUSG00000025318	358.10474948	0.001882024	0.03594833	0.5071283	0.998682
ENSMUSG00000051703	73.53663737	-0.005058205	0.06125989	0.1773772	0.998682
ENSMUSG00000039419	173.17272125	0.0009169019	0.03692863	0.7268718	0.998682
ENSMUSG00000002489	453.11467144	-0.0004163315	0.03412287	0.8759514	0.998682
ENSMUSG00000061578	223.90697084	-0.001038329	0.03574335	0.6968622	0.998682
ENSMUSG00000052392	7.08923653	-0.02345925	0.22966226	0.09145164	0.9700398
ENSMUSG00000105224	5.10295978	-0.003346816	0.1115824	0.6405135	0.998682
ENSMUSG00000041608	15.14656906	-0.0008755999	0.05270599	0.7855179	0.998682
ENSMUSG00000092183	9.09943507	0.004170555	0.11722493	0.5742616	0.998682
ENSMUSG00000056486	1207.07082666	0.001541083	0.03620387	0.5747665	0.998682
ENSMUSG00000092604	6.6799786	0.006185546	0.12175842	0.3897957	0.998682
ENSMUSG00000023045	6.78864949	-0.007342951	0.13666722	0.3683447	0.998682
ENSMUSG00000081854	16.79273235	0.0004729186	0.09422059	0.9394572	0.998682
ENSMUSG00000000305	125.9512683	-0.002118433	0.04947679	0.4829634	0.998682
ENSMUSG00000030898	76.23291241	0.002057774	0.04090716	0.4641441	0.998682
ENSMUSG00000094910	324.58172551	0.0005641516	0.03408611	0.8335315	0.998682
ENSMUSG00000066682	15.95500015	-0.004946274	0.10791278	0.4380856	0.998682
ENSMUSG00000102938	23.15234138	-0.002477681	0.06423811	0.5070928	0.998682
ENSMUSG00000103216	9.0135539	-0.05761915	0.39341617	0.04061477	0.9026969
ENSMUSG00000005202	12.0651717	-0.001158614	0.07039249	0.7901772	0.998682
ENSMUSG00000086308	5.19365117	-0.0002258934	0.07158132	0.9601119	0.998682
ENSMUSG00000091510	8.85276699	-0.000806128	0.05928447	0.8242948	0.998682
ENSMUSG00000091575	19.05819394	-0.00150022	0.08987937	0.7951407	0.998682
ENSMUSG00000027820	22.10235442	0.001699517	0.06447466	0.659991	0.998682
ENSMUSG00000103310	26.67572029	-0.002288308	0.05944789	0.510794	0.998682
ENSMUSG00000021057	265.58926288	-0.003404759	0.05633188	0.310473	0.998682
ENSMUSG00000083745	6.38307457	0.03442765	0.27006138	0.04899744	0.9026969
ENSMUSG00000042254	153.65132768	-0.00416264	0.09641816	0.4621048	0.998682
ENSMUSG00000104108	13.85199523	-0.00535417	0.1211465	0.4692923	0.998682
ENSMUSG00000030577	92.69354923	-0.000544637	0.07613505	0.9103113	0.998682
ENSMUSG00000099170	8.18250952	-0.0003971089	0.09503998	0.949698	0.998682
ENSMUSG00000049971	34.77408374	0.000895578	0.03988924	0.7350819	0.998682
ENSMUSG00000084218	13.91892073	-0.01246878	0.17296561	0.2176567	0.998682
ENSMUSG00000069516	4213.74091219	-0.002136194	0.07392401	0.6305332	0.998682
ENSMUSG00000000869	9.19264169	6.918718e-05	0.09614957	0.9913617	0.998682
ENSMUSG00000093758	8.03784875	-0.007511431	0.1393605	0.3686303	0.998682
ENSMUSG00000101452	4.5062089	0.002837936	0.09720376	0.6411161	0.998682
ENSMUSG00000025739	30.56348482	0.02662089	0.2194449	0.0507767	0.9026969
ENSMUSG00000102895	9.66573795	-0.001042666	0.08048149	0.8384564	0.998682
ENSMUSG00000026175	5.4885398	-0.003963272	0.1189062	0.6036173	0.998682
ENSMUSG00000034825	98.36473803	-0.001707591	0.04516449	0.5487489	0.998682
ENSMUSG00000097619	14.65064255	-0.001279825	0.08751642	0.8200188	0.998682
ENSMUSG00000024846	6.16032761	0.004599204	0.08724215	0.34672	0.998682
ENSMUSG00000086820	13.67943333	0.004730073	0.10272909	0.4314606	0.998682
ENSMUSG00000038576	225.96700664	0.001184664	0.04236076	0.6641551	0.998682
ENSMUSG00000038663	21.12213462	-0.01891049	0.21075325	0.1304563	0.998682
ENSMUSG00000025938	44.81553413	0.0002496913	0.05780377	0.9441868	0.998682
ENSMUSG00000080972	31.93270151	-0.0138898	0.16849075	0.1488692	0.998682
ENSMUSG00000047515	10.14725898	-0.0273413	0.27595942	0.1140916	0.998682
ENSMUSG00000052749	9.9642553	-0.002225754	0.08872207	0.6883235	0.998682
ENSMUSG00000102951	12.58922011	-0.02486094	0.26004289	0.1226353	0.998682
ENSMUSG00000049097	74.51777347	0.001635206	0.04293844	0.5563685	0.998682
ENSMUSG00000027335	11.66277479	0.0002488011	0.04861254	0.9341353	0.998682
ENSMUSG00000074505	686.56690458	0.001043556	0.03824426	0.6924515	0.998682
ENSMUSG00000091993	4.65797497	0.001160003	0.07234928	0.7963745	0.998682
ENSMUSG00000029161	41.54939863	0.0002854811	0.03651675	0.9117711	0.998682
ENSMUSG00000038807	330.062876	0.0001172734	0.03398212	0.9648574	0.998682
ENSMUSG00000082484	13.53217253	-0.07157116	0.43834507	0.03066452	0.841084
ENSMUSG00000078887	57.18637225	0.008791619	0.1183948	0.1766721	0.998682
ENSMUSG00000090264	10.73587267	-0.004514222	0.09899471	0.4340768	0.998682
ENSMUSG00000055761	17.95728293	-0.01258884	0.1340092	0.09490829	0.9700398
ENSMUSG00000053550	288.20454713	-0.0004775705	0.03422574	0.8577776	0.998682
ENSMUSG00000092182	4.36393766	-0.004426257	0.11745153	0.5478839	0.998682
ENSMUSG00000101587	15.23051911	-0.003885371	0.10318092	0.5371483	0.998682
ENSMUSG00000104705	6.21242708	-0.001905347	0.09636261	0.7596105	0.998682
ENSMUSG00000106121	8.95453036	0.0009740061	0.07555636	0.8376514	0.998682
ENSMUSG00000042800	7.27914336	-0.009755256	0.15305481	0.2762214	0.998682
ENSMUSG00000107306	4.06658061	0.005254147	0.10316095	0.3739799	0.998682
ENSMUSG00000106773	3.78271498	0.001423367	0.08475297	0.7916967	0.998682
ENSMUSG00000025372	424.62646846	-0.0002883068	0.03523489	0.9117233	0.998682
ENSMUSG00000102994	13.47396448	-0.007115051	0.12530964	0.3255484	0.998682
ENSMUSG00000026715	25.35386473	-0.005622186	0.11585496	0.4118995	0.998682
ENSMUSG00000000308	172.52006028	-0.0003933729	0.03599548	0.8791712	0.998682
ENSMUSG00000099703	6.09966306	0.008763948	0.13158557	0.2364063	0.998682
ENSMUSG00000039860	71.17557039	0.002634362	0.04784601	0.38301	0.998682
ENSMUSG00000056656	6.15670112	0.005369331	0.09894712	0.3348365	0.998682
ENSMUSG00000062184	72.07923331	0.001121325	0.04195101	0.6793605	0.998682
ENSMUSG00000043289	6.76991238	-0.003424031	0.10053639	0.5811969	0.998682
ENSMUSG00000014030	14.6634839	-0.009895245	0.15301209	0.2674443	0.998682
ENSMUSG00000032561	46.04601854	0.0002978499	0.06575756	0.9421003	0.998682
ENSMUSG00000051456	5.46654315	-0.003512632	0.10072174	0.5708609	0.998682
ENSMUSG00000021534	8.13771351	0.002317821	0.06159577	0.5194407	0.998682
ENSMUSG00000087326	10.27389775	-0.003206669	0.09906261	0.6017575	0.998682
ENSMUSG00000102449	7.60299325	-0.007178489	0.12966257	0.3443134	0.998682
ENSMUSG00000068396	6.42516552	-0.001561653	0.10388606	0.8208538	0.998682
ENSMUSG00000097997	17.35629197	-0.003703414	0.09642891	0.5223378	0.998682
ENSMUSG00000042282	92.0936484	0.03891453	0.32292724	0.06730314	0.9667487
ENSMUSG00000002997	124.11664715	0.002594737	0.04374789	0.3774906	0.998682
ENSMUSG00000021071	548.89044323	0.001195877	0.03496883	0.6609857	0.998682
ENSMUSG00000091154	12.40132652	0.001693122	0.08195118	0.741275	0.998682
ENSMUSG00000032726	8.57898152	-0.009393193	0.1517412	0.2930434	0.998682
ENSMUSG00000023216	8.6548612	0.0003927989	0.07491763	0.9341451	0.998682
ENSMUSG00000023047	7.06489296	2.872846e-05	0.08712261	0.9959673	0.998682
ENSMUSG00000035385	122.35756601	0.002497971	0.09753853	0.6869506	0.998682
ENSMUSG00000035963	4.3293023	-0.0006397883	0.08392391	0.9059502	0.998682
ENSMUSG00000087050	14.24238351	0.001261732	0.06378241	0.7450161	0.998682
ENSMUSG00000073486	8.93633855	0.8036796	1.59234448	0.002337366	0.3114341
ENSMUSG00000016349	1026.7764889	0.0003357536	0.03511131	0.8975425	0.998682
ENSMUSG00000063446	27.50246429	-0.0004906627	0.04330252	0.8581913	0.998682
ENSMUSG00000097265	16.33927668	0.002600408	0.05814111	0.4437289	0.998682
ENSMUSG00000037982	7.09619699	-0.0005021866	0.06280974	0.897233	0.998682
ENSMUSG00000042671	86.70671485	0.0009729421	0.03853498	0.7117125	0.998682
ENSMUSG00000103192	78.15375604	-0.003283697	0.08919574	0.5374277	0.998682
ENSMUSG00000090546	1699.72278028	0.004003846	0.05482028	0.2395954	0.998682
ENSMUSG00000034187	1409.99685335	-0.001542107	0.0399265	0.5702557	0.998682
ENSMUSG00000035373	68.64345483	-0.001867999	0.08324818	0.7191588	0.998682
ENSMUSG00000105846	5.54059575	-0.0005333234	0.08853762	0.9264573	0.998682
ENSMUSG00000046449	115.40765532	-0.002838195	0.04566558	0.3460897	0.998682
ENSMUSG00000034427	5.75387132	-0.005163343	0.11578649	0.4598989	0.998682
ENSMUSG00000096870	77.00198391	-0.005785939	0.10830983	0.3495691	0.998682
ENSMUSG00000031253	14.46684275	-0.004655949	0.10190058	0.4351383	0.998682
ENSMUSG00000047490	13.03159491	-0.001506831	0.07493874	0.7449976	0.998682
ENSMUSG00000073067	10.18954559	-0.004033408	0.08794237	0.4238904	0.998682
ENSMUSG00000022041	6.32242854	0.001020214	0.0692643	0.8120759	0.998682
ENSMUSG00000093436	10.93402205	-0.0322269	0.28388888	0.07473041	0.9700398
ENSMUSG00000105553	8.68912561	-0.004432691	0.10393434	0.47444	0.998682
ENSMUSG00000086544	14.13700976	-0.006436286	0.09653274	0.2238497	0.998682
ENSMUSG00000089901	13.57087283	0.008174286	0.15734406	0.405528	0.998682
ENSMUSG00000029765	547.91855999	-0.0008100495	0.03389233	0.7669926	0.998682
ENSMUSG00000097451	786.73551207	-0.004031006	0.04995765	0.2253424	0.998682
ENSMUSG00000043439	98.01558936	0.002251344	0.05097669	0.4650904	0.998682
ENSMUSG00000054450	11.8021988	0.01398265	0.18528279	0.1998748	0.998682
ENSMUSG00000020963	27.50392344	0.0005051853	0.08782901	0.929679	0.998682
ENSMUSG00000032297	33.84135176	-0.003985405	0.06984401	0.3111416	0.998682
ENSMUSG00000028758	40.16809828	0.0004294502	0.04471827	0.8784878	0.998682
ENSMUSG00000024274	7.76546243	0.04975637	0.39136974	0.06495629	0.9608122
ENSMUSG00000090706	4.97286998	-0.001628289	0.09389693	0.7887362	0.998682
ENSMUSG00000091387	18.40670638	0.002902365	0.05655112	0.3830352	0.998682
ENSMUSG00000093536	13.62920673	-0.002796825	0.06229625	0.4366545	0.998682
ENSMUSG00000022479	32.84196624	-0.0005203344	0.0806845	0.9199366	0.998682
ENSMUSG00000025170	67.69427897	-0.000198655	0.03813634	0.9386793	0.998682
ENSMUSG00000104272	8.16656097	0.002364577	0.06389656	0.5259781	0.998682
ENSMUSG00000063430	201.69566249	0.004999918	0.05620014	0.1692634	0.998682
ENSMUSG00000105676	7.70930589	0.03686908	0.33275876	0.09079936	0.9700398
ENSMUSG00000106291	6.7599298	0.0006143625	0.07100064	0.8903138	0.998682
ENSMUSG00000086826	23.70495762	-3.984241e-05	0.09098656	0.9946877	0.998682
ENSMUSG00000097305	10.41099999	-0.002586902	0.07362848	0.550127	0.998682
ENSMUSG00000097636	5.88509325	0.002095861	0.07643324	0.6509904	0.998682
ENSMUSG00000098322	12.31962574	-0.002422016	0.09323337	0.679661	0.998682
ENSMUSG00000085925	116.60242471	-0.008789488	0.09553859	0.1050876	0.9700398
ENSMUSG00000041773	1312.24785337	-0.002887209	0.04702905	0.3427968	0.998682
ENSMUSG00000047798	78.75549736	-0.002356194	0.07678568	0.608806	0.998682
ENSMUSG00000052616	3.53001357	0.0002839374	0.08017585	0.9560279	0.998682
ENSMUSG00000091556	3.55853165	0.002531466	0.09205143	0.6594437	0.998682
ENSMUSG00000103560	81.64749885	-0.09072064	0.48005106	0.02020704	0.7462121
ENSMUSG00000102827	8.81107183	-0.001469284	0.09692833	0.8168661	0.998682
ENSMUSG00000010311	9.50935302	-0.005899183	0.11537278	0.380761	0.998682
ENSMUSG00000002341	732.45525815	0.0008173851	0.03386998	0.7652127	0.998682
ENSMUSG00000092325	8.01478198	-0.00851808	0.13933522	0.2913575	0.998682
ENSMUSG00000051323	187.64196377	-0.0245859	0.15531371	0.01982119	0.7462121
ENSMUSG00000038239	9.17341932	-0.002434405	0.08612379	0.6457818	0.998682
ENSMUSG00000033676	565.08956917	0.002735645	0.04748596	0.3661011	0.998682
ENSMUSG00000090778	9.80628789	-0.01710431	0.20688938	0.1647341	0.998682
ENSMUSG00000040728	11.44598496	0.0006777791	0.09233742	0.9110309	0.998682
ENSMUSG00000097430	7.14772387	0.006750137	0.10256917	0.2307819	0.998682
ENSMUSG00000021211	12.46236148	-0.02299356	0.23938012	0.1143389	0.998682
ENSMUSG00000080796	6.86793489	-0.006675993	0.13189262	0.4004346	0.998682
ENSMUSG00000022296	29.46092957	0.002909928	0.05101637	0.353886	0.998682
ENSMUSG00000007480	8.13529765	-0.002909638	0.10222983	0.6537682	0.998682
ENSMUSG00000097523	7.39334757	0.001308892	0.08120384	0.7987655	0.998682
ENSMUSG00000013928	9.83761063	0.001307539	0.10570096	0.8534466	0.998682
ENSMUSG00000087644	18.1257632	-0.0008245396	0.0539382	0.8023361	0.998682
ENSMUSG00000055972	10.35873579	-0.005490529	0.10929008	0.3864107	0.998682
ENSMUSG00000019888	37.46715301	-5.33155e-05	0.03683986	0.9834497	0.998682
ENSMUSG00000102607	9.03601434	-0.001657978	0.08711009	0.7644919	0.998682
ENSMUSG00000087700	4.88340274	-0.002222517	0.10469765	0.7455711	0.998682
ENSMUSG00000050138	18.59938395	0.008463847	0.12221651	0.2110941	0.998682
ENSMUSG00000107216	6.66297027	-0.0008277253	0.08645928	0.8823864	0.998682
ENSMUSG00000027606	6.83855386	0.006287505	0.11622132	0.3477682	0.998682
ENSMUSG00000030270	20.27234926	-0.008230465	0.10827696	0.1653784	0.998682
ENSMUSG00000030092	58.58375632	-0.001822117	0.04687473	0.5313922	0.998682
ENSMUSG00000061577	10.31975549	-0.006524486	0.12203348	0.3593693	0.998682
ENSMUSG00000086385	6.59247227	-0.01411063	0.19282558	0.2212919	0.998682
ENSMUSG00000028584	38.72844167	0.01771726	0.17755443	0.08566671	0.9700398
ENSMUSG00000086933	18.49334659	-0.03313746	0.28420641	0.06843307	0.9667487
ENSMUSG00000091922	14.67032425	-0.002920302	0.10841354	0.676785	0.998682
ENSMUSG00000098620	19.90785223	-0.007785184	0.13673098	0.332795	0.998682
ENSMUSG00000075416	18.30001683	-0.008512492	0.14079175	0.2991612	0.998682
ENSMUSG00000005583	983.83740143	0.0002231546	0.03485257	0.9319261	0.998682
ENSMUSG00000090001	5.21757239	-0.01226453	0.18162469	0.2614151	0.998682
ENSMUSG00000097162	4.57843831	-0.003841269	0.10854389	0.5701912	0.998682
ENSMUSG00000040856	73.88960116	-0.004677298	0.0946252	0.3858286	0.998682
ENSMUSG00000040420	43.6635476	-0.0006528943	0.04869975	0.8279633	0.998682
ENSMUSG00000023043	23.24930991	0.06110491	0.42159509	0.04436263	0.9026969
ENSMUSG00000093402	8.43836055	0.05556099	0.40924489	0.05396769	0.9037862
ENSMUSG00000015852	366.31490773	-0.003025073	0.07939649	0.5150499	0.998682
ENSMUSG00000006457	4.10547285	-0.0008294547	0.0807694	0.8722694	0.998682
ENSMUSG00000074052	6.20720429	-0.01203496	0.17747374	0.2560509	0.998682
ENSMUSG00000091730	16.54960395	-0.03199311	0.28123827	0.07371697	0.9700398
ENSMUSG00000087606	19.20696498	-0.004018551	0.10887832	0.5511172	0.998682
ENSMUSG00000038704	20.66999196	-0.0004395143	0.08764684	0.9386866	0.998682
ENSMUSG00000105966	25.49372516	-0.01465938	0.1825417	0.1669961	0.998682
ENSMUSG00000043635	38.70783982	-0.001920359	0.05146405	0.5352245	0.998682
ENSMUSG00000059742	277.0365549	0.001923884	0.03708475	0.4935233	0.998682
ENSMUSG00000066438	10.22427714	-0.0009835372	0.0593505	0.7857767	0.998682
ENSMUSG00000019982	8.20276056	0.008080599	0.12920544	0.2706993	0.998682
ENSMUSG00000081238	7.70212937	-0.02234332	0.23512184	0.1168991	0.998682
ENSMUSG00000036196	13.46678471	-0.003551168	0.09246158	0.5193665	0.998682
ENSMUSG00000087012	8.53391952	-0.06519157	0.43556826	0.04084439	0.9026969
ENSMUSG00000058046	8.12844133	0.001315979	0.07535544	0.7791947	0.998682
ENSMUSG00000035262	9.9661151	-0.0001351142	0.06159886	0.9717856	0.998682
ENSMUSG00000068259	6.41858137	-0.003714112	0.10689099	0.5771274	0.998682
ENSMUSG00000026611	24.84436555	-0.01113166	0.15415125	0.2055701	0.998682
ENSMUSG00000097429	11.01851364	-0.005062481	0.11540217	0.4685912	0.998682
ENSMUSG00000101191	6.02219791	-0.008215558	0.13951148	0.314305	0.998682
ENSMUSG00000081249	4.6778904	0.0009085845	0.07536225	0.8481939	0.998682
ENSMUSG00000092051	14.96312838	-0.009528094	0.14279898	0.2422194	0.998682
ENSMUSG00000078922	639.08563765	0.02843682	0.26457993	0.08515813	0.9700398
ENSMUSG00000026697	547.1435819	0.001397824	0.0609434	0.7036153	0.998682
ENSMUSG00000061576	370.04498887	-0.0003480033	0.03649692	0.8926743	0.998682
ENSMUSG00000095651	16.55606102	0.001445321	0.0700833	0.7362295	0.998682
ENSMUSG00000030653	543.33512089	-0.0004063698	0.03343214	0.8817008	0.998682
ENSMUSG00000050520	13.14724764	-0.01074877	0.16380254	0.2663503	0.998682
ENSMUSG00000086121	4.14852123	0.001819605	0.08010273	0.7139155	0.998682
ENSMUSG00000027456	14.01465078	-0.004819006	0.11336436	0.4838843	0.998682
ENSMUSG00000102651	23.78181083	-0.01416217	0.1761973	0.1635776	0.998682
ENSMUSG00000097053	10.48995778	-0.002797389	0.09074712	0.6157678	0.998682
ENSMUSG00000022422	7.31238923	0.009428648	0.16507749	0.3533842	0.998682
ENSMUSG00000062794	12.32576224	-0.0007113774	0.04935348	0.8148239	0.998682
ENSMUSG00000037759	12.71623269	-0.002967367	0.09421254	0.6095319	0.998682
ENSMUSG00000053830	12.20254419	-0.006565726	0.1328079	0.4151893	0.998682
ENSMUSG00000057924	12.62482765	-0.002210374	0.0922493	0.7047568	0.998682
ENSMUSG00000020609	5.64124226	-0.0005220127	0.09720318	0.9356017	0.998682
ENSMUSG00000085788	11.60154906	-0.005160032	0.11949726	0.4805405	0.998682
ENSMUSG00000087481	10.91294828	0.04769803	0.36266298	0.05478682	0.9037862
ENSMUSG00000074345	32.19030423	0.002283786	0.04456701	0.4305922	0.998682
ENSMUSG00000084897	18.68141006	0.004511887	0.10375885	0.4638516	0.998682
ENSMUSG00000091570	14.17415622	-0.00821198	0.13084356	0.2697251	0.998682
ENSMUSG00000106490	93.39452024	-0.008638554	0.13936859	0.2830632	0.998682
ENSMUSG00000081798	15.18023837	-0.01113309	0.15972566	0.2282863	0.998682
ENSMUSG00000070687	11.02430507	0.003285048	0.07299964	0.4301506	0.998682
ENSMUSG00000085110	15.40876862	-0.004572107	0.11015299	0.4938462	0.998682
ENSMUSG00000021719	494.06187629	0.0003641554	0.0350543	0.8890955	0.998682
ENSMUSG00000054622	11.20568882	-0.003397552	0.09308795	0.5442849	0.998682
ENSMUSG00000102243	13.54587634	-0.001706582	0.08515627	0.7507769	0.998682
ENSMUSG00000091530	4.69820426	-0.004021963	0.11073991	0.5600402	0.998682
ENSMUSG00000105906	64.40264338	0.04052862	0.35277165	0.08411978	0.9700398
ENSMUSG00000024521	38.55054046	-0.003974573	0.09309104	0.4656687	0.998682
ENSMUSG00000025473	77.52790686	-0.0198513	0.20555931	0.1022754	0.9700398
ENSMUSG00000092448	4.7470288	-0.004657417	0.10009379	0.4235897	0.998682
ENSMUSG00000033730	59.84702608	0.001027554	0.04793423	0.7277672	0.998682
ENSMUSG00000029752	141.07254847	-0.001536927	0.04251748	0.5776204	0.998682
ENSMUSG00000104540	17.69970378	-0.02385663	0.24625083	0.1133875	0.998682
ENSMUSG00000101304	5.96587074	-0.0006936629	0.09537258	0.9123887	0.998682
ENSMUSG00000055456	4.74981094	0.007481618	0.13937435	0.3711357	0.998682
ENSMUSG00000033847	16.92262494	0.01431371	0.16147474	0.1181485	0.998682
ENSMUSG00000056888	48.81186426	-3.94721e-05	0.07800066	0.9936901	0.998682
ENSMUSG00000068154	48.2212981	0.0009183476	0.04956568	0.7625596	0.998682
ENSMUSG00000038152	10.09442423	-0.001999216	0.08311456	0.6983311	0.998682
ENSMUSG00000031257	12.88794454	0.005040874	0.10569329	0.4137793	0.998682
ENSMUSG00000078502	39.73184236	-0.001712591	0.08024249	0.7316586	0.998682
ENSMUSG00000046442	676.16292459	0.000172217	0.03708394	0.9466181	0.998682
ENSMUSG00000021701	353.96670855	2.210443e-05	0.03605888	0.9931509	0.998682
ENSMUSG00000081978	17.98612222	-0.01408214	0.17625825	0.1664202	0.998682
ENSMUSG00000093540	35.84777432	-0.01236082	0.16232707	0.1827611	0.998682
ENSMUSG00000036151	8.03350935	-0.0103797	0.15989362	0.2700778	0.998682
