"Feature","HMDB","KEGG.ID","KEGGCompound","Pathway"
"valine-d8",NA,NA,NA,NA
"hippuric acid-d5",NA,NA,NA,NA
"2/3-phosphoglycerate","HMDB0060180","C00197","3-Phospho-D-glycerate","Glycolysis / Gluconeogenesis"
"2-aminoadipic acid","HMDB0302754",NA,NA,"Not assigned"
"2-hydroxyglutarate","HMDB0059655","C02630","2-Hydroxyglutarate","Citrate cycle (TCA cycle)"
"2-ketoglutarate","HMDB0000208","C00026","2-Oxoglutarate","Citrate cycle (TCA cycle)"
"4-guanidinobutanoate","HMDB0003464","C01035","4-Guanidinobutanoate","Arginine and proline metabolism"
"4-hydroxyphenyllactate","HMDB0000755","C03672","3-(4-Hydroxyphenyl)lactate","Not assigned"
"5-aminolevulinic acid","HMDB0001149","C00430","5-Aminolevulinate","Not assigned"
"5-aminovaleric acid*",NA,NA,NA,"Not assigned"
"5-methylthioadenosine (MTA)","HMDB0001173","C00170","5'-Methylthioadenosine","Cysteine and methionine metabolism"
"6-phosphogluconate","HMDB0001316","C00345","6-Phospho-D-gluconate","Pentose phosphate pathway"
"acetylcarnitine","HMDB0000201","C02571","O-Acetylcarnitine","Fatty acyl carnitines"
"acetylcholine","HMDB0000895","C01996","Acetylcholine","Glycerophospholipid metabolism"
"acetyl-CoA","HMDB0001206","C00024","Acetyl-CoA","Citrate cycle (TCA cycle)"
"adenosine","HMDB0000050","C00212","Adenosine","Purine metabolism"
"ADP","HMDB0001341","C00008","ADP","Purine metabolism"
"ADP-ribose","HMDB0001178","C00301","ADP-ribose","Purine metabolism"
"AICAR","HMDB0001517","C04677","1-(5'-Phosphoribosyl)-5-amino-4-imidazolecarboxamide","Purine metabolism"
"alanine","HMDB0000161","C00041","L-Alanine","Amino acid metabolism"
"AMP","HMDB0000045","C00020","AMP","Purine metabolism"
"arginine","HMDB0000517","C00062","L-Arginine","Amino acid metabolism"
"argininosuccinate","HMDB0000052","C03406","N-(L-Arginino)succinate","Alanine, aspartate and glutamate metabolism"
"asparagine","HMDB0000168","C00152","L-Asparagine","Amino acid metabolism"
"aspartate","HMDB0000191","C00049","L-Aspartate","Amino acid metabolism"
"ATP","HMDB0000538","C00002","ATP","Purine metabolism"
"beta-alanine","HMDB0000056","C00099","beta-Alanine","Pyrimidine metabolism"
"beta-citrylglutamic acid","HMDB0013220",NA,NA,"Not assigned"
"betaine","HMDB0000043","C00719","Betaine","Not assigned"
"butyrylcarnitine C4","HMDB0002013","C02862",NA,"Fatty acyl carnitines"
"cAMP","HMDB0000058","C00575","Cyclic AMP","Purine metabolism"
"carnitinamide",NA,"C02290","L-Carnitinamide","Not assigned"
"carnitine",NA,"C00487","Carnitine","Fatty acyl carnitines"
"carnosine","HMDB0000033","C00386","Carnosine","Not assigned"
"CDP","HMDB0001546","C00112","CDP","Pyrimidine metabolism"
"CDP-ethanolamine","HMDB0001564","C00570","CDP-ethanolamine","Glycerophospholipid metabolism"
"choline","HMDB0000097","C00114","Choline","Glycerophospholipid metabolism"
"aconitate","HMDB0000072","C00417","cis-Aconitate","Citrate cycle (TCA cycle)"
"citicoline","HMDB0001413","C00307","CDP-choline","Glycerophospholipid metabolism"
"citrate","HMDB0000094","C00158","Citrate","Citrate cycle (TCA cycle)"
"citrulline","HMDB0000904","C00327","L-Citrulline","Arginine and proline metabolism"
"CMP","HMDB0000095","C00055","CMP","Pyrimidine metabolism"
"CMP-2-aminoethylphosphonate","HMDB0060067","C05673","CMP-2-aminoethylphosphonate","Not assigned"
"CMP-acetylneuraminic acid","HMDB0001176","C00128","CMP-N-acetylneuraminate","Not assigned"
"creatine","HMDB0000064","C00300","Creatine","Arginine and proline metabolism"
"creatinine","HMDB0000562","C00791","Creatinine","Arginine and proline metabolism"
"CTP","HMDB0000082","C00063","CTP","Pyrimidine metabolism"
"cyclic ADP-ribose","HMDB0249529","C13050","Cyclic ADP-ribose","Purine metabolism"
"cystathionine","HMDB0000099","C02291","L-Cystathionine","Cysteine and methionine metabolism"
"cysteic acid","HMDB0002757","C00506","L-Cysteate","Cysteine and methionine metabolism"
"cysteinylglycine","HMDB0000078","C01419","Cys-Gly","Glutathione metabolism"
"cytidine","HMDB0000089","C00475","Cytidine","Pyrimidine metabolism"
"cytosine","HMDB0000630","C00380","Cytosine","Pyrimidine metabolism"
"dATP","HMDB0001532","C00131","dATP","Purine metabolism"
"dCTP","HMDB0000998","C00458","dCTP","Pyrimidine metabolism"
"deoxyadenosine","HMDB0000101","C00559","Deoxyadenosine","Purine metabolism"
"deoxycytidine","HMDB0000014","C00881","Deoxycytidine","Pyrimidine metabolism"
"deoxyribose 5-phosphate","HMDB0001031","C00673","2-Deoxy-D-ribose 5-phosphate","Pentose phosphate pathway"
"dihydroorotate","HMDB0003349","C00337","(S)-Dihydroorotate","Pyrimidine metabolism"
"dihydroxyacetone phosphate","HMDB0001473","C00111","Glycerone phosphate","Glycolysis / Gluconeogenesis"
"dimethylarginine (ADMA+SDMA)",NA,NA,NA,"Not assigned"
"dTTP","HMDB0001342","C00459","dTTP","Pyrimidine metabolism"
"FAD","HMDB0001248","C00016","FAD","Vitamin digestion and absorption"
"FAICAR","HMDB0001439","C04734","FAICAR","Purine metabolism"
"fructose","HMDB0000660","C02336","beta-D-Fructose","Not assigned"
"fructose 1,6-bisphosphate","HMDB0001058","C00354","D-Fructose 1,6-bisphosphate","Glycolysis / Gluconeogenesis"
"fructose 6-Phosphate","HMDB0000124","C00085","D-Fructose 6-phosphate","Not assigned"
"fumarate","HMDB0000134","C00122","Fumarate","Citrate cycle (TCA cycle)"
"GDP","HMDB0001201","C00035","GDP","Purine metabolism"
"GDP-hexose",NA,NA,NA,"Purine metabolism"
"gluconate","HMDB0000625","C00257","D-Gluconic acid","Pentose phosphate pathway"
"glucose","HMDB0003345","C00267","alpha-D-Glucose","Glycolysis / Gluconeogenesis"
"glucose 1-phosphate","HMDB0001586","C00103","D-Glucose 1-phosphate","Glycolysis / Gluconeogenesis"
"glucose 6-phosphate","HMDB0001401","C00092","D-Glucose 6-phosphate","Glycolysis / Gluconeogenesis"
"glucuronic acid","HMDB0000127","C00191","D-Glucuronate","Not assigned"
"glutamate","HMDB0000148","C00025","L-Glutamate","Amino acid metabolism"
"glutamine","HMDB0000641","C00064","L-Glutamine","Amino acid metabolism"
"glutamylcysteine","HMDB0001049","C00669","gamma-L-Glutamyl-L-cysteine","Glutathione metabolism"
"glutamylglutamate","HMDB0028818","C01425","Glutamyl-glutamic acid","Amino acid metabolism"
"glutamyllysine","HMDB0004207",NA,NA,"Amino acid metabolism"
"glutamylthreonine","HMDB0028829",NA,NA,"Not assigned"
"glutathione","HMDB0000125","C00051","Glutathione","Glutathione metabolism"
"glutathione oxidized","HMDB0003337","C00127","Glutathione disulfide","Glutathione metabolism"
"glyceraldehyde 3-phosphate","HMDB0001112","C00118","D-Glyceraldehyde<a0>3-phosphate","Glycolysis / Gluconeogenesis"
"glycerol 3-phosphate","HMDB0000126","C00093","sn-Glycerol 3-phosphate","Glycerophospholipid metabolism"
"glycerophosphocholine","HMDB0000086","C00670","sn-Glycero-3-phosphocholine","Glycerophospholipid metabolism"
"glycerophosphoethanolamine","HMDB0000114","C01233","sn-Glycero-3-phosphoethanolamine","Glycerophospholipid metabolism"
"glycerophosphoinositol","HMDB0011649","C01225","sn-Glycero-3-phospho-1-inositol","Not assigned"
"glycine","HMDB0000123","C00037","Glycine","Amino acid metabolism"
"Gly-Gly","HMDB0011733","C02037","N-Glycylglycine","Amino acid metabolism"
"GMP","HMDB0001397","C00144","GMP","Purine metabolism"
"GTP","HMDB0001273","C00044","GTP","Purine metabolism"
"guanosine","HMDB0000133","C00387","Guanosine","Purine metabolism"
"hexanoylcarnitine C6","HMDB0000756",NA,NA,"Fatty acyl carnitines"
"hexenoylcarnitine C6:1",NA,NA,NA,"Fatty acyl carnitines"
"hexosamine phosphate",NA,NA,NA,"Not assigned"
"histidine","HMDB0000177","C00135","L-Histidine","Amino acid metabolism"
"homoarginine","HMDB0000670","C01924","L-Homoarginine","Arginine and proline metabolism"
"hypotaurine","HMDB0000965","C00519","Hypotaurine","Not assigned"
"hypoxanthine","HMDB0000157","C00262","Hypoxanthine","Purine metabolism"
"IMP","HMDB0000175","C00130","IMP","Purine metabolism"
"indole","HMDB0000738","C00463","Indole","Not assigned"
"indole-3-lactate","HMDB0000671","C02043","Indolelactate","Not assigned"
"inosine","HMDB0000195","C00294","Inosine","Purine metabolism"
"isoleucine","HMDB0000172","C00407","L-Isoleucine","Valine, leucine and isoleucine biosynthesis"
"isovalerylcarnitine","HMDB0000688","C20826","Isovalerylcarnitine","Fatty acyl carnitines"
"KMV",NA,NA,NA,"Valine, leucine and isoleucine biosynthesis"
"lactate","HMDB0000190","C00186","(S)-Lactate","Glycolysis / Gluconeogenesis"
"leucine","HMDB0000687","C00123","L-Leucine","Valine, leucine and isoleucine biosynthesis"
"lysine","HMDB0000182","C00047","L-Lysine","Amino acid metabolism"
"malate","HMDB0000156","C00149","(S)-Malate","Citrate cycle (TCA cycle)"
"malonate","HMDB0000691","C00383","Malonate","Pyrimidine metabolism"
"malonylcarnitine C3-DC","HMDB0002095",NA,NA,"Fatty acyl carnitines"
"mesaconate","HMDB0000749","C01732","Mesaconate","Citrate cycle (TCA cycle)"
"methionine","HMDB0000696","C00073","L-Methionine","Amino acid metabolism"
"methionine sulfoxide","HMDB0002005","C02989","L-Methionine<a0>S-oxide","Cysteine and methionine metabolism"
"methylhistidine","HMDB0000001","C01152","N(pi)-Methyl-L-histidine","Amino acid metabolism"
"methylindole","HMDB0000466","C08313","Skatole","Not assigned"
"methylmalonylcarnitine C3-DC-M/succinylcarnitine C4-DC",NA,NA,NA,"Fatty acyl carnitines"
"mevalonic acid 5-pyrophosphate",NA,NA,NA,"Not assigned"
"myo-inositol","HMDB0000211","C00137","myo-Inositol","Not assigned"
"N-acetylalanine","HMDB0000766",NA,NA,"Amino acid metabolism"
"N-acetylarginine","HMDB0004620",NA,NA,"Amino acid metabolism"
"N-acetylaspartate","HMDB0000812","C01042","N-Acetyl-L-aspartate","Alanine, aspartate and glutamate metabolism"
"N-acetylaspartylglutamate","HMDB0001067","C12270","N-Acetylaspartylglutamate","Alanine, aspartate and glutamate metabolism"
"N-acetylglutamate","HMDB0001138","C00624","N-Acetyl-L-glutamate","Amino acid metabolism"
"N-acetylglutamine","HMDB0006029",NA,NA,"Amino acid metabolism"
"N-acetylhexosamine phosphate",NA,NA,NA,"Not assigned"
"N-acetylhistidine","HMDB0032055","C02997","N-Acetyl-L-histidine","Amino acid metabolism"
"N-acetylmethionine","HMDB0011745","C02712","N-Acetylmethionine","Amino acid metabolism"
"N-acetylneuramic acid","HMDB0000230","C19910","N-Acetyl-beta-neuraminate","Not assigned"
"N-acetylornithine",NA,NA,NA,"Amino acid metabolism"
"N-acetylserine","HMDB0002931",NA,NA,"Amino acid metabolism"
"NAD","HMDB0000902","C00003","NAD+","Oxidative phosphorylation"
"NADH","HMDB0001487","C00004","NADH","Oxidative phosphorylation"
"NADP","HMDB0304435","C00006","NADP+","Glutathione metabolism"
"NADPH","HMDB0000221","C00005","NADPH","Glutathione metabolism"
"N-carbamoylaspartate","HMDB0000828","C00438","N-Carbamoyl-L-aspartate","Pyrimidine metabolism"
"ophthalmate","HMDB0005765","C21016","Ophthalmate","Cysteine and methionine metabolism"
"ornithine","HMDB0000214","C00077","L-Ornithine","Amino acid metabolism"
"orotate","HMDB0000226","C00295","Orotate","Pyrimidine metabolism"
"orotidine","HMDB0000218","C01103","Orotidine 5'-phosphate","Pyrimidine metabolism"
"pantothenate","HMDB0000210","C00864","Pantothenate","Vitamin digestion and absorption"
"pentose phosphates",NA,NA,NA,"Not assigned"
"phenylalanine","HMDB0000159","C00079","L-Phenylalanine","Amino acid metabolism"
"phosphocreatine","HMDB0001511","C02305","Phosphocreatine","Arginine and proline metabolism"
"phosphoenolpyruvate","HMDB0000263","C00074","Phosphoenolpyruvate","Citrate cycle (TCA cycle)"
"phosphoethanolamine","HMDB0000224","C00346","Ethanolamine phosphate","Glycerophospholipid metabolism"
"phosphorylcholine","HMDB0001565","C00588","Choline phosphate","Glycerophospholipid metabolism"
"proline","HMDB0000162","C00148","L-Proline","Amino acid metabolism"
"propionylcarnitine","HMDB0000824","C03017","O-Propanoylcarnitine","Fatty acyl carnitines"
"pyroglutamic acid","HMDB0000267","C01879","Pyroglutamic acid","Glutathione metabolism"
"pyruvate","HMDB0000243","C00022","Pyruvate","Glycolysis / Gluconeogenesis"
"S-(2-succinyl)cysteine",NA,NA,NA,"Not assigned"
"S-adenosylhomocysteine","HMDB0000939","C00021","S-Adenosyl-L-homocysteine","Cysteine and methionine metabolism"
"S-adenosylmethionine","HMDB0001185","C00019","S-Adenosyl-L-methionine","Cysteine and methionine metabolism"
"SAICAR","HMDB0000797","C04823","1-(5'-Phosphoribosyl)-5-amino-4-(N-succinocarboxamide)-imidazole","Purine metabolism"
"sedoheptulose 7-phosphate","HMDB0258206","C05382","Sedoheptulose 7-phosphate","Pentose phosphate pathway"
"serine","HMDB0000187","C00065","L-Serine","Amino acid metabolism"
"S-lactoylglutathione","HMDB0001066","C03451","(R)-S-Lactoylglutathione","Glutathione metabolism"
"stearoylcarnitine C18","HMDB0000848",NA,NA,"Fatty acyl carnitines"
"succinate","HMDB0000254","C00042","Succinate","Citrate cycle (TCA cycle)"
"succinylglutathione",NA,"C03174","S-Succinylglutathione","Glutathione metabolism"
"taurine","HMDB0000251","C00245","Taurine","Not assigned"
"tetradecanoylcarnitine C14","HMDB0005066",NA,NA,"Not assigned"
"tetradecenoylcarnitine C14:1",NA,NA,NA,"Fatty acyl carnitines"
"thiamine","HMDB0000235","C00378","Thiamine","Vitamin digestion and absorption"
"threonine","HMDB0000167","C00188","L-Threonine","Amino acid metabolism"
"trans-4-hydroxyproline","HMDB0000725","C01157","Hydroxyproline","Amino acid metabolism"
"trimethyllysine","HMDB0001325","C03793","N6,N6,N6-Trimethyl-L-lysine","Amino acid metabolism"
"tryptophan","HMDB0000929","C00078","L-Tryptophan","Amino acid metabolism"
"tyrosine","HMDB0000158","C00082","L-Tyrosine","Amino acid metabolism"
"UDP","HMDB0000295","C00015","UDP","Pyrimidine metabolism"
"UDP-GlcNac",NA,NA,NA,"Not assigned"
"UDP-hexose",NA,NA,NA,"Not assigned"
"UMP","HMDB0000288","C00105","UMP","Pyrimidine metabolism"
"uric acid","HMDB0000289","C00366","Urate","Purine metabolism"
"uridine","HMDB0000296","C00299","Uridine","Pyrimidine metabolism"
"UTP","HMDB0000285","C00075","UTP","Pyrimidine metabolism"
"valine","HMDB0000883","C00183","L-Valine","Valine, leucine and isoleucine biosynthesis"
"Val-Lys","HMDB0029132",NA,NA,"Amino acid metabolism"
"xanthine","HMDB0000292","C00385","Xanthine","Purine metabolism"
