PSMId	score	q-value	posterior_error_prob	peptide	proteinIds
tmt_erwinia_subset.4112.4112.2_1	4.08991	0.142857	0.000985224	R.VGFFNPIATGQAEALR2.L	ECA3359;
tmt_erwinia_subset.4453.4453.3_1	0.708979	0.142857	0.120298	K.RRILINEEQGLDGNLR3.H	ECA3164;
tmt_erwinia_subset.4499.4499.2_1	0.600262	0.142857	0.140341	-.LRSSMKFLDIGDVSEK2.S	ECA1575;
tmt_erwinia_subset.4065.4065.3_1	0.431193	0.142857	0.178266	R.RDALREM[15.9949]ADITAAGR3.I	ECA3935;
tmt_erwinia_subset.4251.4251.2_1	0	0.142857	0.324705	K.LESLVEELVNR2.S	ECA3882;
tmt_erwinia_subset.4203.4203.2_1	0	0.142857	0.324705	R.EMVYNRLVRR2.L	ECA1692;
tmt_erwinia_subset.4200.4200.3_1	-0.0453898	0.142857	0.345292	-.MKFKLLALAVTSLISVNAM[15.9949]AVTIDYR3.H	ECA2407;
tmt_erwinia_subset.4352.4352.2_1	-0.154128	0.272727	0.399233	R.TRRTPLQQTLSASAR2.R	ECA4133;
tmt_erwinia_subset.4032.4032.2_1	-0.193682	0.272727	0.420516	R.LGC[57.0215]DYLLLTVLLGAR2.K	ECA1054;
tmt_erwinia_subset.4207.4207.2_1	-0.294117	0.272727	0.47878	R.GTWHAADKLDVIVGLR2.Q	ECA4302;
tmt_erwinia_subset.4459.4459.3_1	-0.392034	0.272727	0.541635	-.n[42.0106]MSRVLLLGATGLVGHELLELLKANNR3.V	ECA0373;
tmt_erwinia_subset.4249.4249.2_1	-0.484599	0.375	0.606619	K.LSLTDAGEKTLVR2.C	ECA3654;
tmt_erwinia_subset.4213.4213.2_1	-0.507582	0.375	0.623588	R.LLRLMGELEGR2.I	ECA3890;
tmt_erwinia_subset.4412.4412.4_1	-0.548362	0.375	0.654515	K.RM[15.9949]LINATQQEELRVALVDGQR4.L	ECA1789;
tmt_erwinia_subset.4437.4437.3_1	-0.580941	0.375	0.679974	K.PLTSAQTSVM[15.9949]KLADALNM[15.9949]KAAGER3.H	ECA3311;
tmt_erwinia_subset.4012.4012.2_1	-0.587238	0.375	0.684971	R.KALRLM[15.9949]EMADR2.F	ECA1047;
tmt_erwinia_subset.4097.4097.5_1	-0.631316	0.411765	0.720638	R.YELPSIGALNFVM[15.9949]YGALGGGVTRSLALDM[15.9949]HGK5.G	ECA1285;
tmt_erwinia_subset.4288.4288.2_1	-0.68519	0.444444	0.765808	R.NPDITLERRNLVLR2.L	ECA3313;
tmt_erwinia_subset.4042.4042.2_1	-0.759511	0.5	0.830805	R.KMVRLLLR2.V	ECA2546;
tmt_erwinia_subset.4240.4240.2_1	-0.788894	0.5	0.85734	K.LSLTDAGEKTLVR2.C	ECA3654;
tmt_erwinia_subset.4030.4030.2_1	-0.79724	0.516129	0.864962	R.GAGIKVC[57.0215]SGGIVGLGETVRDR2.A	ECA2825;
tmt_erwinia_subset.4101.4101.3_1	-0.850852	0.516129	0.914797	R.QEVAAGRAIIPSNINHPESEPMIIGR3.N	ECA0232;
tmt_erwinia_subset.4370.4370.3_1	-0.869337	0.516129	0.932323	K.AAVRAAIKELHYSPSAVAR3.S	ECA1925;
tmt_erwinia_subset.4294.4294.3_1	-0.87784	0.516129	0.940444	R.IDM[15.9949]NLLLTLHALLTEKHVTR3.A	ECA3863;
tmt_erwinia_subset.4029.4029.3_1	-0.879685	0.516129	0.942211	R.AVVSGLTVMQGNTIVRDNAR3.L	ECA0931;
tmt_erwinia_subset.4293.4293.2_1	-0.879729	0.516129	0.942253	K.LDRELILEKVAAIR2.A	ECA0139;
tmt_erwinia_subset.4403.4403.2_1	-0.88886	0.516129	0.951024	K.TTANIAKERLQIIVAER2.R	ECA2370;
tmt_erwinia_subset.4374.4374.2_1	-0.890174	0.516129	0.95229	R.KGEILGVAGLM[15.9949]GAGR2.T	ECA0011;
tmt_erwinia_subset.4176.4176.2_1	-0.893861	0.516129	0.955846	R.RIIQVHVR2.I	ECA1316;
tmt_erwinia_subset.4368.4368.2_1	-0.90224	0.516129	0.963955	K.GGIFAFGLLC[57.0215]TAAGWLTARGER2.V	ECA2569;
tmt_erwinia_subset.4385.4385.2_1	-0.903078	0.516129	0.964767	K.AAVRAAIKELHYSPSAVAR2.S	ECA1925;
tmt_erwinia_subset.4086.4086.2_1	-0.927155	0.53125	0.988261	R.AQQAIRSFFNRLSR2.D	ECA0614;
tmt_erwinia_subset.4388.4388.3_1	-0.951176	0.583333	1	R.QAQQQALFDANSKASLAVLQSR3.R	ECA0802;
tmt_erwinia_subset.4318.4318.2_1	-0.971845	0.583333	1	R.HPPIM[15.9949]LLSALDRDVDR2.V	ECA0785;
tmt_erwinia_subset.4098.4098.2_1	-0.974574	0.583333	1	K.MQQIDILRKLSEVWR2.L	ECA1058;
tmt_erwinia_subset.4470.4470.4_1	-0.995587	0.583333	1	-.n[42.0106]MSRVLLLGATGLVGHELLELLKANNR4.V	ECA0373;
tmt_erwinia_subset.4143.4143.2_1	-1.0033	0.648649	1	R.VTAEDVIKPGTADILVPR2.N	ECA0224;
tmt_erwinia_subset.4339.4339.3_1	-1.04062	0.829268	1	R.GLMTLALFSSEAERVR3.Q	ECA4047;
tmt_erwinia_subset.4008.4008.3_1	-1.06738	0.829268	1	R.LDLRLYESLMGKGDLEAAK3.V	ECA0390;
tmt_erwinia_subset.4487.4487.4_1	-1.0891	0.829268	1	R.AQSILELGRQYNIALPASDLDALR4.P	ECA2266;
tmt_erwinia_subset.4397.4397.3_1	-1.08938	0.829268	1	R.ILALWILGLDALATASGNTRLLPR3.T	ECA0598;
tmt_erwinia_subset.4366.4366.2_1	-1.11379	0.857143	1	R.IVFRVRTLLISR2.F	ECA2027;
tmt_erwinia_subset.4120.4120.2_1	-1.16592	0.857143	1	R.QYAAQGKSLILVARR2.L	ECA2933;
tmt_erwinia_subset.4304.4304.2_1	-1.17379	0.857143	1	R.VQHELALSPQDIDVIR2.V	ECA2967;
tmt_erwinia_subset.4261.4261.2_1	-1.21252	0.857143	1	K.YVVLLSRVDVNAADVVR2.P	ECA3742;
tmt_erwinia_subset.4020.4020.3_1	-1.21598	0.857143	1	R.GVSHNLYQTDFIRPALSNRER3.T	ECA4326;
tmt_erwinia_subset.4018.4018.3_1	-1.33248	0.857143	1	M.NPYSLSVEALTHKARAIR3.R	ECA1950;
tmt_erwinia_subset.4322.4322.3_1	-1.34948	0.857143	1	R.HPPIM[15.9949]LLSALDRDVDR3.V	ECA0785;
tmt_erwinia_subset.4089.4089.3_1	-1.4194	0.857143	1	K.AVGLTAEHLLVADNDGKLYR3.A	ECA2113;
tmt_erwinia_subset.4396.4396.3_1	-1.47969	0.86	1	R.LQTQGKDIGQHLYLRR3.Y	ECA0457;
tmt_erwinia_subset.4383.4383.3_1	-1.84875	0.901961	1	R.LEVRDRSLASVISELR3.D	ECA1273;
tmt_erwinia_subset.4007.4007.4_1	-2.12305	0.903846	1	R.TC[57.0215]HAAIIARELGIPAVVGC[57.0215]GDATERLR4.K	ECA1853;
